Date,Russia,LNG,move_russia,move_eu,outcome,score_ru,score_eu,cum_ru,cum_eu,gdp_eu_30d,gdp_ru_30d,inf_eu_30d,inf_eu_7d,inf_ru_30d,coop_30d,dd_30d
2021-01-01,432.2,127.2,C,C,Cooperación Mutua,3.0,3.0,3.0,3.0,0.324,1.562,1.21,,5.049,100.0,0.0
2021-01-02,449.3,118.3,C,C,Cooperación Mutua,3.0,3.0,6.0,6.0,0.42200000000000004,1.6525,1.2145000000000001,0.006363961030678933,5.0535,100.0,0.0
2021-01-03,427.6,230.9,C,C,Cooperación Mutua,3.0,3.0,9.0,9.0,0.436,1.6310000000000002,1.219,0.008999999999999925,5.058,100.0,0.0
2021-01-04,448.1,287.6,C,C,Cooperación Mutua,3.0,3.0,12.0,12.0,0.5245,1.64575,1.2235,0.011618950038622232,5.0625,100.0,0.0
2021-01-05,446.0,227.2,C,C,Cooperación Mutua,3.0,3.0,15.0,15.0,0.6073999999999999,1.6506,1.2280000000000002,0.014230249470757694,5.067,100.0,0.0
2021-01-06,459.5,254.6,C,C,Cooperación Mutua,3.0,3.0,18.0,18.0,0.7011666666666666,1.6795,1.2326666666666666,0.017107503227141798,5.0715,100.0,0.0
2021-01-07,442.5,175.0,C,C,Cooperación Mutua,3.0,3.0,21.0,21.0,0.7817142857142857,1.7074285714285715,1.2372857142857143,0.019830231850336395,5.076,100.0,0.0
2021-01-08,415.9,146.3,C,C,Cooperación Mutua,3.0,3.0,24.0,24.0,0.866125,1.711375,1.241875,0.019906926289252162,5.0805,100.0,0.0
2021-01-09,380.7,186.1,C,C,Cooperación Mutua,3.0,3.0,27.0,27.0,0.9487777777777777,1.716222222222222,1.2464444444444445,0.019906926289252298,5.085,100.0,0.0
2021-01-10,343.8,176.4,D,C,Rusia defecta — precio alto,5.0,0.0,32.0,27.0,1.0349,1.7297,1.251,0.01983023185033675,5.0895,90.0,0.0
2021-01-11,280.0,191.1,D,C,Rusia defecta — precio alto,5.0,0.0,37.0,27.0,1.1121818181818182,1.7382727272727272,1.2555454545454545,0.019675946156230414,5.094,81.81818181818183,0.0
2021-01-12,396.7,245.7,C,C,Cooperación Mutua,3.0,3.0,40.0,30.0,1.1993333333333334,1.7509166666666667,1.2600833333333334,0.01944222209522428,5.0985000000000005,83.33333333333334,0.0
2021-02-01,430.5,143.2,C,C,Cooperación Mutua,3.0,3.0,43.0,33.0,1.2752307692307692,1.7621538461538462,1.2646153846153847,0.01944222209522445,5.103,84.61538461538461,0.0
2021-02-02,449.9,119.5,C,C,Cooperación Mutua,3.0,3.0,46.0,36.0,1.3572142857142857,1.7775,1.2691428571428571,0.01944222209522464,5.1075,85.71428571428571,0.0
2021-02-03,440.1,249.4,C,C,Cooperación Mutua,3.0,3.0,49.0,39.0,1.4382666666666666,1.7927333333333333,1.2737333333333334,0.019675946156231104,5.112066666666666,86.66666666666667,0.0
2021-02-04,447.5,286.6,C,C,Cooperación Mutua,3.0,3.0,52.0,42.0,1.5278125,1.8033125,1.2783125,0.019830231850337762,5.116625,87.5,0.0
2021-02-05,447.3,227.6,C,C,Cooperación Mutua,3.0,3.0,55.0,45.0,1.603764705882353,1.8121176470588236,1.2828823529411766,0.019906926289253637,5.121176470588235,88.23529411764706,0.0
2021-02-06,451.1,252.0,C,C,Cooperación Mutua,3.0,3.0,58.0,48.0,1.6851666666666665,1.8298888888888891,1.2874444444444444,0.01990692628925383,5.1257222222222225,88.88888888888889,0.0
2021-02-07,441.0,178.3,C,C,Cooperación Mutua,3.0,3.0,61.0,51.0,1.7633684210526315,1.8387368421052632,1.292,0.0198302318503384,5.130263157894737,89.47368421052632,0.0
2021-02-08,402.5,162.7,C,C,Cooperación Mutua,3.0,3.0,64.0,54.0,1.8389,1.85385,1.29655,0.019675946156232135,5.1348,90.0,0.0
2021-02-09,385.4,184.5,C,C,Cooperación Mutua,3.0,3.0,67.0,57.0,1.920809523809524,1.8681904761904762,1.301095238095238,0.019442222095226076,5.139333333333333,90.47619047619048,0.0
2021-02-10,339.9,143.6,C,C,Cooperación Mutua,3.0,3.0,70.0,60.0,1.9974545454545456,1.8811818181818183,1.3056363636363637,0.019442222095226325,5.143863636363637,90.9090909090909,0.0
2021-02-11,286.8,226.2,D,C,Rusia defecta — precio alto,5.0,0.0,75.0,60.0,2.077086956521739,1.894,1.3101739130434782,0.019442222095226492,5.148391304347826,86.95652173913044,0.0
2021-02-12,400.1,243.7,C,C,Cooperación Mutua,3.0,3.0,78.0,63.0,2.159291666666667,1.90675,1.3147499999999999,0.019675946156232988,5.152916666666667,87.5,0.0
2021-03-01,436.5,145.7,C,C,Cooperación Mutua,3.0,3.0,81.0,66.0,2.2406800000000002,1.9188800000000001,1.3193199999999998,0.019830231850339747,5.15744,88.0,0.0
2021-03-02,452.8,114.7,C,C,Cooperación Mutua,3.0,3.0,84.0,69.0,2.3207692307692307,1.9327692307692308,1.3238846153846153,0.01990692628925567,5.161961538461539,88.46153846153845,0.0
2021-03-03,443.7,229.6,C,C,Cooperación Mutua,3.0,3.0,87.0,72.0,2.395666666666667,1.9436296296296296,1.3284444444444445,0.01990692628925597,5.1664814814814815,88.88888888888889,0.0
2021-03-04,445.3,274.5,C,C,Cooperación Mutua,3.0,3.0,90.0,75.0,2.47375,1.953642857142857,1.333,0.019830231850340548,5.171,89.28571428571429,0.0
2021-03-05,449.2,237.7,C,C,Cooperación Mutua,3.0,3.0,93.0,78.0,2.5525172413793102,1.969689655172414,1.337551724137931,0.01967594615623441,5.175551724137931,89.65517241379311,0.0
2021-03-06,452.9,266.0,C,C,Cooperación Mutua,3.0,3.0,96.0,81.0,2.6298000000000004,1.9840000000000002,1.3420999999999998,0.019442222095228407,5.1800999999999995,90.0,0.0
2021-03-07,440.0,165.6,C,C,Cooperación Mutua,3.0,3.0,99.0,84.0,2.7845,2.0092000000000003,1.3512,0.0194422220952286,5.189166666666666,90.0,0.0
2021-03-08,398.5,175.6,C,C,Cooperación Mutua,3.0,3.0,102.0,87.0,2.942933333333334,2.031633333333333,1.3602999999999998,0.019442222095228768,5.1982333333333335,90.0,0.0
2021-03-09,381.8,176.1,C,C,Cooperación Mutua,3.0,3.0,105.0,90.0,3.110033333333333,2.0605333333333333,1.3694333333333335,0.01967594615623518,5.2073,90.0,0.0
2021-03-10,338.0,140.3,C,C,Cooperación Mutua,3.0,3.0,108.0,93.0,3.2687666666666666,2.083466666666667,1.3785666666666667,0.019830231850341863,5.2163666666666675,90.0,0.0
2021-03-11,313.5,231.3,D,C,Rusia defecta — precio alto,5.0,0.0,113.0,93.0,3.4311,2.1086,1.3877,0.019906926289257724,5.225433333333333,86.66666666666667,0.0
2021-03-12,400.5,262.5,C,C,Cooperación Mutua,3.0,3.0,116.0,96.0,3.585366666666667,2.1268333333333334,1.3967999999999998,0.01990692628925797,5.2345,86.66666666666667,0.0
2021-04-01,434.0,161.8,C,C,Cooperación Mutua,3.0,3.0,119.0,99.0,3.7427333333333337,2.1485,1.4059,0.019830231850342557,5.243566666666666,86.66666666666667,0.0
2021-04-02,457.9,118.5,C,C,Cooperación Mutua,3.0,3.0,122.0,102.0,3.9018666666666664,2.176,1.4149999999999998,0.01967594615623638,5.252633333333334,86.66666666666667,0.0
2021-04-03,446.8,233.5,C,C,Cooperación Mutua,3.0,3.0,125.0,105.0,4.059733333333333,2.2023333333333337,1.4241000000000001,0.019442222095230482,5.261700000000001,86.66666666666667,0.0
2021-04-04,444.1,283.9,C,C,Cooperación Mutua,3.0,3.0,128.0,108.0,4.2190666666666665,2.224966666666667,1.4332,0.01944222209523073,5.270766666666666,90.0,0.0
2021-04-05,447.8,245.3,C,C,Cooperación Mutua,3.0,3.0,131.0,111.0,4.3808,2.248366666666667,1.4423,0.019442222095230922,5.279833333333333,93.33333333333333,0.0
2021-04-06,450.6,261.3,C,C,Cooperación Mutua,3.0,3.0,134.0,114.0,4.536566666666666,2.271066666666667,1.4514333333333334,0.019675946156237314,5.2889,93.33333333333333,0.0
2021-04-07,439.8,168.6,C,C,Cooperación Mutua,3.0,3.0,137.0,117.0,4.694500000000001,2.2966333333333333,1.4605666666666666,0.019830231850343924,5.2979666666666665,93.33333333333333,0.0
2021-04-08,395.7,168.1,C,C,Cooperación Mutua,3.0,3.0,140.0,120.0,4.8518,2.319066666666666,1.4697,0.019906926289259774,5.3070666666666675,93.33333333333333,0.0
2021-04-09,381.6,158.3,C,C,Cooperación Mutua,3.0,3.0,143.0,123.0,5.011966666666667,2.3424666666666667,1.4788,0.01990692628925997,5.316133333333332,93.33333333333333,0.0
2021-04-10,353.8,145.9,C,C,Cooperación Mutua,3.0,3.0,146.0,126.0,5.168033333333333,2.3666333333333336,1.4879,0.019830231850344562,5.3252,93.33333333333333,0.0
2021-04-11,343.7,233.4,C,C,Cooperación Mutua,3.0,3.0,149.0,129.0,5.328266666666667,2.391966666666667,1.497,0.01967594615623834,5.334266666666666,93.33333333333333,0.0
2021-04-12,398.5,200.8,C,C,Cooperación Mutua,3.0,3.0,152.0,132.0,5.4821333333333335,2.4084333333333334,1.5061,0.01944222209523236,5.343333333333333,93.33333333333333,0.0
2021-05-01,437.2,161.4,C,C,Cooperación Mutua,3.0,3.0,155.0,135.0,5.6389000000000005,2.4313333333333333,1.5151999999999999,0.01944222209523261,5.3524,93.33333333333333,0.0
2021-05-02,458.7,127.0,C,C,Cooperación Mutua,3.0,3.0,158.0,138.0,5.8021666666666665,2.4505333333333335,1.5243,0.019442222095232775,5.361466666666667,93.33333333333333,0.0
2021-05-03,449.0,239.0,C,C,Cooperación Mutua,3.0,3.0,161.0,141.0,5.9592,2.4759,1.5334333333333334,0.0196759461562392,5.370533333333333,93.33333333333333,0.0
2021-05-04,447.3,297.1,C,C,Cooperación Mutua,3.0,3.0,164.0,144.0,6.12,2.500566666666667,1.5425666666666666,0.019830231850345905,5.3796,93.33333333333333,0.0
2021-05-05,452.8,232.9,C,C,Cooperación Mutua,3.0,3.0,167.0,147.0,6.2772,2.5227999999999997,1.5517,0.019906926289261804,5.3886666666666665,96.66666666666667,0.0
2021-05-06,442.9,217.8,C,C,Cooperación Mutua,3.0,3.0,170.0,150.0,6.432333333333333,2.544633333333333,1.5608,0.019906926289262106,5.397733333333334,96.66666666666667,0.0
2021-05-07,435.7,198.8,C,C,Cooperación Mutua,3.0,3.0,173.0,153.0,6.592766666666666,2.5632333333333337,1.5699,0.01983023185034671,5.4068000000000005,96.66666666666667,0.0
2021-05-08,382.8,160.8,C,C,Cooperación Mutua,3.0,3.0,176.0,156.0,6.753166666666667,2.5855,1.579,0.01967594615624062,5.415866666666667,96.66666666666667,0.0
2021-05-09,397.5,149.7,C,C,Cooperación Mutua,3.0,3.0,179.0,159.0,6.915466666666666,2.605833333333334,1.5881,0.01944222209523469,5.424933333333333,96.66666666666667,0.0
2021-05-10,360.0,172.1,C,C,Cooperación Mutua,3.0,3.0,182.0,162.0,7.076933333333333,2.6295,1.5972000000000002,0.01944222209523488,5.434033333333333,96.66666666666667,0.0
2021-05-11,341.8,230.6,C,C,Cooperación Mutua,3.0,3.0,185.0,165.0,7.2383,2.6489,1.6063,0.01944222209523505,5.4431,96.66666666666667,0.0
2021-05-12,399.2,192.5,C,C,Cooperación Mutua,3.0,3.0,188.0,168.0,7.404866666666667,2.669033333333333,1.6154333333333333,0.01967594615624139,5.452166666666667,96.66666666666667,0.0
2021-06-01,435.1,155.7,C,C,Cooperación Mutua,3.0,3.0,191.0,171.0,7.566633333333333,2.693766666666667,1.6245666666666665,0.019830231850348025,5.461233333333334,96.66666666666667,0.0
2021-06-02,459.7,118.8,C,C,Cooperación Mutua,3.0,3.0,194.0,174.0,7.7268,2.7191666666666663,1.6337000000000002,0.01990692628926386,5.4703,96.66666666666667,0.0
2021-06-03,448.5,236.4,C,C,Cooperación Mutua,3.0,3.0,197.0,177.0,7.887133333333334,2.7413666666666665,1.6428,0.019906926289264108,5.4793666666666665,96.66666666666667,0.0
2021-06-04,449.5,301.3,C,C,Cooperación Mutua,3.0,3.0,200.0,180.0,8.051966666666667,2.7628,1.6519000000000001,0.01983023185034872,5.488433333333333,96.66666666666667,0.0
2021-06-05,459.4,239.1,C,C,Cooperación Mutua,3.0,3.0,203.0,183.0,8.207966666666666,2.7841666666666667,1.661,0.019675946156242588,5.4975,100.0,0.0
2021-06-06,441.2,224.3,C,C,Cooperación Mutua,3.0,3.0,206.0,186.0,8.370333333333333,2.806866666666666,1.6701000000000001,0.019442222095236765,5.506566666666667,100.0,0.0
2021-06-07,351.7,181.0,C,C,Cooperación Mutua,3.0,3.0,209.0,189.0,8.5345,2.8283,1.6792,0.01944222209523701,5.515633333333333,100.0,0.0
2021-06-08,389.3,161.0,C,C,Cooperación Mutua,3.0,3.0,212.0,192.0,8.6902,2.8470999999999997,1.6883000000000001,0.019442222095237206,5.524699999999999,100.0,0.0
2021-06-09,361.7,179.9,C,C,Cooperación Mutua,3.0,3.0,215.0,195.0,8.852166666666667,2.8722333333333334,1.6974333333333331,0.01967594615624352,5.533766666666666,100.0,0.0
2021-06-10,380.7,179.1,C,C,Cooperación Mutua,3.0,3.0,218.0,198.0,9.015833333333335,2.9042,1.7065666666666668,0.019830231850350086,5.542833333333333,100.0,0.0
2021-06-11,330.4,228.2,D,C,Rusia defecta — precio alto,5.0,0.0,223.0,198.0,9.1757,2.9266666666666667,1.7157000000000002,0.01990692628926591,5.5519,96.66666666666667,0.0
2021-06-12,403.0,240.9,C,C,Cooperación Mutua,3.0,3.0,226.0,201.0,9.330966666666665,2.951733333333333,1.7247999999999999,0.019906926289266103,5.560966666666667,96.66666666666667,0.0
2021-07-01,438.7,166.8,C,C,Cooperación Mutua,3.0,3.0,229.0,204.0,9.491999999999999,2.9727,1.7339,0.01983023185035072,5.5700666666666665,96.66666666666667,0.0
2021-07-02,453.9,111.6,C,C,Cooperación Mutua,3.0,3.0,232.0,207.0,9.651633333333335,2.995633333333333,1.7429999999999999,0.019675946156244548,5.579133333333333,96.66666666666667,0.0
2021-07-03,448.4,239.1,C,C,Cooperación Mutua,3.0,3.0,235.0,210.0,9.8132,3.0181999999999998,1.7521,0.019442222095238642,5.5882000000000005,96.66666666666667,0.0
2021-07-04,453.0,320.2,C,C,Cooperación Mutua,3.0,3.0,238.0,213.0,9.971000000000002,3.0390666666666664,1.7611999999999999,0.019442222095238892,5.597266666666666,96.66666666666667,0.0
2021-07-05,460.6,247.5,C,C,Cooperación Mutua,3.0,3.0,241.0,216.0,10.127666666666666,3.0613,1.7703,0.01944222209523906,5.606333333333334,96.66666666666667,0.0
2021-07-06,435.7,245.0,C,C,Cooperación Mutua,3.0,3.0,244.0,219.0,10.292033333333332,3.0932,1.7794333333333334,0.019675946156245405,5.6154,96.66666666666667,0.0
2021-07-07,350.4,188.0,C,C,Cooperación Mutua,3.0,3.0,247.0,222.0,10.455900000000002,3.1218666666666666,1.7885666666666669,0.019830231850352063,5.624466666666667,96.66666666666667,0.0
2021-07-08,388.3,126.6,C,C,Cooperación Mutua,3.0,3.0,250.0,225.0,10.613499999999998,3.144433333333333,1.7977,0.01990692628926794,5.633533333333333,96.66666666666667,0.0
2021-07-09,386.9,184.8,C,C,Cooperación Mutua,3.0,3.0,253.0,228.0,10.771933333333333,3.1623666666666663,1.8068,0.019906926289268243,5.6426,96.66666666666667,0.0
2021-07-10,380.5,188.8,C,C,Cooperación Mutua,3.0,3.0,256.0,231.0,10.938566666666667,3.1815666666666664,1.8159,0.019830231850352868,5.651666666666667,96.66666666666667,0.0
2021-07-11,327.3,222.4,D,C,Rusia defecta — precio alto,5.0,0.0,261.0,231.0,11.103299999999999,3.2030333333333334,1.825,0.019675946156246828,5.660733333333334,93.33333333333333,0.0
2021-07-12,406.3,238.5,C,C,Cooperación Mutua,3.0,3.0,264.0,234.0,11.268333333333334,3.2283,1.8341,0.019442222095240973,5.6697999999999995,93.33333333333333,0.0
2021-08-01,440.2,158.9,C,C,Cooperación Mutua,3.0,3.0,267.0,237.0,11.425666666666666,3.256133333333333,1.8432,0.019442222095241164,5.678866666666666,93.33333333333333,0.0
2021-08-02,451.0,139.4,C,C,Cooperación Mutua,3.0,3.0,270.0,240.0,11.582766666666666,3.280033333333334,1.8523,0.019442222095241334,5.687933333333333,93.33333333333333,0.0
2021-08-03,452.6,283.6,C,C,Cooperación Mutua,3.0,3.0,273.0,243.0,11.743166666666667,3.3039666666666667,1.8614333333333333,0.019675946156247598,5.697,93.33333333333333,0.0
2021-08-04,453.5,316.3,C,C,Cooperación Mutua,3.0,3.0,276.0,246.0,11.899566666666665,3.3291666666666666,1.8705666666666665,0.019830231850354242,5.7060666666666675,93.33333333333333,0.0
2021-08-05,459.3,239.8,C,C,Cooperación Mutua,3.0,3.0,279.0,249.0,12.063133333333333,3.352866666666667,1.8797,0.01990692628927005,5.715133333333332,93.33333333333333,0.0
2021-08-06,423.8,239.1,C,C,Cooperación Mutua,3.0,3.0,282.0,252.0,12.218566666666668,3.3776,1.8888,0.019906926289270297,5.7242,93.33333333333333,0.0
2021-08-07,352.0,203.2,C,C,Cooperación Mutua,3.0,3.0,285.0,255.0,12.384766666666668,3.401066666666667,1.8979000000000001,0.019830231850354877,5.733266666666666,93.33333333333333,0.0
2021-08-08,385.5,126.5,C,C,Cooperación Mutua,3.0,3.0,288.0,258.0,12.5343,3.4237333333333333,1.9068666666666665,0.018794629425419474,5.742333333333333,93.33333333333333,0.0
2021-08-09,387.0,190.2,C,C,Cooperación Mutua,3.0,3.0,291.0,261.0,12.675633333333334,3.4502333333333337,1.9157,0.01708522056941382,5.7514,93.33333333333333,0.0
2021-08-10,386.1,193.6,C,C,Cooperación Mutua,3.0,3.0,294.0,264.0,12.8059,3.4734666666666665,1.9243999999999999,0.015284601650674925,5.760466666666667,93.33333333333333,0.0
2021-08-11,336.7,258.3,C,C,Cooperación Mutua,3.0,3.0,297.0,267.0,12.928866666666666,3.5036666666666667,1.9329333333333334,0.013208943579142256,5.769533333333333,93.33333333333333,0.0
2021-08-12,407.7,235.7,C,C,Cooperación Mutua,3.0,3.0,300.0,270.0,13.050633333333332,3.530233333333334,1.9413333333333334,0.011422617496745991,5.7786,93.33333333333333,0.0
2021-09-01,439.1,121.4,C,C,Cooperación Mutua,3.0,3.0,303.0,273.0,13.155233333333333,3.558066666666667,1.9496,0.010341778423132249,5.7876666666666665,93.33333333333333,0.0
2021-09-02,451.0,153.1,C,C,Cooperación Mutua,3.0,3.0,306.0,276.0,13.254766666666665,3.5817,1.9577333333333333,0.010341778423132528,5.796733333333334,93.33333333333333,0.0
2021-09-03,452.5,286.8,C,C,Cooperación Mutua,3.0,3.0,309.0,279.0,13.345433333333334,3.6017666666666672,1.9657000000000002,0.010419761445072687,5.8058000000000005,93.33333333333333,0.0
2021-09-04,414.1,313.0,C,C,Cooperación Mutua,3.0,3.0,312.0,282.0,13.4211,3.6169000000000002,1.9735333333333331,0.010574002260748887,5.814866666666666,93.33333333333333,0.0
2021-09-05,451.2,226.7,C,C,Cooperación Mutua,3.0,3.0,315.0,285.0,13.493133333333333,3.6466333333333334,1.9812,0.010574002260748994,5.823933333333334,96.66666666666667,0.0
2021-09-06,427.7,244.8,C,C,Cooperación Mutua,3.0,3.0,318.0,288.0,13.562533333333334,3.6710333333333334,1.9887333333333332,0.010419761445073129,5.833033333333334,96.66666666666667,0.0
2021-09-07,400.4,169.1,C,C,Cooperación Mutua,3.0,3.0,321.0,291.0,13.613900000000001,3.695333333333333,1.9961333333333333,0.01034177842313331,5.8421,96.66666666666667,0.0
2021-09-08,392.6,146.1,C,C,Cooperación Mutua,3.0,3.0,324.0,294.0,13.659199999999998,3.715766666666667,2.0034,0.010341778423133476,5.851166666666667,96.66666666666667,0.0
2021-09-09,384.5,218.0,C,C,Cooperación Mutua,3.0,3.0,327.0,297.0,13.691166666666668,3.7378,2.010533333333333,0.010419761445073401,5.8602333333333325,96.66666666666667,0.0
2021-09-10,375.4,148.0,C,C,Cooperación Mutua,3.0,3.0,330.0,300.0,13.722399999999999,3.760366666666667,2.017533333333333,0.010574002260749485,5.8693,96.66666666666667,0.0
2021-09-11,364.5,260.0,C,C,Cooperación Mutua,3.0,3.0,333.0,303.0,13.7465,3.7837000000000005,2.0243666666666664,0.010574002260749485,5.8783666666666665,96.66666666666667,0.0
2021-09-12,406.3,244.8,C,C,Cooperación Mutua,3.0,3.0,336.0,306.0,13.756566666666666,3.8050333333333337,2.0310333333333332,0.010419761445073401,5.887433333333333,96.66666666666667,0.0
2021-10-01,435.7,104.8,C,C,Cooperación Mutua,3.0,3.0,339.0,309.0,13.7597,3.8293000000000004,2.0375666666666663,0.010341778423133474,5.8965,96.66666666666667,0.0
2021-10-02,452.7,171.1,C,C,Cooperación Mutua,3.0,3.0,342.0,312.0,13.753866666666669,3.853933333333333,2.043966666666667,0.010341778423133309,5.905566666666667,96.66666666666667,0.0
2021-10-03,424.1,293.5,C,C,Cooperación Mutua,3.0,3.0,345.0,315.0,13.7403,3.8798666666666666,2.0502333333333334,0.010419761445073015,5.914633333333334,96.66666666666667,0.0
2021-10-04,418.2,285.0,C,C,Cooperación Mutua,3.0,3.0,348.0,318.0,13.7108,3.9025000000000003,2.0563666666666665,0.010574002260748882,5.923699999999999,96.66666666666667,0.0
2021-10-05,456.8,241.8,C,C,Cooperación Mutua,3.0,3.0,351.0,321.0,13.6757,3.928833333333333,2.062333333333333,0.010574002260748774,5.932766666666667,100.0,0.0
2021-10-06,443.3,242.8,C,C,Cooperación Mutua,3.0,3.0,354.0,324.0,13.638033333333334,3.956166666666667,2.0681666666666665,0.010419761445072572,5.941833333333333,100.0,0.0
2021-10-07,431.4,149.5,C,C,Cooperación Mutua,3.0,3.0,357.0,327.0,13.585566666666667,3.9788333333333337,2.0738666666666665,0.010341778423132412,5.9509,100.0,0.0
2021-10-08,391.6,146.5,C,C,Cooperación Mutua,3.0,3.0,360.0,330.0,13.524000000000001,3.9994,2.0794333333333332,0.010341778423132022,5.959966666666667,100.0,0.0
2021-10-09,395.0,211.3,C,C,Cooperación Mutua,3.0,3.0,363.0,333.0,13.457833333333333,4.029233333333333,2.0848333333333335,0.010419761445071521,5.9690666666666665,100.0,0.0
2021-10-10,371.7,140.4,C,C,Cooperación Mutua,3.0,3.0,366.0,336.0,13.382333333333333,4.050366666666666,2.0901,0.010574002260747188,5.978133333333333,100.0,0.0
2021-10-11,382.9,262.3,C,C,Cooperación Mutua,3.0,3.0,369.0,339.0,13.286666666666665,4.072833333333333,2.0952,0.010574002260746866,5.9872000000000005,100.0,0.0
2021-10-12,406.4,235.0,C,C,Cooperación Mutua,3.0,3.0,372.0,342.0,13.1896,4.094033333333333,2.100166666666667,0.01041976144507041,5.996266666666667,100.0,0.0
2021-11-01,440.4,138.8,C,C,Cooperación Mutua,3.0,3.0,375.0,345.0,13.0805,4.116499999999999,2.105,0.01034177842313001,6.005333333333334,100.0,0.0
2021-11-02,462.7,191.1,C,C,Cooperación Mutua,3.0,3.0,378.0,348.0,12.9736,4.1329666666666665,2.1098333333333334,0.010341778423129505,6.0144,100.0,0.0
2021-11-03,419.5,285.0,C,C,Cooperación Mutua,3.0,3.0,381.0,351.0,12.874866666666666,4.148766666666667,2.114666666666667,0.010419761445068799,6.023466666666667,100.0,0.0
2021-11-04,414.9,257.0,C,C,Cooperación Mutua,3.0,3.0,384.0,354.0,12.768133333333335,4.180266666666666,2.1195,0.010574002260744394,6.032533333333333,100.0,0.0
2021-11-05,457.7,239.5,C,C,Cooperación Mutua,3.0,3.0,387.0,357.0,12.6762,4.196066666666667,2.1243333333333334,0.010574002260743915,6.0416,100.0,0.0
2021-11-06,450.5,234.5,C,C,Cooperación Mutua,3.0,3.0,390.0,360.0,12.567333333333334,4.220766666666666,2.129166666666667,0.010419761445067417,6.050666666666666,100.0,0.0
2021-11-07,426.1,145.4,C,C,Cooperación Mutua,3.0,3.0,393.0,363.0,12.469666666666665,4.237566666666667,2.134,0.010341778423127102,6.059733333333333,100.0,0.0
2021-11-08,377.9,136.7,C,C,Cooperación Mutua,3.0,3.0,396.0,366.0,12.368666666666666,4.2654,2.1388333333333334,0.010341778423126599,6.0687999999999995,100.0,0.0
2021-11-09,390.8,160.6,C,C,Cooperación Mutua,3.0,3.0,399.0,369.0,12.264833333333334,4.288799999999999,2.143666666666667,0.010419761445066188,6.077866666666667,100.0,0.0
2021-11-10,374.8,167.0,C,C,Cooperación Mutua,3.0,3.0,402.0,372.0,12.161166666666668,4.3088999999999995,2.1485,0.010574002260742043,6.0869333333333335,100.0,0.0
2021-11-11,378.8,257.3,C,C,Cooperación Mutua,3.0,3.0,405.0,375.0,12.056333333333333,4.3278,2.1533333333333333,0.010574002260741722,6.096033333333334,100.0,0.0
2021-11-12,399.9,208.3,C,C,Cooperación Mutua,3.0,3.0,408.0,378.0,11.953433333333331,4.347933333333333,2.158166666666667,0.0104197614450653,6.105099999999999,100.0,0.0
2021-12-01,442.8,156.8,C,C,Cooperación Mutua,3.0,3.0,411.0,381.0,11.8569,4.3741,2.163,0.010341778423124972,6.114166666666667,100.0,0.0
2021-12-02,461.3,204.3,C,C,Cooperación Mutua,3.0,3.0,414.0,384.0,11.756233333333334,4.401666666666666,2.1678333333333333,0.01034177842312458,6.123233333333333,100.0,0.0
2021-12-03,438.0,271.8,C,C,Cooperación Mutua,3.0,3.0,417.0,387.0,11.655399999999998,4.4258999999999995,2.1726666666666667,0.010419761445064187,6.1323,100.0,0.0
2021-12-04,411.7,271.9,C,C,Cooperación Mutua,3.0,3.0,420.0,390.0,11.547733333333333,4.4536,2.1775,0.010574002260740182,6.141366666666667,100.0,0.0
2021-12-05,459.7,232.4,C,C,Cooperación Mutua,3.0,3.0,423.0,393.0,11.4441,4.483833333333334,2.1823333333333332,0.010574002260739861,6.150433333333334,100.0,0.0
2021-12-06,447.4,200.8,C,C,Cooperación Mutua,3.0,3.0,426.0,396.0,11.345866666666668,4.505533333333333,2.1871666666666667,0.010419761445063411,6.1594999999999995,100.0,0.0
2021-12-07,426.8,171.4,C,C,Cooperación Mutua,3.0,3.0,429.0,399.0,11.2391,4.522333333333333,2.1919999999999997,0.010341778423123183,6.168566666666667,100.0,0.0
2021-12-08,375.1,143.8,C,C,Cooperación Mutua,3.0,3.0,432.0,402.0,11.139366666666666,4.548266666666666,2.196833333333333,0.010341778423122791,6.1776333333333335,100.0,0.0
2021-12-09,383.3,148.4,C,C,Cooperación Mutua,3.0,3.0,435.0,405.0,11.037933333333333,4.566299999999999,2.2016666666666667,0.01041976144506241,6.1867,100.0,0.0
2021-12-10,379.8,157.5,C,C,Cooperación Mutua,3.0,3.0,438.0,408.0,10.936633333333333,4.593733333333333,2.2065,0.010574002260738433,6.1957666666666675,100.0,0.0
2021-12-11,377.1,241.8,C,C,Cooperación Mutua,3.0,3.0,441.0,411.0,10.830166666666667,4.615233333333333,2.211333333333333,0.010574002260738326,6.204833333333332,100.0,0.0
2021-12-12,398.8,207.5,C,C,Cooperación Mutua,3.0,3.0,444.0,414.0,10.720866666666666,4.6337,2.2161666666666666,0.010419761445061853,6.2139,100.0,0.0
2022-01-01,279.0,236.3,D,C,Rusia defecta — precio alto,5.0,0.0,449.0,414.0,10.619066666666667,4.657533333333333,2.2209999999999996,0.010341778423121614,6.222966666666666,96.66666666666667,0.0
2022-01-02,342.4,322.6,C,C,Cooperación Mutua,3.0,3.0,452.0,417.0,10.519,4.682866666666667,2.2258333333333336,0.010341778423121223,6.232066666666667,96.66666666666667,0.0
2022-01-03,390.3,329.6,C,C,Cooperación Mutua,3.0,3.0,455.0,420.0,10.4188,4.696166666666667,2.2306666666666666,0.010419761445060906,6.241133333333334,96.66666666666667,0.0
2022-01-04,340.6,331.7,C,C,Cooperación Mutua,3.0,3.0,458.0,423.0,10.316799999999999,4.721699999999999,2.2355,0.01057400226073673,6.2502,96.66666666666667,0.0
2022-01-05,297.0,357.3,D,C,Rusia defecta — precio alto,5.0,0.0,463.0,423.0,10.220033333333333,4.7444999999999995,2.2403333333333335,0.010574002260736407,6.259266666666666,93.33333333333333,0.0
2022-01-06,232.6,347.6,D,C,Rusia defecta — precio alto,5.0,0.0,468.0,423.0,10.114866666666666,4.770099999999999,2.245166666666667,0.010419761445059796,6.2683333333333335,90.0,0.0
2022-01-07,155.7,359.3,D,C,Rusia defecta — precio alto,5.0,0.0,473.0,423.0,10.018499999999998,4.789599999999999,2.25,0.010341778423119315,6.2774,86.66666666666667,0.0
2022-01-08,116.2,369.0,D,C,Rusia defecta — precio alto,5.0,0.0,478.0,423.0,9.9222,4.816,2.254833333333333,0.01034177842311881,6.286466666666667,83.33333333333334,0.0
2022-01-09,87.9,348.7,D,C,Rusia defecta — precio alto,5.0,0.0,483.0,423.0,9.813066666666666,4.839966666666667,2.2596666666666665,0.010419761445058184,6.295533333333333,80.0,0.0
2022-01-10,71.1,333.4,D,C,Rusia defecta — precio alto,5.0,0.0,488.0,423.0,9.7118,4.861866666666667,2.2645,0.010574002260733935,6.3046,76.66666666666667,0.0
2022-01-11,55.8,336.1,D,C,Rusia defecta — precio alto,5.0,0.0,493.0,423.0,9.602333333333332,4.893000000000001,2.2693333333333334,0.010574002260733456,6.313666666666666,73.33333333333333,0.0
2022-01-12,100.3,400.2,D,C,Rusia defecta — precio alto,5.0,0.0,498.0,423.0,9.503133333333333,4.9166,2.2741666666666664,0.010419761445056802,6.322733333333334,70.0,0.0
2022-02-01,263.4,256.0,C,C,Cooperación Mutua,3.0,3.0,501.0,426.0,9.3999,4.943733333333333,2.2790000000000004,0.01034177842311641,6.3318,70.0,0.0
2022-02-02,322.1,345.9,C,C,Cooperación Mutua,3.0,3.0,504.0,429.0,9.299466666666666,4.9642,2.2838333333333334,0.010341778423115905,6.340866666666667,70.0,0.0
2022-02-03,367.6,327.8,C,C,Cooperación Mutua,3.0,3.0,507.0,432.0,9.195166666666667,4.986666666666666,2.288666666666667,0.01041976144505541,6.349933333333333,70.0,0.0
2022-02-04,348.6,317.4,C,C,Cooperación Mutua,3.0,3.0,510.0,435.0,9.094899999999999,5.010533333333333,2.2935,0.010574002260731201,6.359,70.0,0.0
2022-02-05,325.5,359.3,C,C,Cooperación Mutua,3.0,3.0,513.0,438.0,8.994333333333334,5.034066666666667,2.2983333333333333,0.010574002260730722,6.3680666666666665,70.0,0.0
2022-02-06,234.0,354.9,D,C,Rusia defecta — precio alto,5.0,0.0,518.0,438.0,8.893533333333334,5.060866666666667,2.303166666666667,0.010419761445054139,6.377133333333333,66.66666666666666,0.0
2022-02-07,151.4,328.5,D,C,Rusia defecta — precio alto,5.0,0.0,523.0,438.0,8.793833333333334,5.083433333333333,2.308,0.010341778423113726,6.3862,63.33333333333333,0.0
2022-02-08,119.7,369.7,D,C,Rusia defecta — precio alto,5.0,0.0,528.0,438.0,8.685933333333333,5.105666666666667,2.3128333333333333,0.010341778423113335,6.395266666666667,60.0,0.0
2022-02-09,86.7,351.0,D,C,Rusia defecta — precio alto,5.0,0.0,533.0,438.0,8.579366666666667,5.127633333333333,2.3176666666666668,0.01041976144505286,6.4043333333333345,56.666666666666664,0.0
2022-02-10,70.0,323.1,D,C,Rusia defecta — precio alto,5.0,0.0,538.0,438.0,8.482033333333334,5.151866666666666,2.3225,0.010574002260728688,6.413399999999999,53.333333333333336,0.0
2022-02-11,55.5,362.4,D,C,Rusia defecta — precio alto,5.0,0.0,543.0,438.0,8.377133333333335,5.166933333333333,2.3273333333333337,0.010574002260728209,6.422466666666667,50.0,0.0
2022-02-12,103.5,417.0,D,C,Rusia defecta — precio alto,5.0,0.0,548.0,438.0,8.269733333333333,5.185999999999999,2.3321666666666667,0.010419761445051587,6.431533333333333,46.666666666666664,0.0
2022-03-01,252.1,278.9,C,C,Cooperación Mutua,3.0,3.0,551.0,441.0,8.166666666666666,5.213166666666667,2.337,0.01034177842311127,6.4406,46.666666666666664,0.0
2022-03-02,310.2,354.0,C,C,Cooperación Mutua,3.0,3.0,554.0,444.0,8.0633,5.237433333333334,2.341833333333333,0.010341778423110879,6.449666666666667,46.666666666666664,0.0
2022-03-03,366.3,326.6,C,C,Cooperación Mutua,3.0,3.0,557.0,447.0,7.952633333333334,5.266233333333334,2.3466666666666662,0.010419761445050423,6.458733333333333,46.666666666666664,0.0
2022-03-04,352.5,326.5,C,C,Cooperación Mutua,3.0,3.0,560.0,450.0,7.847066666666667,5.2895,2.3515,0.0105740022607264,6.4677999999999995,46.666666666666664,0.0
2022-03-05,325.1,375.4,C,C,Cooperación Mutua,3.0,3.0,563.0,453.0,7.751033333333334,5.3086,2.356333333333333,0.01057400226072597,6.476866666666667,46.666666666666664,0.0
2022-03-06,228.7,353.7,D,C,Rusia defecta — precio alto,5.0,0.0,568.0,453.0,7.645466666666667,5.333366666666667,2.361166666666667,0.010419761445049091,6.4859333333333336,43.333333333333336,0.0
2022-03-07,150.6,324.1,D,C,Rusia defecta — precio alto,5.0,0.0,573.0,453.0,7.5387,5.3609333333333336,2.366,0.010341778423108529,6.495033333333334,43.333333333333336,0.0
2022-03-08,119.4,358.4,D,C,Rusia defecta — precio alto,5.0,0.0,578.0,453.0,7.437033333333334,5.386133333333333,2.370833333333333,0.010341778423107911,6.504099999999999,40.0,0.0
2022-03-09,84.4,321.3,D,C,Rusia defecta — precio alto,5.0,0.0,583.0,453.0,7.328266666666666,5.418466666666666,2.3756666666666666,0.010419761445047367,6.513166666666667,36.666666666666664,0.0
2022-03-10,74.2,365.6,D,C,Rusia defecta — precio alto,5.0,0.0,588.0,453.0,7.228433333333332,5.441999999999999,2.3805,0.010574002260723064,6.522233333333333,33.33333333333333,0.0
2022-03-11,57.2,376.5,D,C,Rusia defecta — precio alto,5.0,0.0,593.0,453.0,7.124966666666667,5.467066666666667,2.3853333333333335,0.010574002260722587,6.5313,33.33333333333333,0.0
2022-03-12,99.9,420.0,D,D,Castigo mutuo — crisis total,1.0,1.0,594.0,454.0,7.0192000000000005,5.4859333333333336,2.3926333333333334,0.035259581608951464,6.5416,33.33333333333333,3.3333333333333335
2022-04-01,245.3,295.2,D,C,Rusia defecta — precio alto,5.0,0.0,599.0,454.0,6.9109,5.514433333333334,2.397466666666667,0.033493425083286586,6.550666666666667,33.33333333333333,3.3333333333333335
2022-04-02,316.5,351.9,C,C,Cooperación Mutua,3.0,3.0,602.0,457.0,6.807966666666667,5.5358,2.4023,0.03165438358269199,6.559733333333333,36.666666666666664,3.3333333333333335
2022-04-03,372.3,320.3,C,C,Cooperación Mutua,3.0,3.0,605.0,460.0,6.7081,5.564466666666666,2.4076666666666666,0.030699775088367968,6.569133333333334,40.0,3.3333333333333335
2022-04-04,356.2,367.9,C,C,Cooperación Mutua,3.0,3.0,608.0,463.0,6.611,5.579266666666667,2.413533333333333,0.030950805820730398,6.5789,43.333333333333336,3.3333333333333335
2022-04-05,329.8,372.5,C,C,Cooperación Mutua,3.0,3.0,611.0,466.0,6.517533333333333,5.595899999999999,2.419966666666667,0.03235222815613827,6.589,46.666666666666664,3.3333333333333335
2022-04-06,222.9,330.9,D,C,Rusia defecta — precio alto,5.0,0.0,616.0,466.0,6.425633333333334,5.615833333333334,2.4269333333333334,0.03383292282181379,6.599433333333334,46.666666666666664,3.3333333333333335
2022-04-07,152.7,354.4,D,C,Rusia defecta — precio alto,5.0,0.0,621.0,466.0,6.3381,5.633033333333333,2.4343999999999997,0.04123047878636047,6.610233333333334,43.333333333333336,3.3333333333333335
2022-04-08,117.0,362.4,D,C,Rusia defecta — precio alto,5.0,0.0,626.0,466.0,6.2558333333333325,5.654700000000001,2.4424,0.04459446901429361,6.621366666666666,40.0,3.3333333333333335
2022-04-09,82.2,303.5,D,C,Rusia defecta — precio alto,5.0,0.0,631.0,466.0,6.1772,5.664466666666667,2.450933333333333,0.044671819176876564,6.632833333333334,36.666666666666664,3.3333333333333335
2022-04-10,77.0,380.8,D,C,Rusia defecta — precio alto,5.0,0.0,636.0,466.0,6.1045,5.678166666666667,2.459966666666667,0.04467181917687645,6.644666666666667,33.33333333333333,3.3333333333333335
2022-04-11,57.5,408.0,D,D,Castigo mutuo — crisis total,1.0,1.0,637.0,467.0,6.032633333333334,5.689433333333333,2.4913999999999996,0.2771545039280782,6.6677,30.0,6.666666666666667
2022-04-12,99.5,419.7,D,D,Castigo mutuo — crisis total,1.0,1.0,638.0,468.0,5.949066666666667,5.689666666666667,2.5223999999999998,0.348931088844065,6.690600000000001,30.0,10.0
2022-05-01,265.7,310.7,C,C,Cooperación Mutua,3.0,3.0,641.0,471.0,5.876500000000001,5.693066666666668,2.5330333333333335,0.3361084717199267,6.7034,33.33333333333333,10.0
2022-05-02,322.1,304.6,C,C,Cooperación Mutua,3.0,3.0,644.0,474.0,5.822066666666667,5.700633333333333,2.5441999999999996,0.3226716597409819,6.716566666666666,36.666666666666664,10.0
2022-05-03,373.8,306.9,C,C,Cooperación Mutua,3.0,3.0,647.0,477.0,5.769766666666667,5.7028,2.5558666666666667,0.3087382155067391,6.730066666666667,40.0,10.0
2022-05-04,352.7,377.3,C,C,Cooperación Mutua,3.0,3.0,650.0,480.0,5.707,5.7043333333333335,2.5680666666666667,0.2941804596793316,6.7439,43.333333333333336,10.0
2022-05-05,333.8,367.9,C,C,Cooperación Mutua,3.0,3.0,653.0,483.0,5.6587,5.709933333333334,2.580833333333333,0.27874207227676057,6.7581,46.666666666666664,10.0
2022-05-06,225.9,314.7,D,C,Rusia defecta — precio alto,5.0,0.0,658.0,483.0,5.615166666666666,5.713766666666667,2.5940999999999996,0.21245974408612772,6.772633333333333,46.666666666666664,10.0
2022-05-07,154.4,356.7,D,C,Rusia defecta — precio alto,5.0,0.0,663.0,483.0,5.577299999999999,5.7123,2.6079,0.04459446901429353,6.7875,43.333333333333336,10.0
2022-05-08,122.2,329.3,D,C,Rusia defecta — precio alto,5.0,0.0,668.0,483.0,5.537566666666666,5.706133333333333,2.6222333333333334,0.04467181917687626,6.802733333333333,40.0,10.0
2022-05-09,77.1,338.7,D,C,Rusia defecta — precio alto,5.0,0.0,673.0,483.0,5.508766666666667,5.701733333333333,2.637066666666667,0.04467181917687603,6.818299999999999,36.666666666666664,10.0
2022-05-10,72.9,359.5,D,C,Rusia defecta — precio alto,5.0,0.0,678.0,483.0,5.479966666666667,5.694,2.652433333333333,0.04459446901429292,6.8342,33.33333333333333,10.0
2022-05-11,59.8,384.2,D,C,Rusia defecta — precio alto,5.0,0.0,683.0,483.0,5.449866666666667,5.691766666666666,2.6683666666666666,0.04467181917687565,6.850466666666666,30.0,10.0
2022-05-12,102.4,432.4,D,D,Castigo mutuo — crisis total,1.0,1.0,684.0,484.0,5.426933333333333,5.681233333333334,2.698633333333333,0.18744675434449568,6.873966666666666,30.0,13.333333333333334
2022-06-01,246.3,306.9,D,C,Rusia defecta — precio alto,5.0,0.0,689.0,484.0,5.4059333333333335,5.6639,2.7156000000000002,0.1796215598470984,6.890866666666667,30.0,13.333333333333334
2022-06-02,314.3,296.9,C,C,Cooperación Mutua,3.0,3.0,692.0,487.0,5.384666666666666,5.644033333333334,2.7331,0.17147983360539318,6.908133333333334,33.33333333333333,13.333333333333334
2022-06-03,369.5,296.5,C,C,Cooperación Mutua,3.0,3.0,695.0,490.0,5.371733333333334,5.631066666666667,2.7511,0.1629712215319596,6.925733333333333,36.666666666666664,13.333333333333334
2022-06-04,346.6,369.6,C,C,Cooperación Mutua,3.0,3.0,698.0,493.0,5.359066666666667,5.6167,2.769633333333333,0.15390658886232944,6.943666666666667,40.0,13.333333333333334
2022-06-05,333.6,358.3,C,C,Cooperación Mutua,3.0,3.0,701.0,496.0,5.3559,5.603800000000001,2.788733333333333,0.1443214005844826,6.961966666666667,43.333333333333336,13.333333333333334
2022-06-06,225.7,317.3,D,C,Rusia defecta — precio alto,5.0,0.0,706.0,496.0,5.361066666666667,5.593866666666667,2.8058666666666667,0.1341005308749835,6.9793666666666665,43.333333333333336,10.0
2022-06-07,156.8,355.5,D,C,Rusia defecta — precio alto,5.0,0.0,711.0,496.0,5.363533333333334,5.572,2.826,0.04459446901429277,6.998333333333333,43.333333333333336,10.0
2022-06-08,121.5,311.0,D,C,Rusia defecta — precio alto,5.0,0.0,716.0,496.0,5.3647,5.550866666666666,2.8466666666666667,0.0446718191768755,7.017633333333333,40.0,10.0
2022-06-09,83.5,331.3,D,C,Rusia defecta — precio alto,5.0,0.0,721.0,496.0,5.368099999999999,5.525899999999999,2.8673,0.04467181917687539,7.036966666666666,36.666666666666664,10.0
2022-06-10,74.2,346.8,D,C,Rusia defecta — precio alto,5.0,0.0,726.0,496.0,5.377633333333334,5.512666666666666,2.887966666666667,0.044594469014292384,7.056266666666668,33.33333333333333,10.0
2022-06-11,61.8,357.3,D,C,Rusia defecta — precio alto,5.0,0.0,731.0,496.0,5.378833333333334,5.4914000000000005,2.9086333333333334,0.044671819176875335,7.075566666666666,30.0,10.0
2022-06-12,103.0,435.7,D,D,Castigo mutuo — crisis total,1.0,1.0,732.0,497.0,5.375566666666667,5.4635,2.9371666666666667,0.12204565890330901,7.098866666666666,30.0,13.333333333333334
2022-07-01,250.8,305.9,C,C,Cooperación Mutua,3.0,3.0,735.0,500.0,5.3783666666666665,5.436366666666667,2.9578333333333333,0.11511650413302832,7.118166666666666,33.33333333333333,13.333333333333334
2022-07-02,321.1,324.7,C,C,Cooperación Mutua,3.0,3.0,738.0,503.0,5.3848,5.408533333333334,2.978466666666667,0.10776340928604843,7.137466666666667,36.666666666666664,13.333333333333334
2022-07-03,372.6,345.6,C,C,Cooperación Mutua,3.0,3.0,741.0,506.0,5.389333333333334,5.390966666666667,2.9991,0.09997332977682932,7.1568,40.0,13.333333333333334
2022-07-04,336.5,350.6,C,C,Cooperación Mutua,3.0,3.0,744.0,509.0,5.388800000000001,5.3733,3.0197666666666665,0.09142340015137312,7.1761,43.333333333333336,13.333333333333334
2022-07-05,302.2,338.8,C,C,Cooperación Mutua,3.0,3.0,747.0,512.0,5.392833333333333,5.3537,3.0185666666666666,0.08201364578677178,7.1845,46.666666666666664,10.0
2022-07-06,218.2,321.6,D,C,Rusia defecta — precio alto,5.0,0.0,752.0,512.0,5.412599999999999,5.343866666666667,3.0183333333333335,0.07151789652813817,7.1934,46.666666666666664,6.666666666666667
2022-07-07,149.7,343.1,D,C,Rusia defecta — precio alto,5.0,0.0,757.0,512.0,5.4214,5.322033333333334,3.039,0.044671819176874884,7.212733333333333,43.333333333333336,6.666666666666667
2022-07-08,119.8,302.8,D,C,Rusia defecta — precio alto,5.0,0.0,762.0,512.0,5.4285,5.2997,3.059633333333333,0.04467181917687466,7.232033333333334,40.0,6.666666666666667
2022-07-09,85.5,357.9,D,C,Rusia defecta — precio alto,5.0,0.0,767.0,512.0,5.436166666666666,5.284466666666666,3.0803000000000003,0.04459446901429155,7.251366666666667,36.666666666666664,6.666666666666667
2022-07-10,75.4,366.7,D,C,Rusia defecta — precio alto,5.0,0.0,772.0,512.0,5.447433333333334,5.265233333333333,3.1009666666666664,0.04467181917687428,7.2707,33.33333333333333,6.666666666666667
2022-07-11,66.5,387.4,D,C,Rusia defecta — precio alto,5.0,0.0,777.0,512.0,5.459333333333333,5.2495,3.1216,0.04467181917687406,7.290000000000001,30.0,6.666666666666667
2022-07-12,102.9,432.7,D,D,Castigo mutuo — crisis total,1.0,1.0,778.0,513.0,5.463466666666667,5.2294,3.1449333333333334,0.06750026454974525,7.3106333333333335,30.0,10.0
2022-08-01,243.6,283.8,D,C,Rusia defecta — precio alto,5.0,0.0,783.0,513.0,5.469733333333334,5.2065,3.1656,0.0633309523361949,7.3299666666666665,30.0,10.0
2022-08-02,299.9,332.5,C,C,Cooperación Mutua,3.0,3.0,786.0,516.0,5.474666666666667,5.188266666666666,3.1862333333333335,0.05884078598419606,7.349266666666667,33.33333333333333,10.0
2022-08-03,371.8,369.2,C,C,Cooperación Mutua,3.0,3.0,789.0,519.0,5.4814,5.1655,3.2068999999999996,0.053879053267037444,7.368566666666667,36.666666666666664,10.0
2022-08-04,315.3,337.0,C,C,Cooperación Mutua,3.0,3.0,792.0,522.0,5.4804,5.141000000000001,3.2275666666666667,0.04855384835907524,7.3879,40.0,10.0
2022-08-05,312.0,336.5,C,C,Cooperación Mutua,3.0,3.0,795.0,525.0,5.481466666666666,5.120466666666667,3.2481999999999998,0.04253122102532032,7.4072000000000005,43.333333333333336,10.0
2022-08-06,217.1,337.7,D,C,Rusia defecta — precio alto,5.0,0.0,800.0,525.0,5.4871,5.106133333333333,3.255033333333334,0.03534995116855078,7.419600000000001,43.333333333333336,6.666666666666667
2022-08-07,149.3,333.7,D,C,Rusia defecta — precio alto,5.0,0.0,805.0,525.0,5.500766666666666,5.087033333333333,3.2757,0.04467181917687365,7.438933333333334,43.333333333333336,6.666666666666667
2022-08-08,117.0,339.7,D,C,Rusia defecta — precio alto,5.0,0.0,810.0,525.0,5.5111,5.072166666666666,3.2963333333333336,0.044671819176873434,7.458233333333333,40.0,6.666666666666667
2022-08-09,84.1,366.2,D,C,Rusia defecta — precio alto,5.0,0.0,815.0,525.0,5.517566666666666,5.050633333333333,3.317,0.04459446901429031,7.477533333333333,36.666666666666664,6.666666666666667
2022-08-10,73.3,335.2,D,C,Rusia defecta — precio alto,5.0,0.0,820.0,525.0,5.525433333333333,5.029166666666667,3.3376666666666663,0.044671819176873316,7.496866666666666,33.33333333333333,6.666666666666667
2022-08-11,67.6,384.1,D,C,Rusia defecta — precio alto,5.0,0.0,825.0,525.0,5.5308,5.002566666666667,3.3583000000000003,0.044671819176873434,7.516166666666667,30.0,6.666666666666667
2022-08-12,103.3,398.9,D,D,Castigo mutuo — crisis total,1.0,1.0,826.0,526.0,5.5365,4.9789666666666665,3.422266666666667,0.5195112629972061,7.5571,30.0,10.0
2022-09-01,241.9,284.0,D,C,Rusia defecta — precio alto,5.0,0.0,831.0,526.0,5.5423,4.965,3.4429,0.5108530214492318,7.576433333333333,30.0,10.0
2022-09-02,302.4,340.5,C,C,Cooperación Mutua,3.0,3.0,834.0,529.0,5.549566666666666,4.950433333333334,3.463533333333333,0.50206596986376,7.595766666666666,33.33333333333333,10.0
2022-09-03,373.1,364.6,C,C,Cooperación Mutua,3.0,3.0,837.0,532.0,5.5572333333333335,4.9309,3.4842,0.49305268722617485,7.615066666666666,36.666666666666664,10.0
2022-09-04,302.3,341.7,C,C,Cooperación Mutua,3.0,3.0,840.0,535.0,5.558466666666666,4.9074,3.504833333333333,0.4839283693550797,7.634399999999999,40.0,10.0
2022-09-05,321.8,359.2,C,C,Cooperación Mutua,3.0,3.0,843.0,538.0,5.565333333333333,4.8881,3.5254666666666665,0.47465034749903234,7.653733333333333,43.333333333333336,10.0
2022-09-06,214.6,323.7,D,C,Rusia defecta — precio alto,5.0,0.0,848.0,538.0,5.5823333333333345,4.873366666666667,3.5382333333333333,0.46511350381231803,7.669066666666667,43.333333333333336,6.666666666666667
2022-09-07,148.8,342.0,D,C,Rusia defecta — precio alto,5.0,0.0,853.0,538.0,5.5873333333333335,4.859399999999999,3.558866666666667,0.0446718191768747,7.688366666666667,40.0,6.666666666666667
2022-09-08,118.6,335.4,D,C,Rusia defecta — precio alto,5.0,0.0,858.0,538.0,5.589466666666667,4.843466666666667,3.579533333333333,0.044594469014291746,7.7077,36.666666666666664,6.666666666666667
2022-09-09,86.2,326.9,D,C,Rusia defecta — precio alto,5.0,0.0,863.0,538.0,5.591433333333333,4.8254,3.6002,0.044671819176874475,7.727,33.33333333333333,6.666666666666667
2022-09-10,73.8,336.3,D,C,Rusia defecta — precio alto,5.0,0.0,868.0,538.0,5.5933,4.800233333333333,3.620833333333333,0.04467181917687425,7.746300000000001,30.0,6.666666666666667
2022-09-11,71.6,409.3,D,D,Castigo mutuo — crisis total,1.0,1.0,869.0,539.0,5.610600000000001,4.785,3.656433333333333,0.19979823155707158,7.7730999999999995,26.666666666666668,10.0
2022-09-12,106.5,400.9,D,D,Castigo mutuo — crisis total,1.0,1.0,870.0,540.0,5.609066666666667,4.758433333333333,3.7021333333333333,0.3420165687994268,7.8049333333333335,26.666666666666668,13.333333333333334
2022-10-01,259.7,327.4,C,C,Cooperación Mutua,3.0,3.0,873.0,543.0,5.6075,4.7409,3.722766666666667,0.32977813609701107,7.824233333333334,30.0,13.333333333333334
2022-10-02,286.7,352.4,C,C,Cooperación Mutua,3.0,3.0,876.0,546.0,5.616566666666667,4.722933333333334,3.7434333333333334,0.31696672500738066,7.843566666666666,33.33333333333333,13.333333333333334
2022-10-03,372.6,346.8,C,C,Cooperación Mutua,3.0,3.0,879.0,549.0,5.617533333333333,4.703100000000001,3.7640999999999996,0.30363794229311936,7.862866666666666,36.666666666666664,13.333333333333334
2022-10-04,303.3,329.0,C,C,Cooperación Mutua,3.0,3.0,882.0,552.0,5.619133333333333,4.681333333333334,3.7847333333333335,0.2897831701708803,7.8821666666666665,40.0,13.333333333333334
2022-10-05,300.8,331.3,C,C,Cooperación Mutua,3.0,3.0,885.0,555.0,5.619633333333334,4.6555333333333335,3.8054,0.27511556013532035,7.9014999999999995,43.333333333333336,13.333333333333334
2022-10-06,214.0,337.0,D,C,Rusia defecta — precio alto,5.0,0.0,890.0,555.0,5.6266,4.636133333333333,3.8234,0.2590714187246438,7.919499999999999,43.333333333333336,10.0
2022-10-07,147.4,349.6,D,C,Rusia defecta — precio alto,5.0,0.0,895.0,555.0,5.630933333333333,4.616533333333334,3.8440333333333334,0.04467181917687416,7.9388000000000005,43.333333333333336,10.0
2022-10-08,114.1,331.7,D,C,Rusia defecta — precio alto,5.0,0.0,900.0,555.0,5.637866666666667,4.600899999999999,3.8647,0.04459446901429087,7.958133333333333,40.0,10.0
2022-10-09,84.8,291.6,D,C,Rusia defecta — precio alto,5.0,0.0,905.0,555.0,5.639866666666666,4.580733333333333,3.885366666666667,0.044671819176873274,7.9774666666666665,36.666666666666664,10.0
2022-10-10,76.0,391.2,D,C,Rusia defecta — precio alto,5.0,0.0,910.0,555.0,5.6531,4.565733333333332,3.906,0.04467181917687262,7.996766666666667,33.33333333333333,10.0
2022-10-11,75.4,422.3,D,D,Castigo mutuo — crisis total,1.0,1.0,911.0,556.0,5.6732,4.552766666666667,3.9340333333333333,0.11633265111001877,8.0198,30.0,13.333333333333334
2022-10-12,93.6,377.9,D,C,Rusia defecta — precio alto,5.0,0.0,916.0,556.0,5.6832666666666665,4.527933333333333,3.9546666666666668,0.10956341933849292,8.039133333333332,30.0,13.333333333333334
2022-11-01,251.6,348.9,C,C,Cooperación Mutua,3.0,3.0,919.0,559.0,5.686466666666667,4.514633333333333,3.9753,0.1024478961646893,8.058433333333333,33.33333333333333,13.333333333333334
2022-11-02,271.0,344.4,C,C,Cooperación Mutua,3.0,3.0,922.0,562.0,5.690033333333333,4.4932,3.995966666666667,0.09470807276900173,8.077733333333333,36.666666666666664,13.333333333333334
2022-11-03,375.3,361.1,C,C,Cooperación Mutua,3.0,3.0,925.0,565.0,5.695033333333333,4.4739,4.0165999999999995,0.08629793354033923,8.097066666666667,40.0,13.333333333333334
2022-11-04,327.0,343.3,C,C,Cooperación Mutua,3.0,3.0,928.0,568.0,5.694633333333334,4.456500000000001,4.037233333333334,0.07710784037708822,8.116366666666668,43.333333333333336,13.333333333333334
2022-11-05,280.5,332.4,C,C,Cooperación Mutua,3.0,3.0,931.0,571.0,5.6958,4.4426000000000005,4.0579,0.06653248401022534,8.135666666666667,46.666666666666664,13.333333333333334
2022-11-06,210.8,317.3,D,C,Rusia defecta — precio alto,5.0,0.0,936.0,571.0,5.694766666666667,4.420466666666667,4.035233333333333,0.04467181917686931,8.133366666666667,46.666666666666664,10.0
2022-11-07,89.4,375.4,D,C,Rusia defecta — precio alto,5.0,0.0,941.0,571.0,5.6951,4.394433333333334,4.0559,0.04459446901428624,8.152666666666667,46.666666666666664,10.0
2022-11-08,126.4,353.0,D,C,Rusia defecta — precio alto,5.0,0.0,946.0,571.0,5.700966666666668,4.372433333333333,4.0765666666666664,0.04467181917686887,8.171966666666666,43.333333333333336,10.0
2022-11-09,86.1,279.4,D,C,Rusia defecta — precio alto,5.0,0.0,951.0,571.0,5.7059,4.3524666666666665,4.0972,0.04467181917686854,8.1913,40.0,10.0
2022-11-10,81.3,397.5,D,C,Rusia defecta — precio alto,5.0,0.0,956.0,571.0,5.713933333333333,4.3286,4.117866666666667,0.044594469014285244,8.210600000000001,36.666666666666664,10.0
2022-11-11,75.5,392.2,D,C,Rusia defecta — precio alto,5.0,0.0,961.0,571.0,5.7233,4.308566666666667,4.1382666666666665,0.04287912134848846,8.229899999999999,33.33333333333333,10.0
2022-11-12,95.0,381.4,D,C,Rusia defecta — precio alto,5.0,0.0,966.0,571.0,5.726366666666666,4.289066666666667,4.158399999999999,0.04014141668317949,8.249233333333333,33.33333333333333,10.0
2022-12-01,267.9,342.6,C,C,Cooperación Mutua,3.0,3.0,969.0,574.0,5.732600000000001,4.273266666666667,4.1783,0.03658258758323375,8.268566666666667,36.666666666666664,10.0
2022-12-02,270.7,325.1,C,C,Cooperación Mutua,3.0,3.0,972.0,577.0,5.7376000000000005,4.2499,4.197966666666667,0.03320857605813178,8.287866666666666,40.0,10.0
2022-12-03,371.9,323.9,C,C,Cooperación Mutua,3.0,3.0,975.0,580.0,5.744666666666666,4.228,4.217366666666667,0.030405200056492405,8.3072,43.333333333333336,10.0
2022-12-04,304.8,362.8,C,C,Cooperación Mutua,3.0,3.0,978.0,583.0,5.750533333333333,4.2096,4.236533333333333,0.028547370823798483,8.326533333333334,46.666666666666664,10.0
2022-12-05,267.8,338.4,C,C,Cooperación Mutua,3.0,3.0,981.0,586.0,5.742633333333333,4.1848,4.2405,0.028547370823797494,8.338366666666667,50.0,6.666666666666667
2022-12-06,212.3,306.3,D,C,Rusia defecta — precio alto,5.0,0.0,986.0,586.0,5.7522,4.165733333333333,4.2341,0.02847053614827772,8.345166666666666,50.0,3.3333333333333335
2022-12-07,86.6,408.8,D,D,Castigo mutuo — crisis total,1.0,1.0,987.0,587.0,5.770733333333334,4.1509,4.264833333333333,0.15870277700333427,8.370666666666667,46.666666666666664,6.666666666666667
2022-12-08,124.5,316.2,D,C,Rusia defecta — precio alto,5.0,0.0,992.0,587.0,5.766733333333333,4.127966666666667,4.283,0.15345357604174156,8.389966666666668,43.333333333333336,6.666666666666667
2022-12-09,85.9,285.3,D,C,Rusia defecta — precio alto,5.0,0.0,997.0,587.0,5.772333333333334,4.1072,4.3009,0.14810742562008164,8.409266666666667,40.0,6.666666666666667
2022-12-10,80.9,377.2,D,C,Rusia defecta — precio alto,5.0,0.0,1002.0,587.0,5.775033333333334,4.0878,4.318566666666666,0.1425455649791902,8.4286,36.666666666666664,6.666666666666667
2022-12-11,69.6,363.2,D,C,Rusia defecta — precio alto,5.0,0.0,1007.0,587.0,5.7776000000000005,4.0656,4.335966666666667,0.1367416751187586,8.4479,33.33333333333333,6.666666666666667
2022-12-12,105.1,380.5,D,C,Rusia defecta — precio alto,5.0,0.0,1012.0,587.0,5.7779,4.040766666666666,4.3531,0.13066350822226816,8.4672,33.33333333333333,6.666666666666667
2023-01-01,63.9,330.5,D,C,Rusia defecta — precio alto,5.0,0.0,1017.0,587.0,5.781333333333333,4.0259,4.37,0.12427082559972148,8.486533333333334,33.33333333333333,6.666666666666667
2023-01-02,55.4,373.7,D,C,Rusia defecta — precio alto,5.0,0.0,1022.0,587.0,5.779633333333334,4.0024999999999995,4.386633333333333,0.028083209693073853,8.505833333333333,33.33333333333333,6.666666666666667
2023-01-03,74.8,447.2,D,D,Castigo mutuo — crisis total,1.0,1.0,1023.0,588.0,5.7633,3.9748,4.422299999999999,0.23708065736207998,8.534766666666666,33.33333333333333,10.0
2023-01-04,61.4,315.9,D,C,Rusia defecta — precio alto,5.0,0.0,1028.0,588.0,5.7598,3.9524,4.438466666666667,0.23169766836074832,8.5541,33.33333333333333,10.0
2023-01-05,61.3,401.4,D,C,Rusia defecta — precio alto,5.0,0.0,1033.0,588.0,5.750633333333334,3.931866666666666,4.447,0.22617692189964406,8.569700000000001,33.33333333333333,6.666666666666667
2023-01-06,63.1,385.2,D,C,Rusia defecta — precio alto,5.0,0.0,1038.0,588.0,5.744000000000001,3.9092333333333333,4.462666666666666,0.22050807133483147,8.589,33.33333333333333,6.666666666666667
2023-01-07,77.0,624.5,D,D,Castigo mutuo — crisis total,1.0,1.0,1039.0,589.0,5.7453666666666665,3.886,4.504933333333333,0.35673933394139345,8.621766666666668,30.0,10.0
2023-01-08,83.0,316.0,D,C,Rusia defecta — precio alto,5.0,0.0,1044.0,589.0,5.742900000000001,3.869133333333333,4.520066666666667,0.3481249091647263,8.6411,26.666666666666668,10.0
2023-01-09,82.6,370.2,D,C,Rusia defecta — precio alto,5.0,0.0,1049.0,589.0,5.748566666666667,3.8435,4.534966666666666,0.3392853834584802,8.660400000000001,23.333333333333332,10.0
2023-01-10,71.3,286.9,D,C,Rusia defecta — precio alto,5.0,0.0,1054.0,589.0,5.7486999999999995,3.8206333333333333,4.549633333333333,0.3058898027534889,8.679733333333333,20.0,10.0
2023-01-11,76.6,359.3,D,C,Rusia defecta — precio alto,5.0,0.0,1059.0,589.0,5.747833333333333,3.7997,4.564033333333333,0.30007713294131994,8.699066666666665,16.666666666666664,10.0
2023-01-12,106.5,388.3,D,C,Rusia defecta — precio alto,5.0,0.0,1064.0,589.0,5.753699999999999,3.7770333333333337,4.5782,0.29414217488761435,8.718366666666666,16.666666666666664,10.0
2023-02-01,63.4,372.4,D,C,Rusia defecta — precio alto,5.0,0.0,1069.0,589.0,5.758133333333332,3.7576666666666663,4.592099999999999,0.288077370559661,8.737666666666666,16.666666666666664,10.0
2023-02-02,58.7,370.8,D,C,Rusia defecta — precio alto,5.0,0.0,1074.0,589.0,5.759199999999999,3.736433333333333,4.605733333333333,0.02847053614824181,8.757000000000001,16.666666666666664,10.0
2023-02-03,72.7,458.9,D,D,Castigo mutuo — crisis total,1.0,1.0,1075.0,590.0,5.752633333333334,3.7141666666666664,4.628166666666667,0.1217755546662901,8.7808,16.666666666666664,13.333333333333334
2023-02-04,62.6,337.7,D,C,Rusia defecta — precio alto,5.0,0.0,1080.0,590.0,5.751966666666666,3.6980666666666666,4.641333333333334,0.11674392000074235,8.800099999999999,16.666666666666664,13.333333333333334
2023-02-05,65.4,419.5,D,C,Rusia defecta — precio alto,5.0,0.0,1085.0,590.0,5.743399999999999,3.6777333333333333,4.6545,0.11158255538686822,8.819433333333334,16.666666666666664,13.333333333333334
2023-02-06,24.4,372.9,D,C,Rusia defecta — precio alto,5.0,0.0,1090.0,590.0,5.737399999999999,3.6568666666666667,4.6676666666666655,0.10614993887801508,8.838733333333332,16.666666666666664,13.333333333333334
2023-02-07,74.2,623.8,D,D,Castigo mutuo — crisis total,1.0,1.0,1091.0,591.0,5.722566666666667,3.6255,4.688266666666666,0.13129283881387527,8.861766666666666,13.333333333333334,16.666666666666664
2023-02-08,83.9,306.6,D,C,Rusia defecta — precio alto,5.0,0.0,1096.0,591.0,5.718466666666667,3.6028999999999995,4.7014000000000005,0.12275682504543181,8.8811,10.0,16.666666666666664
2023-02-09,75.1,338.1,D,C,Rusia defecta — precio alto,5.0,0.0,1101.0,591.0,5.7202,3.5863,4.714533333333333,0.1135618145077048,8.9004,6.666666666666667,16.666666666666664
2023-02-10,75.8,311.6,D,C,Rusia defecta — precio alto,5.0,0.0,1106.0,591.0,5.719733333333333,3.5725,4.727666666666667,0.08884148537595628,8.9197,3.3333333333333335,16.666666666666664
2023-02-11,63.4,338.9,D,C,Rusia defecta — precio alto,5.0,0.0,1111.0,591.0,5.7166,3.5516666666666667,4.740833333333333,0.083240615086607,8.939033333333333,0.0,16.666666666666664
2023-02-12,100.5,355.0,D,C,Rusia defecta — precio alto,5.0,0.0,1116.0,591.0,5.715,3.5320000000000005,4.7540000000000004,0.07720627904391014,8.958333333333334,0.0,16.666666666666664
2023-03-01,64.1,386.3,D,C,Rusia defecta — precio alto,5.0,0.0,1121.0,591.0,5.7066,3.506766666666666,4.754833333333333,0.07062745992342238,8.971466666666666,0.0,13.333333333333334
2023-03-02,59.9,370.9,D,C,Rusia defecta — precio alto,5.0,0.0,1126.0,591.0,5.703766666666667,3.4921,4.767966666666667,0.028547370823755736,8.9908,0.0,13.333333333333334
2023-03-03,71.8,446.7,D,D,Castigo mutuo — crisis total,1.0,1.0,1127.0,592.0,5.691466666666667,3.467233333333333,4.821299999999999,0.473687660806143,9.030233333333335,0.0,16.666666666666664
2023-03-04,66.1,383.4,D,C,Rusia defecta — precio alto,5.0,0.0,1132.0,592.0,5.697466666666667,3.4541666666666666,4.834433333333333,0.4680681676036142,9.049533333333333,0.0,16.666666666666664
2023-03-05,67.7,399.8,D,C,Rusia defecta — precio alto,5.0,0.0,1137.0,592.0,5.693533333333333,3.431366666666667,4.8476,0.46232775428363354,9.068866666666667,0.0,16.666666666666664
2023-03-06,61.0,344.8,D,C,Rusia defecta — precio alto,5.0,0.0,1142.0,592.0,5.6899999999999995,3.414433333333333,4.860766666666667,0.45658765392231215,9.0882,0.0,16.666666666666664
2023-03-07,79.5,677.2,D,D,Castigo mutuo — crisis total,1.0,1.0,1143.0,593.0,5.6827,3.3902666666666668,4.8925,0.4720952284888081,9.116766666666669,0.0,20.0
2023-03-08,83.8,304.5,D,C,Rusia defecta — precio alto,5.0,0.0,1148.0,593.0,5.682733333333333,3.3706666666666667,4.905666666666667,0.4638429537184766,9.136066666666666,0.0,20.0
2023-03-09,75.3,333.6,D,C,Rusia defecta — precio alto,5.0,0.0,1153.0,593.0,5.696633333333334,3.3625333333333334,4.899533333333334,0.45543636845807645,9.145766666666667,0.0,16.666666666666664
2023-03-10,76.8,297.3,D,C,Rusia defecta — precio alto,5.0,0.0,1158.0,593.0,5.700733333333333,3.345833333333333,4.912666666666667,0.2124843971862749,9.165066666666666,0.0,16.666666666666664
2023-03-11,72.6,350.9,D,C,Rusia defecta — precio alto,5.0,0.0,1163.0,593.0,5.695733333333334,3.3201000000000005,4.9258,0.2066307956580558,9.184366666666667,0.0,16.666666666666664
2023-03-12,99.5,363.4,D,C,Rusia defecta — precio alto,5.0,0.0,1168.0,593.0,5.6983,3.2977000000000003,4.938966666666667,0.20067196639100726,9.2037,0.0,16.666666666666664
2023-04-01,60.2,382.3,D,C,Rusia defecta — precio alto,5.0,0.0,1173.0,593.0,5.694599999999999,3.2756666666666665,4.925266666666667,0.19451943225242282,9.209566666666666,0.0,13.333333333333334
2023-04-02,57.5,338.0,D,C,Rusia defecta — precio alto,5.0,0.0,1178.0,593.0,5.700633333333333,3.2544999999999997,4.938433333333334,0.02854737082373896,9.228866666666667,0.0,13.333333333333334
2023-04-03,66.6,423.6,D,C,Rusia defecta — precio alto,5.0,0.0,1183.0,593.0,5.698033333333333,3.235933333333333,4.9516,0.028547370823737754,9.248199999999999,0.0,13.333333333333334
2023-04-04,74.7,376.4,D,C,Rusia defecta — precio alto,5.0,0.0,1188.0,593.0,5.700833333333334,3.2179,4.964733333333333,0.028470536148217818,9.2675,0.0,13.333333333333334
2023-04-05,67.1,414.0,D,C,Rusia defecta — precio alto,5.0,0.0,1193.0,593.0,5.6977,3.196166666666667,4.977866666666666,0.02831624134317621,9.2868,0.0,13.333333333333334
2023-04-06,58.4,353.6,D,C,Rusia defecta — precio alto,5.0,0.0,1198.0,593.0,5.698133333333333,3.1799999999999997,4.991033333333333,0.028316241343174977,9.306133333333333,0.0,13.333333333333334
2023-04-07,84.2,667.6,D,D,Castigo mutuo — crisis total,1.0,1.0,1199.0,594.0,5.680499999999999,3.1544666666666665,5.004500000000001,0.030680379956594825,9.325600000000001,0.0,16.666666666666664
2023-04-08,89.6,305.1,D,C,Rusia defecta — precio alto,5.0,0.0,1204.0,594.0,5.672533333333334,3.1352,5.017666666666667,0.030103788718919267,9.344899999999999,0.0,16.666666666666664
2023-04-09,77.5,358.0,D,C,Rusia defecta — precio alto,5.0,0.0,1209.0,594.0,5.675433333333333,3.1133,5.0218,0.0294416290956305,9.359733333333333,0.0,13.333333333333334
2023-04-10,69.1,317.5,D,C,Rusia defecta — precio alto,5.0,0.0,1214.0,594.0,5.666933333333334,3.093366666666667,5.034933333333333,0.028687976575476046,9.379066666666667,0.0,13.333333333333334
2023-04-11,71.7,333.8,D,C,Rusia defecta — precio alto,5.0,0.0,1219.0,594.0,5.667833333333333,3.0650666666666666,5.048066666666667,0.027835400550458918,9.398366666666666,0.0,13.333333333333334
2023-04-12,109.1,408.3,D,C,Rusia defecta — precio alto,5.0,0.0,1224.0,594.0,5.670533333333334,3.0451333333333332,5.0612,0.026874487813407007,9.4177,0.0,13.333333333333334
2023-05-01,59.3,357.0,D,C,Rusia defecta — precio alto,5.0,0.0,1229.0,594.0,5.678333333333333,3.0275333333333334,5.066933333333334,0.026380909403338638,9.4333,0.0,10.0
2023-05-02,59.3,341.8,D,C,Rusia defecta — precio alto,5.0,0.0,1234.0,594.0,5.6805666666666665,3.011866666666667,5.0801,0.028470536148202722,9.4526,0.0,10.0
2023-05-03,66.3,416.2,D,C,Rusia defecta — precio alto,5.0,0.0,1239.0,594.0,5.682866666666667,2.9923333333333333,5.093266666666667,0.02854737082371984,9.4719,0.0,10.0
2023-05-04,78.2,388.8,D,C,Rusia defecta — precio alto,5.0,0.0,1244.0,594.0,5.683366666666667,2.9680333333333335,5.1064333333333325,0.028547370823718186,9.491233333333334,0.0,10.0
2023-05-05,67.2,434.2,D,C,Rusia defecta — precio alto,5.0,0.0,1249.0,594.0,5.684500000000001,2.9495999999999998,5.119566666666667,0.02847053614819753,9.510533333333333,0.0,10.0
2023-05-06,38.3,386.4,D,C,Rusia defecta — precio alto,5.0,0.0,1254.0,594.0,5.684933333333333,2.929866666666667,5.1327,0.028316241343155142,9.529833333333332,0.0,10.0
2023-05-07,79.8,772.3,D,D,Castigo mutuo — crisis total,1.0,1.0,1255.0,595.0,5.677866666666666,2.9095000000000004,5.1538666666666675,0.11053937027569063,9.553166666666668,0.0,13.333333333333334
2023-05-08,85.1,280.4,D,C,Rusia defecta — precio alto,5.0,0.0,1260.0,595.0,5.6789000000000005,2.889866666666667,5.167033333333333,0.10571795360429304,9.572466666666665,0.0,13.333333333333334
2023-05-09,79.2,371.6,D,C,Rusia defecta — precio alto,5.0,0.0,1265.0,595.0,5.684166666666667,2.873066666666667,5.140000000000001,0.10064411604873728,9.571666666666665,0.0,10.0
2023-05-10,72.9,291.1,D,C,Rusia defecta — precio alto,5.0,0.0,1270.0,595.0,5.6785,2.8456,5.1531666666666665,0.09527753945082222,9.591000000000001,0.0,10.0
2023-05-11,75.2,329.7,D,C,Rusia defecta — precio alto,5.0,0.0,1275.0,595.0,5.679900000000001,2.824733333333333,5.166300000000001,0.08956561840345509,9.6103,0.0,10.0
2023-05-12,115.0,436.3,D,C,Rusia defecta — precio alto,5.0,0.0,1280.0,595.0,5.6763666666666674,2.803366666666667,5.179433333333333,0.08343745875686005,9.6296,0.0,10.0
2023-06-01,57.6,353.5,D,C,Rusia defecta — precio alto,5.0,0.0,1285.0,595.0,5.669566666666667,2.781566666666667,5.174,0.0767934769054713,9.639666666666667,0.0,6.666666666666667
2023-06-02,64.6,357.8,D,C,Rusia defecta — precio alto,5.0,0.0,1290.0,595.0,5.663433333333333,2.7596000000000003,5.187166666666666,0.02831624134313819,9.658999999999999,0.0,6.666666666666667
2023-06-03,68.8,372.2,D,C,Rusia defecta — precio alto,5.0,0.0,1295.0,595.0,5.668233333333333,2.737033333333333,5.200333333333333,0.0284705361481758,9.6783,0.0,6.666666666666667
2023-06-04,81.6,337.1,D,C,Rusia defecta — precio alto,5.0,0.0,1300.0,595.0,5.6578333333333335,2.7163666666666666,5.2135,0.028547370823691777,9.697633333333332,0.0,6.666666666666667
2023-06-05,62.1,390.4,D,C,Rusia defecta — precio alto,5.0,0.0,1305.0,595.0,5.659366666666666,2.6940999999999997,5.2266666666666675,0.028547370823689137,9.716966666666668,0.0,6.666666666666667
2023-06-06,38.9,384.7,D,C,Rusia defecta — precio alto,5.0,0.0,1310.0,595.0,5.653133333333334,2.6801666666666666,5.2398,0.028470536148167858,9.736266666666667,0.0,6.666666666666667
2023-06-07,82.2,780.4,D,D,Castigo mutuo — crisis total,1.0,1.0,1311.0,596.0,5.648700000000001,2.6602333333333332,5.263733333333333,0.14151257726365435,9.761,0.0,10.0
2023-06-08,83.6,268.9,D,C,Rusia defecta — precio alto,5.0,0.0,1316.0,596.0,5.641566666666667,2.6425333333333336,5.276866666666666,0.13635702437069452,9.780333333333335,0.0,10.0
2023-06-09,82.9,345.3,D,C,Rusia defecta — precio alto,5.0,0.0,1321.0,596.0,5.632199999999999,2.6254,5.2900333333333345,0.13109901746750177,9.799633333333334,0.0,10.0
2023-06-10,69.6,330.2,D,C,Rusia defecta — precio alto,5.0,0.0,1326.0,596.0,5.627866666666667,2.6012666666666666,5.3032,0.1256036851142415,9.818933333333336,0.0,10.0
2023-06-11,79.0,366.7,D,C,Rusia defecta — precio alto,5.0,0.0,1331.0,596.0,5.623866666666666,2.5826,5.316366666666667,0.1198383832302062,9.838266666666668,0.0,10.0
2023-06-12,114.8,412.5,D,C,Rusia defecta — precio alto,5.0,0.0,1336.0,596.0,5.617533333333333,2.5606999999999998,5.3295,0.1137620741890769,9.857566666666665,0.0,10.0
2023-07-01,54.9,344.1,D,C,Rusia defecta — precio alto,5.0,0.0,1341.0,596.0,5.6292,2.5507,5.3423333333333325,0.10732194556562676,9.876733333333332,0.0,6.666666666666667
2023-07-02,66.8,398.7,D,C,Rusia defecta — precio alto,5.0,0.0,1346.0,596.0,5.623366666666667,2.5275666666666665,5.3554666666666675,0.028316241343109814,9.896066666666666,0.0,6.666666666666667
2023-07-03,69.7,298.5,D,C,Rusia defecta — precio alto,5.0,0.0,1351.0,596.0,5.618966666666666,2.5159666666666665,5.368633333333333,0.02831624134310735,9.915366666666667,0.0,6.666666666666667
2023-07-04,74.3,371.0,D,C,Rusia defecta — precio alto,5.0,0.0,1356.0,596.0,5.621833333333333,2.496666666666667,5.3818,0.02847053614814535,9.934666666666667,0.0,6.666666666666667
2023-07-05,62.2,374.6,D,C,Rusia defecta — precio alto,5.0,0.0,1361.0,596.0,5.618033333333333,2.4804666666666666,5.394966666666667,0.028547370823661513,9.954,0.0,6.666666666666667
2023-07-06,38.8,385.3,D,C,Rusia defecta — precio alto,5.0,0.0,1366.0,596.0,5.614966666666666,2.459866666666666,5.408133333333334,0.02854737082365887,9.9733,0.0,6.666666666666667
2023-07-07,83.0,750.8,D,D,Castigo mutuo — crisis total,1.0,1.0,1367.0,597.0,5.618799999999999,2.4456333333333333,5.424899999999999,0.06273147611230676,9.994166666666668,0.0,10.0
2023-07-08,84.2,312.9,D,C,Rusia defecta — precio alto,5.0,0.0,1372.0,597.0,5.614233333333333,2.4251,5.439033333333333,0.061751421807345976,10.013499999999999,0.0,10.0
2023-07-09,81.5,353.9,D,C,Rusia defecta — precio alto,5.0,0.0,1377.0,597.0,5.6064,2.4061000000000003,5.453666666666667,0.06138054601062066,10.032833333333334,0.0,10.0
2023-07-10,61.7,260.2,D,C,Rusia defecta — precio alto,5.0,0.0,1382.0,597.0,5.597066666666667,2.3804999999999996,5.468800000000001,0.061145805447306224,10.052133333333332,0.0,10.0
2023-07-11,82.7,401.6,D,C,Rusia defecta — precio alto,5.0,0.0,1387.0,597.0,5.593166666666666,2.361966666666667,5.4844333333333335,0.05990508365413659,10.071466666666668,0.0,10.0
2023-07-12,104.8,405.6,D,C,Rusia defecta — precio alto,5.0,0.0,1392.0,597.0,5.582266666666667,2.3383666666666665,5.500566666666667,0.056269758434486825,10.0908,0.0,10.0
2023-08-01,55.6,335.7,D,C,Rusia defecta — precio alto,5.0,0.0,1397.0,597.0,5.580866666666667,2.3226,5.509166666666667,0.047842997198564476,10.1061,0.0,6.666666666666667
2023-08-02,68.9,398.4,D,C,Rusia defecta — precio alto,5.0,0.0,1402.0,597.0,5.577833333333333,2.2999333333333336,5.526266666666666,0.06048691318505186,10.1254,0.0,6.666666666666667
2023-08-03,67.6,277.1,D,C,Rusia defecta — precio alto,5.0,0.0,1407.0,597.0,5.571866666666666,2.2786666666666666,5.543866666666667,0.060486913185049423,10.144733333333333,0.0,6.666666666666667
2023-08-04,71.2,367.2,D,C,Rusia defecta — precio alto,5.0,0.0,1412.0,597.0,5.5644333333333345,2.2584999999999997,5.561966666666667,0.06048691318504677,10.164033333333332,0.0,6.666666666666667
2023-08-05,66.3,386.4,D,C,Rusia defecta — precio alto,5.0,0.0,1417.0,597.0,5.552133333333333,2.249966666666667,5.580566666666667,0.06048691318504389,10.183333333333334,0.0,6.666666666666667
2023-08-06,19.4,383.5,D,C,Rusia defecta — precio alto,5.0,0.0,1422.0,597.0,5.551566666666667,2.2351000000000005,5.599666666666667,0.0604869131850408,10.202666666666667,0.0,6.666666666666667
2023-08-07,77.9,716.0,D,D,Castigo mutuo — crisis total,1.0,1.0,1423.0,598.0,5.542133333333334,2.213833333333333,5.633533333333333,0.20447936209748957,10.2291,0.0,10.0
2023-08-08,82.8,325.4,D,C,Rusia defecta — precio alto,5.0,0.0,1428.0,598.0,5.537833333333334,2.195533333333333,5.6536,0.19446630262626272,10.2484,0.0,10.0
2023-08-09,80.4,342.2,D,C,Rusia defecta — precio alto,5.0,0.0,1433.0,598.0,5.529333333333333,2.1779,5.674166666666666,0.1839088801294329,10.267733333333334,0.0,10.0
2023-08-10,66.2,263.2,D,C,Rusia defecta — precio alto,5.0,0.0,1438.0,598.0,5.524733333333333,2.159766666666667,5.695233333333333,0.17270729435607246,10.287033333333333,0.0,10.0
2023-08-11,81.9,404.3,D,C,Rusia defecta — precio alto,5.0,0.0,1443.0,598.0,5.5131,2.1375666666666664,5.7168,0.16072692013825202,10.306333333333333,0.0,10.0
2023-08-12,101.8,385.2,D,C,Rusia defecta — precio alto,5.0,0.0,1448.0,598.0,5.505566666666666,2.1145666666666667,5.738866666666667,0.14777846998281235,10.325666666666667,0.0,10.0
2023-09-01,57.2,365.5,D,C,Rusia defecta — precio alto,5.0,0.0,1453.0,598.0,5.493333333333334,2.0999666666666665,5.750633333333334,0.13358072287494913,10.339566666666666,0.0,6.666666666666667
2023-09-02,67.7,392.5,D,C,Rusia defecta — precio alto,5.0,0.0,1458.0,598.0,5.486866666666667,2.0817,5.773700000000001,0.060486913185015166,10.358866666666666,0.0,6.666666666666667
2023-09-03,67.4,256.1,D,C,Rusia defecta — precio alto,5.0,0.0,1463.0,598.0,5.478733333333334,2.0652999999999997,5.797233333333334,0.06048691318501184,10.3782,0.0,6.666666666666667
2023-09-04,69.7,360.3,D,C,Rusia defecta — precio alto,5.0,0.0,1468.0,598.0,5.467366666666666,2.0490333333333335,5.821266666666667,0.060486913185008186,10.397533333333334,0.0,6.666666666666667
2023-09-05,59.9,364.3,D,C,Rusia defecta — precio alto,5.0,0.0,1473.0,598.0,5.4562,2.028233333333333,5.8458,0.06048691318500464,10.416833333333333,0.0,6.666666666666667
2023-09-06,35.3,387.8,D,C,Rusia defecta — precio alto,5.0,0.0,1478.0,598.0,5.4444333333333335,2.0074666666666667,5.870833333333334,0.06048691318500099,10.436166666666669,0.0,6.666666666666667
2023-09-07,75.0,718.1,D,D,Castigo mutuo — crisis total,1.0,1.0,1479.0,599.0,5.430933333333333,1.9842333333333333,5.8977,0.07076184067151428,10.456166666666666,0.0,10.0
2023-09-08,83.6,316.4,D,C,Rusia defecta — precio alto,5.0,0.0,1484.0,599.0,5.4280333333333335,1.9706000000000001,5.923733333333333,0.06807279017263086,10.475466666666668,0.0,10.0
2023-09-09,78.2,277.6,D,C,Rusia defecta — precio alto,5.0,0.0,1489.0,599.0,5.416300000000001,1.9473333333333334,5.950233333333333,0.06527305285148928,10.494766666666667,0.0,10.0
2023-09-10,70.1,350.5,D,C,Rusia defecta — precio alto,5.0,0.0,1494.0,599.0,5.401,1.9247333333333332,5.977233333333333,0.062347719246333505,10.514100000000001,0.0,10.0
2023-09-11,83.9,418.4,D,C,Rusia defecta — precio alto,5.0,0.0,1499.0,599.0,5.386033333333334,1.9072999999999998,6.004733333333333,0.05927819803170439,10.5334,0.0,10.0
2023-09-12,107.1,358.0,D,C,Rusia defecta — precio alto,5.0,0.0,1504.0,599.0,5.367266666666667,1.8837666666666666,6.032733333333334,0.05604080146243742,10.552699999999998,0.0,10.0
2023-10-01,58.1,371.2,D,C,Rusia defecta — precio alto,5.0,0.0,1509.0,599.0,5.348533333333334,1.8624666666666665,6.0576,0.05260454443504578,10.570466666666666,0.0,6.666666666666667
2023-10-02,68.3,387.4,D,C,Rusia defecta — precio alto,5.0,0.0,1514.0,599.0,5.327466666666667,1.8416666666666666,6.0856,0.06048691318497776,10.589766666666668,0.0,6.666666666666667
2023-10-03,66.0,276.6,D,C,Rusia defecta — precio alto,5.0,0.0,1519.0,599.0,5.3125333333333336,1.8222999999999998,6.1136,0.06048691318497488,10.609066666666667,0.0,6.666666666666667
2023-10-04,68.1,343.7,D,C,Rusia defecta — precio alto,5.0,0.0,1524.0,599.0,5.304033333333334,1.808366666666667,6.1415999999999995,0.060486913184972,10.628400000000001,0.0,6.666666666666667
2023-10-05,67.3,356.5,D,C,Rusia defecta — precio alto,5.0,0.0,1529.0,599.0,5.283566666666667,1.7822666666666669,6.1696,0.060486913184968676,10.647700000000002,0.0,6.666666666666667
2023-10-06,38.5,384.4,D,C,Rusia defecta — precio alto,5.0,0.0,1534.0,599.0,5.271666666666666,1.7682,6.1975999999999996,0.06048691318496535,10.667,0.0,6.666666666666667
2023-10-07,80.4,796.7,D,D,Castigo mutuo — crisis total,1.0,1.0,1535.0,600.0,5.266566666666666,1.7510666666666665,6.243933333333333,0.24954549160609904,10.695500000000001,0.0,10.0
2023-10-08,88.3,300.0,D,C,Rusia defecta — precio alto,5.0,0.0,1540.0,600.0,5.245833333333334,1.7263333333333335,6.271933333333334,0.23903894880875767,10.714833333333335,0.0,10.0
2023-10-09,77.8,266.9,D,C,Rusia defecta — precio alto,5.0,0.0,1545.0,600.0,5.2304,1.7092333333333334,6.299933333333333,0.22804886694360496,10.734133333333334,0.0,10.0
2023-10-10,83.7,372.1,D,C,Rusia defecta — precio alto,5.0,0.0,1550.0,600.0,5.2143,1.6884666666666666,6.327933333333333,0.21650162212077803,10.753466666666666,0.0,10.0
2023-10-11,83.3,430.2,D,C,Rusia defecta — precio alto,5.0,0.0,1555.0,600.0,5.202100000000001,1.6616333333333335,6.355933333333334,0.20430276319128501,10.772799999999998,0.0,10.0
2023-10-12,106.2,359.9,D,C,Rusia defecta — precio alto,5.0,0.0,1560.0,600.0,5.180133333333333,1.6394,6.383933333333333,0.1913276919691981,10.7921,0.0,10.0
2023-11-01,60.1,380.9,D,C,Rusia defecta — precio alto,5.0,0.0,1565.0,600.0,5.171166666666666,1.6238666666666668,6.397666666666666,0.17740617909454684,10.8043,0.0,6.666666666666667
2023-11-02,65.1,357.7,D,C,Rusia defecta — precio alto,5.0,0.0,1570.0,600.0,5.1546666666666665,1.5996333333333335,6.425666666666667,0.06048691318493368,10.823633333333333,0.0,6.666666666666667
2023-11-03,60.1,269.9,D,C,Rusia defecta — precio alto,5.0,0.0,1575.0,600.0,5.1345,1.5817333333333332,6.453666666666667,0.060486913184929145,10.842933333333331,0.0,6.666666666666667
2023-11-04,72.0,365.7,D,C,Rusia defecta — precio alto,5.0,0.0,1580.0,600.0,5.1138666666666674,1.554366666666667,6.4816666666666665,0.06048691318492483,10.862233333333332,0.0,6.666666666666667
2023-11-05,68.3,355.5,D,C,Rusia defecta — precio alto,5.0,0.0,1585.0,600.0,5.092433333333334,1.5392000000000001,6.509666666666667,0.060486913184920735,10.881566666666666,0.0,6.666666666666667
2023-11-06,40.4,390.0,D,C,Rusia defecta — precio alto,5.0,0.0,1590.0,600.0,5.076700000000001,1.5203666666666669,6.5376666666666665,0.06048691318491686,10.900866666666667,0.0,6.666666666666667
2023-11-07,89.3,764.4,D,D,Castigo mutuo — crisis total,1.0,1.0,1591.0,601.0,5.074699999999999,1.5009333333333335,6.610200000000001,0.5441064321654167,10.942433333333334,0.0,10.0
2023-11-08,87.2,296.0,D,C,Rusia defecta — precio alto,5.0,0.0,1596.0,601.0,5.0556,1.4814666666666667,6.638199999999999,0.5325246249615555,10.961766666666668,0.0,10.0
2023-11-09,83.0,316.7,D,C,Rusia defecta — precio alto,5.0,0.0,1601.0,601.0,5.0363999999999995,1.4568666666666668,6.6662,0.5206852627615953,10.981066666666665,0.0,10.0
2023-11-10,83.8,354.5,D,C,Rusia defecta — precio alto,5.0,0.0,1606.0,601.0,5.0188,1.433933333333333,6.6941999999999995,0.5085703584793139,11.000366666666666,0.0,10.0
2023-11-11,80.2,422.1,D,C,Rusia defecta — precio alto,5.0,0.0,1611.0,601.0,5.0053,1.416666666666667,6.7222,0.4961597285052911,11.0197,0.0,10.0
2023-11-12,100.7,379.0,D,C,Rusia defecta — precio alto,5.0,0.0,1616.0,601.0,4.994466666666667,1.3992,6.7502,0.48343059776674296,11.038999999999998,0.0,10.0
2023-12-01,60.2,375.8,D,C,Rusia defecta — precio alto,5.0,0.0,1621.0,601.0,4.984399999999999,1.3794666666666666,6.776866666666667,0.4703571085077558,11.057633333333335,0.0,6.666666666666667
2023-12-02,60.0,350.0,D,C,Rusia defecta — precio alto,5.0,0.0,1626.0,601.0,4.968699999999999,1.3568,6.804866666666667,0.06048691318488739,11.076966666666666,0.0,6.666666666666667
2023-12-03,61.4,277.0,D,C,Rusia defecta — precio alto,5.0,0.0,1631.0,601.0,4.953433333333334,1.3370666666666666,6.832866666666666,0.06048691318488406,11.096300000000001,0.0,6.666666666666667
2023-12-04,80.3,372.7,D,C,Rusia defecta — precio alto,5.0,0.0,1636.0,601.0,4.946233333333334,1.3198333333333336,6.8608666666666664,0.06048691318488041,11.115599999999999,0.0,6.666666666666667
2023-12-05,66.7,398.0,D,C,Rusia defecta — precio alto,5.0,0.0,1641.0,601.0,4.931666666666667,1.3028000000000002,6.888866666666667,0.06048691318487687,11.134933333333333,0.0,6.666666666666667
2023-12-06,63.6,427.9,D,C,Rusia defecta — precio alto,5.0,0.0,1646.0,601.0,4.917166666666668,1.2848000000000002,6.9168666666666665,0.06048691318487322,11.154266666666668,0.0,6.666666666666667
2023-12-07,91.8,807.9,D,D,Castigo mutuo — crisis total,1.0,1.0,1647.0,602.0,4.907799999999999,1.2675333333333334,6.9454,0.06436798967814177,11.173833333333333,0.0,10.0
2023-12-08,81.3,279.4,D,C,Rusia defecta — precio alto,5.0,0.0,1652.0,602.0,4.897766666666667,1.2478666666666667,6.9734,0.06319734774396471,11.193166666666665,0.0,10.0
2023-12-09,85.4,322.3,D,C,Rusia defecta — precio alto,5.0,0.0,1657.0,602.0,4.8804333333333325,1.2261333333333333,7.0014,0.062004608123411346,11.2125,0.0,10.0
2023-12-10,87.4,337.3,D,C,Rusia defecta — precio alto,5.0,0.0,1662.0,602.0,4.856966666666667,1.2077666666666667,7.0294,0.06078847008441642,11.2318,0.0,10.0
2023-12-11,80.3,403.1,D,C,Rusia defecta — precio alto,5.0,0.0,1667.0,602.0,4.841033333333333,1.1868,7.0574,0.059547500047190435,11.2511,0.0,10.0
2023-12-12,106.0,371.2,D,C,Rusia defecta — precio alto,5.0,0.0,1672.0,602.0,4.824366666666667,1.166,7.085400000000001,0.058280111775255605,11.270433333333333,0.0,10.0
2024-01-01,78.8,304.1,D,C,Rusia defecta — precio alto,5.0,0.0,1677.0,602.0,4.796266666666667,1.1428,7.095066666666667,0.0569845425988701,11.280566666666665,0.0,6.666666666666667
2024-01-02,86.9,341.1,D,C,Rusia defecta — precio alto,5.0,0.0,1682.0,602.0,4.7775,1.125,7.123066666666667,0.06048691318484119,11.299866666666667,0.0,6.666666666666667
2024-01-03,84.6,383.0,D,C,Rusia defecta — precio alto,5.0,0.0,1687.0,602.0,4.761266666666667,1.1042666666666667,7.151066666666667,0.06048691318483665,11.3192,0.0,6.666666666666667
2024-01-04,75.0,286.2,D,C,Rusia defecta — precio alto,5.0,0.0,1692.0,602.0,4.746966666666666,1.0830666666666666,7.179066666666667,0.060486913184832555,11.338500000000002,0.0,6.666666666666667
2024-01-05,80.1,308.1,D,C,Rusia defecta — precio alto,5.0,0.0,1697.0,602.0,4.7326999999999995,1.0645333333333333,7.207066666666667,0.06048691318482847,11.357800000000001,0.0,6.666666666666667
2024-01-06,92.6,248.3,D,C,Rusia defecta — precio alto,5.0,0.0,1702.0,602.0,4.713766666666667,1.0384333333333333,7.2350666666666665,0.06048691318482481,11.377133333333335,0.0,6.666666666666667
2024-01-07,93.1,277.7,D,C,Rusia defecta — precio alto,5.0,0.0,1707.0,602.0,4.699233333333334,1.0171333333333334,7.263066666666668,0.06048691318482116,11.396433333333334,0.0,6.666666666666667
2024-01-08,93.2,247.7,D,C,Rusia defecta — precio alto,5.0,0.0,1712.0,602.0,4.682666666666667,1.0000666666666667,7.291066666666667,0.06048691318481784,11.415733333333334,0.0,6.666666666666667
2024-01-09,93.2,243.1,D,C,Rusia defecta — precio alto,5.0,0.0,1717.0,602.0,4.668966666666667,0.9787333333333332,7.319066666666667,0.06048691318481418,11.435066666666668,0.0,6.666666666666667
2024-01-10,89.6,236.3,D,C,Rusia defecta — precio alto,5.0,0.0,1722.0,602.0,4.653566666666666,0.9612,7.347066666666667,0.060486913184810635,11.4544,0.0,6.666666666666667
2024-01-11,87.9,316.0,D,C,Rusia defecta — precio alto,5.0,0.0,1727.0,602.0,4.640066666666667,0.9418666666666666,7.375066666666666,0.060486913184806985,11.4737,0.0,6.666666666666667
2024-01-12,91.3,302.3,D,C,Rusia defecta — precio alto,5.0,0.0,1732.0,602.0,4.6278,0.9209666666666666,7.403066666666667,0.06048691318480344,11.493033333333333,0.0,6.666666666666667
2024-02-01,81.8,336.9,D,C,Rusia defecta — precio alto,5.0,0.0,1737.0,602.0,4.595433333333333,0.8913333333333334,7.386533333333333,0.06048691318479978,11.4901,0.0,3.3333333333333335
2024-02-02,86.2,328.0,D,C,Rusia defecta — precio alto,5.0,0.0,1742.0,602.0,4.5766,0.8656333333333333,7.414533333333334,0.06048691318479624,11.5094,0.0,3.3333333333333335
2024-02-03,84.4,378.6,D,C,Rusia defecta — precio alto,5.0,0.0,1747.0,602.0,4.5629333333333335,0.8467,7.4425333333333334,0.06048691318479259,11.528699999999999,0.0,3.3333333333333335
2024-02-04,77.8,344.4,D,C,Rusia defecta — precio alto,5.0,0.0,1752.0,602.0,4.548533333333334,0.8318666666666666,7.470533333333333,0.06048691318478904,11.548033333333334,0.0,3.3333333333333335
2024-02-05,82.4,330.4,D,C,Rusia defecta — precio alto,5.0,0.0,1757.0,602.0,4.532033333333334,0.8057333333333333,7.4985333333333335,0.06048691318478539,11.567333333333332,0.0,3.3333333333333335
2024-02-06,94.2,249.5,D,C,Rusia defecta — precio alto,5.0,0.0,1762.0,602.0,4.512833333333333,0.7825333333333333,7.526533333333333,0.060486913184781846,11.586633333333335,0.0,3.3333333333333335
2024-02-07,92.7,274.3,D,C,Rusia defecta — precio alto,5.0,0.0,1767.0,602.0,4.493266666666667,0.7627,7.5545333333333335,0.06048691318477819,11.605966666666665,0.0,3.3333333333333335
2024-02-08,93.2,236.0,D,C,Rusia defecta — precio alto,5.0,0.0,1772.0,602.0,4.4726333333333335,0.7471666666666666,7.582533333333333,0.06048691318477464,11.625266666666668,0.0,3.3333333333333335
2024-02-09,95.7,304.5,D,C,Rusia defecta — precio alto,5.0,0.0,1777.0,602.0,4.4551,0.7317,7.610533333333334,0.06048691318477099,11.644566666666666,0.0,3.3333333333333335
2024-02-10,97.8,284.5,D,C,Rusia defecta — precio alto,5.0,0.0,1782.0,602.0,4.430466666666667,0.7060333333333334,7.638533333333333,0.06048691318476745,11.663900000000002,0.0,3.3333333333333335
2024-02-11,85.8,314.7,D,C,Rusia defecta — precio alto,5.0,0.0,1787.0,602.0,4.417033333333333,0.6805666666666668,7.666533333333333,0.060486913184763576,11.6832,0.0,3.3333333333333335
2024-02-12,92.8,354.8,D,C,Rusia defecta — precio alto,5.0,0.0,1792.0,602.0,4.400433333333334,0.6629,7.694533333333334,0.06048691318475981,11.702499999999999,0.0,3.3333333333333335
2024-03-01,83.7,332.8,D,C,Rusia defecta — precio alto,5.0,0.0,1797.0,602.0,4.378833333333334,0.6374,7.721666666666667,0.05824905476405584,11.721566666666668,0.0,0.0
2024-03-02,89.2,292.6,D,C,Rusia defecta — precio alto,5.0,0.0,1802.0,602.0,4.365233333333333,0.6204333333333333,7.749033333333333,0.05474312307279138,11.740866666666667,0.0,0.0
2024-03-03,82.6,373.2,D,D,Castigo mutuo — crisis total,1.0,1.0,1803.0,603.0,4.3608666666666664,0.6052666666666667,7.7848999999999995,0.13475144667462682,11.764566666666667,0.0,3.3333333333333335
2024-03-04,83.6,368.0,D,D,Castigo mutuo — crisis total,1.0,1.0,1804.0,604.0,4.362033333333334,0.5891333333333333,7.842966666666666,0.3857718916418129,11.799566666666665,0.0,6.666666666666667
2024-03-05,82.5,334.8,D,C,Rusia defecta — precio alto,5.0,0.0,1809.0,604.0,4.3485000000000005,0.5706333333333333,7.869366666666666,0.3741514208368527,11.818900000000001,0.0,6.666666666666667
2024-03-06,99.4,266.1,D,C,Rusia defecta — precio alto,5.0,0.0,1814.0,604.0,4.333699999999999,0.5488333333333333,7.895466666666666,0.36309037311331827,11.8382,0.0,6.666666666666667
2024-03-07,93.2,294.8,D,C,Rusia defecta — precio alto,5.0,0.0,1819.0,604.0,4.319833333333333,0.5316333333333333,7.921233333333333,0.35274987766181515,11.857533333333333,0.0,6.666666666666667
2024-03-08,88.9,223.3,D,C,Rusia defecta — precio alto,5.0,0.0,1824.0,604.0,4.307733333333333,0.5138,7.946699999999999,0.3420130880257386,11.876866666666666,0.0,6.666666666666667
2024-03-09,98.8,319.1,D,C,Rusia defecta — precio alto,5.0,0.0,1829.0,604.0,4.293466666666666,0.49409999999999993,7.9718333333333335,0.33101481768005286,11.896166666666666,0.0,6.666666666666667
2024-03-10,89.3,309.2,D,C,Rusia defecta — precio alto,5.0,0.0,1834.0,604.0,4.2776000000000005,0.4779666666666666,7.996666666666667,0.3324198435426226,11.915466666666667,0.0,6.666666666666667
2024-03-11,87.5,317.7,D,C,Rusia defecta — precio alto,5.0,0.0,1839.0,604.0,4.2636666666666665,0.46216666666666667,8.021166666666666,0.0399654612783144,11.9348,0.0,6.666666666666667
2024-03-12,95.7,363.2,D,D,Castigo mutuo — crisis total,1.0,1.0,1840.0,605.0,4.256233333333333,0.4486666666666667,8.055200000000001,0.13967087162648545,11.959,0.0,10.0
2024-04-01,82.5,327.6,D,C,Rusia defecta — precio alto,5.0,0.0,1845.0,605.0,4.2382,0.429,8.079066666666666,0.13302559725014998,11.978299999999999,0.0,10.0
2024-04-02,85.2,291.3,D,C,Rusia defecta — precio alto,5.0,0.0,1850.0,605.0,4.226,0.41133333333333333,8.1026,0.12595728678876578,11.997633333333333,0.0,10.0
2024-04-03,83.7,384.0,D,D,Castigo mutuo — crisis total,1.0,1.0,1851.0,606.0,4.212266666666666,0.3896333333333333,8.1406,0.20989680003900643,12.024333333333335,0.0,13.333333333333334
2024-04-04,84.6,374.4,D,D,Castigo mutuo — crisis total,1.0,1.0,1852.0,607.0,4.204433333333333,0.3747666666666667,8.1835,0.284348042939908,12.053633333333334,0.0,16.666666666666664
2024-04-05,82.3,310.4,D,C,Rusia defecta — precio alto,5.0,0.0,1857.0,607.0,4.193266666666667,0.3530333333333333,8.2061,0.26953098593834873,12.072966666666668,0.0,16.666666666666664
2024-04-06,50.8,291.9,D,C,Rusia defecta — precio alto,5.0,0.0,1862.0,607.0,4.176033333333333,0.3263666666666667,8.228366666666666,0.2538142365325719,12.092266666666665,0.0,16.666666666666664
2024-04-07,94.9,279.0,D,C,Rusia defecta — precio alto,5.0,0.0,1867.0,607.0,4.1690000000000005,0.30113333333333336,8.250333333333334,0.2562165192993045,12.111566666666667,0.0,16.666666666666664
2024-04-08,88.6,228.4,D,C,Rusia defecta — precio alto,5.0,0.0,1872.0,607.0,4.1519,0.2838,8.271966666666666,0.2433924911780364,12.1309,0.0,16.666666666666664
2024-04-09,99.5,319.7,D,C,Rusia defecta — precio alto,5.0,0.0,1877.0,607.0,4.1396,0.26056666666666667,8.293299999999999,0.22974602955259865,12.150233333333334,0.0,16.666666666666664
2024-04-10,96.3,314.2,D,C,Rusia defecta — precio alto,5.0,0.0,1882.0,607.0,4.123933333333333,0.2414,8.3143,0.2046532491335007,12.169533333333334,0.0,16.666666666666664
2024-04-11,89.8,347.0,D,C,Rusia defecta — precio alto,5.0,0.0,1887.0,607.0,4.1098333333333334,0.22963333333333333,8.334999999999999,0.039965461278282134,12.188866666666666,0.0,16.666666666666664
2024-04-12,98.6,356.3,D,D,Castigo mutuo — crisis total,1.0,1.0,1888.0,608.0,4.094033333333333,0.21369999999999997,8.362166666666667,0.10630996907043225,12.211599999999999,0.0,20.0
2024-05-01,82.6,320.3,D,C,Rusia defecta — precio alto,5.0,0.0,1893.0,608.0,4.0828,0.19373333333333334,8.382233333333334,0.10019457261198714,12.2309,0.0,20.0
2024-05-02,86.9,322.5,D,C,Rusia defecta — precio alto,5.0,0.0,1898.0,608.0,4.0661000000000005,0.16916666666666666,8.401966666666667,0.09373264918775953,12.250233333333332,0.0,20.0
2024-05-03,87.1,403.7,D,D,Castigo mutuo — crisis total,1.0,1.0,1899.0,609.0,4.0530333333333335,0.14350000000000002,8.4441,0.2824999789295251,12.280933333333333,0.0,23.333333333333332
2024-05-04,83.3,364.4,D,C,Rusia defecta — precio alto,5.0,0.0,1904.0,609.0,4.0386,0.12490000000000001,8.463199999999999,0.2727082864963095,12.300233333333333,0.0,23.333333333333332
2024-05-05,81.6,307.3,D,C,Rusia defecta — precio alto,5.0,0.0,1909.0,609.0,4.026533333333333,0.10783333333333332,8.481966666666667,0.2625165754402868,12.319533333333334,0.0,23.333333333333332
2024-05-06,45.4,280.6,D,C,Rusia defecta — precio alto,5.0,0.0,1914.0,609.0,4.013466666666667,0.0865,8.500433333333334,0.25196163729149296,12.338866666666666,0.0,23.333333333333332
2024-05-07,94.1,280.8,D,C,Rusia defecta — precio alto,5.0,0.0,1919.0,609.0,3.9983,0.0698,8.5189,0.252464330342291,12.358166666666667,0.0,23.333333333333332
2024-05-08,88.3,218.4,D,C,Rusia defecta — precio alto,5.0,0.0,1924.0,609.0,3.9787333333333335,0.04393333333333334,8.537366666666665,0.24406400409560833,12.377466666666667,0.0,23.333333333333332
2024-05-09,100.7,300.9,D,C,Rusia defecta — precio alto,5.0,0.0,1929.0,609.0,3.955433333333333,0.01683333333333333,8.547,0.23532490204768455,12.3924,0.0,20.0
2024-05-10,94.0,255.4,D,C,Rusia defecta — precio alto,5.0,0.0,1934.0,609.0,3.926,-0.007633333333333335,8.534133333333333,0.03996546127823546,12.396033333333333,0.0,16.666666666666664
2024-05-11,95.0,354.4,D,C,Rusia defecta — precio alto,5.0,0.0,1939.0,609.0,3.913766666666667,-0.029400000000000003,8.5526,0.039965461278232604,12.415333333333335,0.0,16.666666666666664
2024-05-12,94.4,381.7,D,D,Castigo mutuo — crisis total,1.0,1.0,1940.0,610.0,3.9010666666666665,-0.046900000000000004,8.583333333333334,0.16666676190456323,12.4408,0.0,20.0
2024-06-01,81.2,295.5,D,C,Rusia defecta — precio alto,5.0,0.0,1945.0,610.0,3.8882,-0.07026666666666667,8.601799999999999,0.15974115967771338,12.4601,0.0,20.0
2024-06-02,85.4,326.5,D,C,Rusia defecta — precio alto,5.0,0.0,1950.0,610.0,3.870633333333333,-0.09053333333333333,8.620266666666668,0.1524439006883689,12.4794,0.0,20.0
2024-06-03,89.9,377.3,D,D,Castigo mutuo — crisis total,1.0,1.0,1951.0,611.0,3.8544666666666667,-0.11203333333333335,8.646766666666666,0.17173789553225177,12.502766666666666,0.0,23.333333333333332
2024-06-04,79.0,350.4,D,C,Rusia defecta — precio alto,5.0,0.0,1956.0,611.0,3.8425333333333334,-0.12933333333333333,8.6652,0.1604196876646312,12.5221,0.0,23.333333333333332
2024-06-05,84.4,287.5,D,C,Rusia defecta — precio alto,5.0,0.0,1961.0,611.0,3.8299333333333334,-0.15026666666666666,8.683666666666666,0.14832268554594213,12.5414,0.0,23.333333333333332
2024-06-06,46.3,304.1,D,C,Rusia defecta — precio alto,5.0,0.0,1966.0,611.0,3.812766666666667,-0.17066666666666666,8.692266666666667,0.13507898923694414,12.555833333333334,0.0,20.0
2024-06-07,89.9,243.9,D,C,Rusia defecta — precio alto,5.0,0.0,1971.0,611.0,3.8036000000000003,-0.19013333333333332,8.710733333333334,0.09166138512891453,12.575166666666666,0.0,20.0
2024-06-08,90.3,235.6,D,C,Rusia defecta — precio alto,5.0,0.0,1976.0,611.0,3.7871333333333337,-0.21026666666666666,8.729199999999999,0.08315791059892884,12.594466666666667,0.0,20.0
2024-06-09,98.4,289.7,D,C,Rusia defecta — precio alto,5.0,0.0,1981.0,611.0,3.7709,-0.23309999999999997,8.7329,0.07384604319243568,12.6064,0.0,16.666666666666664
2024-06-10,91.1,256.7,D,C,Rusia defecta — precio alto,5.0,0.0,1986.0,611.0,3.751433333333333,-0.2534666666666667,8.731366666666666,0.03996546127820108,12.615733333333333,0.0,13.333333333333334
2024-06-11,100.3,344.7,D,C,Rusia defecta — precio alto,5.0,0.0,1991.0,611.0,3.7364,-0.27166666666666667,8.749833333333333,0.039965461278196404,12.635033333333332,0.0,13.333333333333334
2024-06-12,96.3,346.9,D,C,Rusia defecta — precio alto,5.0,0.0,1996.0,611.0,3.7230000000000003,-0.2849,8.7683,0.03996546127819156,12.654333333333334,0.0,13.333333333333334
2024-07-01,81.4,311.1,D,C,Rusia defecta — precio alto,5.0,0.0,2001.0,611.0,3.7096666666666662,-0.2942,8.786766666666667,0.039965461278186884,12.673666666666666,0.0,13.333333333333334
2024-07-02,86.0,331.4,D,C,Rusia defecta — precio alto,5.0,0.0,2006.0,611.0,3.6967,-0.3116,8.805233333333332,0.0399654612781816,12.692966666666667,0.0,13.333333333333334
2024-07-03,89.7,369.8,D,D,Castigo mutuo — crisis total,1.0,1.0,2007.0,612.0,3.6769666666666665,-0.3306333333333333,8.8513,0.3389910800904486,12.726066666666668,0.0,16.666666666666664
2024-07-04,76.9,357.0,D,C,Rusia defecta — precio alto,5.0,0.0,2012.0,612.0,3.661766666666667,-0.35706666666666664,8.869766666666665,0.3314040836601184,12.745399999999998,0.0,16.666666666666664
2024-07-05,86.3,295.7,D,C,Rusia defecta — precio alto,5.0,0.0,2017.0,612.0,3.6489333333333334,-0.3838,8.888200000000001,0.32361080386922825,12.764700000000001,0.0,16.666666666666664
2024-07-06,47.4,290.3,D,C,Rusia defecta — precio alto,5.0,0.0,2022.0,612.0,3.633766666666667,-0.40216666666666673,8.899866666666666,0.3156640770245244,12.7806,0.0,13.333333333333334
2024-07-07,90.4,247.1,D,C,Rusia defecta — precio alto,5.0,0.0,2027.0,612.0,3.6160666666666668,-0.4217,8.918299999999999,0.3074820939423515,12.799933333333334,0.0,13.333333333333334
2024-07-08,88.7,232.5,D,C,Rusia defecta — precio alto,5.0,0.0,2032.0,612.0,3.6055333333333333,-0.43979999999999997,8.936766666666667,0.29911743194801066,12.819233333333335,0.0,13.333333333333334
2024-07-09,92.2,231.7,D,C,Rusia defecta — precio alto,5.0,0.0,2037.0,612.0,3.5859333333333336,-0.46066666666666667,8.932500000000001,0.29048030832354854,12.827166666666667,0.0,10.0
2024-07-10,92.6,276.9,D,C,Rusia defecta — precio alto,5.0,0.0,2042.0,612.0,3.5665,-0.47863333333333336,8.950966666666666,0.03996546127814559,12.846499999999999,0.0,10.0
2024-07-11,101.0,339.1,D,C,Rusia defecta — precio alto,5.0,0.0,2047.0,612.0,3.5497333333333336,-0.49596666666666667,8.969433333333335,0.039965461278140296,12.865833333333335,0.0,10.0
2024-07-12,95.2,302.8,D,C,Rusia defecta — precio alto,5.0,0.0,2052.0,612.0,3.5394,-0.5152,8.9879,0.03996546127813473,12.885133333333332,0.0,10.0
2024-08-01,86.2,407.1,D,D,Castigo mutuo — crisis total,1.0,1.0,2053.0,613.0,3.520366666666667,-0.5389666666666667,9.014466666666666,0.12046141448981483,12.9085,0.0,13.333333333333334
2024-08-02,85.2,347.2,D,C,Rusia defecta — precio alto,5.0,0.0,2058.0,613.0,3.5073333333333334,-0.5562333333333334,9.032933333333334,0.11404677402978483,12.927833333333334,0.0,13.333333333333334
2024-08-03,89.4,366.7,D,D,Castigo mutuo — crisis total,1.0,1.0,2059.0,614.0,3.4983333333333335,-0.5710666666666667,9.0607,0.15667558231955192,12.951766666666666,0.0,16.666666666666664
2024-08-04,77.0,340.9,D,C,Rusia defecta — precio alto,5.0,0.0,2064.0,614.0,3.4899666666666667,-0.5905,9.079166666666667,0.14599934768258935,12.971066666666667,0.0,16.666666666666664
2024-08-05,87.3,290.2,D,C,Rusia defecta — precio alto,5.0,0.0,2069.0,614.0,3.4718999999999998,-0.6038666666666667,9.097633333333334,0.13457056920132887,12.9904,0.0,16.666666666666664
2024-08-06,46.7,247.1,D,C,Rusia defecta — precio alto,5.0,0.0,2074.0,614.0,3.4575666666666667,-0.6245999999999999,9.1038,0.12200097579597113,13.003566666666668,0.0,13.333333333333334
2024-08-07,91.5,294.8,D,C,Rusia defecta — precio alto,5.0,0.0,2079.0,614.0,3.4402666666666666,-0.6486000000000001,9.122266666666667,0.10809167185190588,13.022866666666667,0.0,13.333333333333334
2024-08-08,85.8,220.6,D,C,Rusia defecta — precio alto,5.0,0.0,2084.0,614.0,3.4283,-0.6680333333333334,9.1407,0.09618632711430758,13.042200000000001,0.0,13.333333333333334
2024-08-09,89.8,230.1,D,C,Rusia defecta — precio alto,5.0,0.0,2089.0,614.0,3.414,-0.6855999999999999,9.151133333333336,0.0868921060578495,13.057466666666668,0.0,10.0
2024-08-10,91.7,261.4,D,C,Rusia defecta — precio alto,5.0,0.0,2094.0,614.0,3.394066666666667,-0.7100666666666666,9.1696,0.03973423616656906,13.076766666666666,0.0,10.0
2024-08-11,105.4,365.2,D,D,Castigo mutuo — crisis total,1.0,1.0,2095.0,615.0,3.3759,-0.7331000000000001,9.228833333333332,0.48783774625031945,13.116466666666666,0.0,13.333333333333334
2024-08-12,93.0,298.4,D,C,Rusia defecta — precio alto,5.0,0.0,2100.0,615.0,3.358233333333333,-0.7501,9.2473,0.4800759860489547,13.135766666666665,0.0,13.333333333333334
2024-09-01,88.9,454.7,D,D,Castigo mutuo — crisis total,1.0,1.0,2101.0,616.0,3.3431333333333333,-0.7698333333333333,9.272633333333335,0.4698861057542288,13.1585,0.0,16.666666666666664
2024-09-02,90.5,313.2,D,C,Rusia defecta — precio alto,5.0,0.0,2106.0,616.0,3.3288333333333333,-0.7908666666666666,9.2911,0.46045065916309724,13.177833333333334,0.0,16.666666666666664
2024-09-03,87.8,343.6,D,C,Rusia defecta — precio alto,5.0,0.0,2111.0,616.0,3.314333333333333,-0.8050999999999999,9.309566666666667,0.4507422978238671,13.197133333333333,0.0,16.666666666666664
2024-09-04,79.2,345.1,D,C,Rusia defecta — precio alto,5.0,0.0,2116.0,616.0,3.2999,-0.8238,9.328033333333334,0.4408973533492759,13.216433333333333,0.0,16.666666666666664
2024-09-05,89.1,330.1,D,C,Rusia defecta — precio alto,5.0,0.0,2121.0,616.0,3.283866666666667,-0.8449000000000001,9.346499999999999,0.4307485179477755,13.235766666666667,0.0,16.666666666666664
2024-09-06,60.8,255.5,D,C,Rusia defecta — precio alto,5.0,0.0,2126.0,616.0,3.264933333333333,-0.8627333333333332,9.364966666666668,0.0716831653207413,13.2551,0.0,16.666666666666664
2024-09-07,93.3,297.2,D,C,Rusia defecta — precio alto,5.0,0.0,2131.0,616.0,3.2525,-0.8839666666666666,9.3834,0.06208557841836516,13.274399999999998,0.0,16.666666666666664
2024-09-08,86.5,224.9,D,C,Rusia defecta — precio alto,5.0,0.0,2136.0,616.0,3.2409666666666666,-0.9107999999999999,9.401866666666669,0.03981146042129901,13.293733333333334,0.0,16.666666666666664
2024-09-09,97.7,273.5,D,C,Rusia defecta — precio alto,5.0,0.0,2141.0,616.0,3.2302666666666666,-0.9329666666666667,9.3927,0.03965686153227955,13.299266666666664,0.0,13.333333333333334
2024-09-10,93.1,293.6,D,C,Rusia defecta — precio alto,5.0,0.0,2146.0,616.0,3.2163666666666666,-0.9496666666666668,9.411166666666668,0.039811460421284826,13.318566666666667,0.0,13.333333333333334
2024-09-11,113.1,303.5,D,C,Rusia defecta — precio alto,5.0,0.0,2151.0,616.0,3.2054666666666662,-0.9614666666666667,9.429633333333333,0.03973423616646033,13.337866666666665,0.0,13.333333333333334
2024-09-12,93.2,329.1,D,C,Rusia defecta — precio alto,5.0,0.0,2156.0,616.0,3.1904999999999997,-0.9793333333333333,9.4481,0.039965461277958636,13.3572,0.0,13.333333333333334
2024-10-01,85.3,452.4,D,D,Castigo mutuo — crisis total,1.0,1.0,2157.0,617.0,3.1773666666666665,-0.9992,9.4691,0.06183002814873452,13.377766666666666,0.0,16.666666666666664
2024-10-02,87.2,283.9,D,C,Rusia defecta — precio alto,5.0,0.0,2162.0,617.0,3.163133333333333,-1.0207,9.487566666666664,0.057900571589549116,13.397066666666666,0.0,16.666666666666664
2024-10-03,86.8,345.3,D,C,Rusia defecta — precio alto,5.0,0.0,2167.0,617.0,3.1547666666666667,-1.0408666666666666,9.506033333333333,0.0537179583336779,13.416400000000001,0.0,16.666666666666664
2024-10-04,78.6,352.0,D,C,Rusia defecta — precio alto,5.0,0.0,2172.0,617.0,3.1425666666666667,-1.0651,9.5245,0.04914410297341886,13.435699999999999,0.0,16.666666666666664
2024-10-05,86.6,318.8,D,C,Rusia defecta — precio alto,5.0,0.0,2177.0,617.0,3.130033333333333,-1.0886666666666664,9.542966666666667,0.04413938959936262,13.455,0.0,16.666666666666664
2024-10-06,66.6,264.3,D,C,Rusia defecta — precio alto,5.0,0.0,2182.0,617.0,3.1109666666666667,-1.1092000000000002,9.561433333333333,0.03844228822179543,13.474333333333334,0.0,16.666666666666664
2024-10-07,93.5,279.5,D,C,Rusia defecta — precio alto,5.0,0.0,2187.0,617.0,3.1029666666666667,-1.1266666666666665,9.5718,0.031795477365026546,13.4896,0.0,13.333333333333334
2024-10-08,86.6,203.3,D,C,Rusia defecta — precio alto,5.0,0.0,2192.0,617.0,3.088433333333333,-1.1422666666666668,9.590266666666668,0.03996546127790146,13.507533333333335,0.0,13.333333333333334
2024-10-09,100.7,284.8,D,C,Rusia defecta — precio alto,5.0,0.0,2197.0,617.0,3.070266666666667,-1.1627333333333332,9.599433333333334,0.039965461277896165,13.519499999999999,0.0,10.0
2024-10-10,88.5,308.0,D,C,Rusia defecta — precio alto,5.0,0.0,2202.0,617.0,3.0566666666666666,-1.1777666666666666,9.617899999999999,0.03996546127789059,13.534733333333332,0.0,10.0
2024-10-11,108.2,307.7,D,C,Rusia defecta — precio alto,5.0,0.0,2207.0,617.0,3.0482333333333336,-1.1941,9.6364,0.04019713327745567,13.548599999999999,0.0,10.0
2024-10-12,95.1,367.8,D,D,Castigo mutuo — crisis total,1.0,1.0,2208.0,618.0,3.0374666666666665,-1.2060333333333333,9.663566666666666,0.12681858058213274,13.565433333333333,0.0,13.333333333333334
2024-11-01,88.0,435.6,D,D,Castigo mutuo — crisis total,1.0,1.0,2209.0,619.0,3.0165333333333337,-1.2213,9.693733333333334,0.18489404945460602,13.582433333333334,0.0,16.666666666666664
2024-11-02,84.1,284.6,D,C,Rusia defecta — precio alto,5.0,0.0,2214.0,619.0,3.0006,-1.2367,9.712266666666666,0.17431812735261287,13.592199999999998,0.0,16.666666666666664
2024-11-03,87.4,373.9,D,D,Castigo mutuo — crisis total,1.0,1.0,2215.0,620.0,3.000333333333333,-1.2430999999999999,9.7448,0.21799148082940256,13.607633333333332,0.0,20.0
2024-11-04,79.6,347.6,D,C,Rusia defecta — precio alto,5.0,0.0,2220.0,620.0,2.9939999999999998,-1.2528000000000001,9.763333333333332,0.2026883603675381,13.6147,0.0,20.0
2024-11-05,86.1,322.6,D,C,Rusia defecta — precio alto,5.0,0.0,2225.0,620.0,2.9765,-1.2622333333333335,9.7411,0.18616480154218845,13.6,0.0,16.666666666666664
2024-11-06,96.7,246.0,D,C,Rusia defecta — precio alto,5.0,0.0,2230.0,620.0,2.9669999999999996,-1.2731333333333332,9.759666666666666,0.16806121333752197,13.604333333333333,0.0,16.666666666666664
2024-11-07,92.6,287.9,D,C,Rusia defecta — precio alto,5.0,0.0,2235.0,620.0,2.9554666666666667,-1.2807,9.771333333333333,0.16793323503249927,13.603866666666667,0.0,13.333333333333334
2024-11-08,85.2,203.0,D,C,Rusia defecta — precio alto,5.0,0.0,2240.0,620.0,2.9428333333333336,-1.2893000000000001,9.7899,0.14711220207688439,13.605466666666667,0.0,13.333333333333334
2024-11-09,103.2,274.0,D,C,Rusia defecta — precio alto,5.0,0.0,2245.0,620.0,2.931233333333333,-1.2967666666666666,9.808466666666666,0.13794287982765774,13.6057,0.0,13.333333333333334
2024-11-10,88.3,298.5,D,C,Rusia defecta — precio alto,5.0,0.0,2250.0,620.0,2.9173666666666667,-1.3028666666666666,9.827033333333333,0.0403514323803849,13.604600000000001,0.0,13.333333333333334
2024-11-11,102.4,336.9,D,C,Rusia defecta — precio alto,5.0,0.0,2255.0,620.0,2.9055666666666666,-1.3047000000000002,9.8456,0.040274061130089724,13.6021,0.0,13.333333333333334
2024-11-12,98.1,410.0,D,D,Castigo mutuo — crisis total,1.0,1.0,2256.0,621.0,2.9102333333333332,-1.2986333333333333,9.865833333333333,0.0537640347117001,13.599066666666666,0.0,16.666666666666664
2024-12-01,88.9,411.6,D,D,Castigo mutuo — crisis total,1.0,1.0,2257.0,622.0,2.8914666666666666,-1.2983666666666667,9.919433333333332,0.42087674929264324,13.611333333333334,0.0,20.0
2024-12-02,88.0,331.4,D,C,Rusia defecta — precio alto,5.0,0.0,2262.0,622.0,2.8768000000000002,-1.2938666666666665,9.938033333333331,0.4126443181884819,13.604733333333334,0.0,20.0
2024-12-03,89.1,383.1,D,D,Castigo mutuo — crisis total,1.0,1.0,2263.0,623.0,2.858966666666667,-1.2891000000000001,9.979700000000001,0.4565518799079894,13.608300000000002,0.0,23.333333333333332
2024-12-04,80.6,348.7,D,C,Rusia defecta — precio alto,5.0,0.0,2268.0,623.0,2.8483,-1.2816666666666667,9.998333333333333,0.4441758017463832,13.599,0.0,23.333333333333332
2024-12-05,86.0,322.1,D,C,Rusia defecta — precio alto,5.0,0.0,2273.0,623.0,2.8323666666666667,-1.2833,10.016966666666665,0.4314087113056192,13.588366666666667,0.0,23.333333333333332
2024-12-06,97.5,286.2,D,C,Rusia defecta — precio alto,5.0,0.0,2278.0,623.0,2.8212,-1.2802,10.0356,0.41826700289908597,13.576333333333334,0.0,23.333333333333332
2024-12-07,93.4,286.3,D,C,Rusia defecta — precio alto,5.0,0.0,2283.0,623.0,2.811333333333333,-1.2792999999999999,10.051733333333335,0.4107686754875581,13.5617,0.0,20.0
2024-12-08,86.9,239.7,D,C,Rusia defecta — precio alto,5.0,0.0,2288.0,623.0,2.7925,-1.2716333333333334,10.070366666666668,0.2474907405673361,13.546966666666666,0.0,20.0
2024-12-09,102.5,286.0,D,C,Rusia defecta — precio alto,5.0,0.0,2293.0,623.0,2.7799666666666667,-1.2582666666666666,10.089033333333333,0.2386103618072903,13.530833333333334,0.0,20.0
2024-12-10,84.3,284.9,D,C,Rusia defecta — precio alto,5.0,0.0,2298.0,623.0,2.7727666666666666,-1.2436,10.1077,0.04035143238029676,13.513366666666666,0.0,20.0
2024-12-11,103.1,337.5,D,C,Rusia defecta — precio alto,5.0,0.0,2303.0,623.0,2.7616333333333336,-1.2273666666666665,10.126366666666666,0.040351432380289945,13.494533333333333,0.0,20.0
2024-12-12,100.6,433.0,D,D,Castigo mutuo — crisis total,1.0,1.0,2304.0,624.0,2.7527333333333335,-1.2126666666666666,10.161066666666667,0.2089311802846541,13.482366666666667,0.0,23.333333333333332
2025-01-01,50.0,298.3,D,D,Castigo mutuo — crisis total,1.0,1.0,2305.0,625.0,2.7409000000000003,-1.196866666666667,10.189133333333334,0.22533076217163778,13.465466666666666,0.0,26.666666666666668
2025-01-02,49.1,367.0,D,D,Castigo mutuo — crisis total,1.0,1.0,2306.0,626.0,2.736466666666667,-1.1820999999999997,10.209666666666665,0.21333731395071864,13.444866666666664,0.0,30.0
2025-01-03,54.8,370.7,D,D,Castigo mutuo — crisis total,1.0,1.0,2307.0,627.0,2.7203,-1.1683,10.2529,0.3207158659414294,13.435566666666666,0.0,33.33333333333333
2025-01-04,39.9,449.0,D,D,Castigo mutuo — crisis total,1.0,1.0,2308.0,628.0,2.6853,-1.1666666666666667,10.295233333333334,0.3547092706239258,13.4258,0.0,36.666666666666664
2025-01-05,44.3,428.1,D,D,Castigo mutuo — crisis total,1.0,1.0,2309.0,629.0,2.6604333333333328,-1.1581,10.32,0.3166573933477541,13.407266666666667,0.0,40.0
2025-01-06,42.5,409.2,D,D,Castigo mutuo — crisis total,1.0,1.0,2310.0,630.0,2.641366666666667,-1.146566666666667,10.355166666666667,0.3040978069476368,13.393933333333335,0.0,40.0
2025-01-07,53.2,401.0,D,D,Castigo mutuo — crisis total,1.0,1.0,2311.0,631.0,2.6303666666666667,-1.131,10.376533333333333,0.30419174717191894,13.373700000000001,0.0,40.0
2025-01-08,52.8,325.3,D,D,Castigo mutuo — crisis total,1.0,1.0,2312.0,632.0,2.6425,-1.1035000000000001,10.425266666666666,0.3418866423105159,13.367133333333333,0.0,43.333333333333336
2025-01-09,52.3,381.8,D,D,Castigo mutuo — crisis total,1.0,1.0,2313.0,633.0,2.6162666666666667,-1.0955000000000001,10.436,0.28312532981143457,13.3416,0.0,43.333333333333336
2025-01-10,52.6,373.2,D,D,Castigo mutuo — crisis total,1.0,1.0,2314.0,634.0,2.5908,-1.0844333333333334,10.486500000000001,0.3345429006582446,13.335933333333335,0.0,46.666666666666664
2025-01-11,50.5,406.2,D,D,Castigo mutuo — crisis total,1.0,1.0,2315.0,635.0,2.580966666666667,-1.0691666666666668,10.521833333333335,0.33329237843624565,13.3227,0.0,50.0
2025-01-12,56.6,421.6,D,D,Castigo mutuo — crisis total,1.0,1.0,2316.0,636.0,2.5680666666666667,-1.0546,10.567200000000001,0.2891103760221808,13.314466666666668,0.0,53.333333333333336
2025-02-01,50.6,336.4,D,D,Castigo mutuo — crisis total,1.0,1.0,2317.0,637.0,2.5467333333333335,-1.0416666666666667,10.588366666666667,0.3422750912571894,13.294133333333333,0.0,56.666666666666664
2025-02-02,48.9,379.6,D,D,Castigo mutuo — crisis total,1.0,1.0,2318.0,638.0,2.5369,-1.0224,10.614033333333333,0.3514979509523335,13.276033333333334,0.0,60.0
2025-02-03,54.0,377.8,D,D,Castigo mutuo — crisis total,1.0,1.0,2319.0,639.0,2.5127333333333337,-1.0128,10.646966666666666,0.320686985793037,13.2616,0.0,63.33333333333333
2025-02-04,40.8,461.7,D,D,Castigo mutuo — crisis total,1.0,1.0,2320.0,640.0,2.4960999999999998,-1.0003666666666666,10.6762,0.2902841793170696,13.245300000000002,0.0,66.66666666666666
2025-02-05,43.7,432.4,D,D,Castigo mutuo — crisis total,1.0,1.0,2321.0,641.0,2.4845333333333333,-0.9845333333333334,10.717833333333335,0.2599050192810816,13.235199999999999,0.0,70.0
2025-02-06,45.4,399.3,D,D,Castigo mutuo — crisis total,1.0,1.0,2322.0,642.0,2.4551666666666665,-0.9781,10.741000000000001,0.26770257127369457,13.215866666666667,0.0,70.0
2025-02-07,49.6,403.2,D,D,Castigo mutuo — crisis total,1.0,1.0,2323.0,643.0,2.4503333333333335,-0.9594,10.727033333333335,0.22648010529651547,13.177999999999999,0.0,70.0
2025-02-08,49.3,312.6,D,D,Castigo mutuo — crisis total,1.0,1.0,2324.0,644.0,2.4535333333333336,-0.9372,10.762533333333334,0.21683853988816945,13.164833333333332,0.0,73.33333333333333
2025-02-09,52.6,364.2,D,D,Castigo mutuo — crisis total,1.0,1.0,2325.0,645.0,2.445133333333333,-0.9202666666666667,10.7707,0.20215540933571258,13.138033333333334,0.0,73.33333333333333
2025-02-10,54.8,369.4,D,D,Castigo mutuo — crisis total,1.0,1.0,2326.0,646.0,2.4497,-0.9005333333333333,10.822033333333334,0.3296649092348627,13.1328,0.0,76.66666666666667
2025-02-11,48.7,411.6,D,D,Castigo mutuo — crisis total,1.0,1.0,2327.0,647.0,2.427333333333334,-0.8906333333333333,10.856166666666667,0.3202131730431358,13.118966666666667,0.0,80.0
2025-02-12,56.6,435.7,D,D,Castigo mutuo — crisis total,1.0,1.0,2328.0,648.0,2.427966666666667,-0.8693000000000001,10.8925,0.31796301072664634,13.106233333333334,0.0,83.33333333333334
2025-03-01,50.5,326.5,D,D,Castigo mutuo — crisis total,1.0,1.0,2329.0,649.0,2.400366666666667,-0.8534666666666666,10.9193,0.2935716023633119,13.088733333333334,0.0,86.66666666666667
2025-03-02,52.6,420.9,D,D,Castigo mutuo — crisis total,1.0,1.0,2330.0,650.0,2.3972333333333333,-0.8351333333333333,10.939699999999998,0.26759724534113244,13.068033333333334,0.0,90.0
2025-03-03,54.0,419.6,D,D,Castigo mutuo — crisis total,1.0,1.0,2331.0,651.0,2.3798000000000004,-0.8245333333333333,10.969633333333332,0.2679749455237337,13.052133333333332,0.0,93.33333333333333
2025-03-04,40.2,423.6,D,D,Castigo mutuo — crisis total,1.0,1.0,2332.0,652.0,2.3606333333333334,-0.8113333333333334,11.002999999999998,0.26524436172791216,13.0379,0.0,96.66666666666667
2025-03-05,43.1,445.8,D,D,Castigo mutuo — crisis total,1.0,1.0,2333.0,653.0,2.3649666666666667,-0.7894333333333333,11.026666666666667,0.16223821404070068,13.0188,0.0,100.0
2025-03-06,45.0,416.4,D,D,Castigo mutuo — crisis total,1.0,1.0,2334.0,654.0,2.3588999999999998,-0.7714,11.0375,0.15739062717864707,12.993266666666667,0.0,100.0
2025-03-07,48.1,397.7,D,D,Castigo mutuo — crisis total,1.0,1.0,2335.0,655.0,2.343166666666667,-0.7582000000000001,11.058733333333333,0.14980209166278377,12.972966666666668,0.0,100.0
2025-03-08,49.2,300.5,D,D,Castigo mutuo — crisis total,1.0,1.0,2336.0,656.0,2.3033333333333332,-0.757,11.098533333333334,0.23626518595661658,12.961966666666667,0.0,100.0
2025-03-09,52.7,379.9,D,D,Castigo mutuo — crisis total,1.0,1.0,2337.0,657.0,2.2763,-0.7494,11.1302,0.36192580139326663,12.946866666666667,0.0,100.0
2025-03-10,54.0,415.9,D,D,Castigo mutuo — crisis total,1.0,1.0,2338.0,658.0,2.2748333333333335,-0.7290333333333334,11.147333333333334,0.36171575264861877,12.924566666666667,0.0,100.0
2025-03-11,54.1,431.0,D,D,Castigo mutuo — crisis total,1.0,1.0,2339.0,659.0,2.2724333333333333,-0.7091666666666666,11.181466666666665,0.3624007253223367,12.910733333333333,0.0,100.0
2025-03-12,56.8,415.1,D,D,Castigo mutuo — crisis total,1.0,1.0,2340.0,660.0,2.266033333333333,-0.6912666666666667,11.188066666666666,0.30650526290807,12.883133333333332,0.0,100.0
2025-04-01,49.5,321.7,D,D,Castigo mutuo — crisis total,1.0,1.0,2341.0,661.0,2.254766666666667,-0.6758000000000001,11.201166666666667,0.27820436133629395,12.858766666666668,0.0,100.0
2025-04-02,56.8,424.7,D,D,Castigo mutuo — crisis total,1.0,1.0,2342.0,662.0,2.2283999999999997,-0.6678999999999999,11.199433333333333,0.2682799710321501,12.827,0.0,100.0
2025-04-03,54.4,409.9,D,D,Castigo mutuo — crisis total,1.0,1.0,2343.0,663.0,2.2245333333333335,-0.6487666666666666,11.221499999999999,0.2792811350249453,12.807133333333333,0.0,100.0
2025-04-04,39.7,424.0,D,D,Castigo mutuo — crisis total,1.0,1.0,2344.0,664.0,2.217566666666667,-0.6311333333333332,11.2271,0.1609789989256637,12.779033333333333,0.0,100.0
2025-04-05,43.2,447.6,D,D,Castigo mutuo — crisis total,1.0,1.0,2345.0,665.0,2.1967,-0.6204333333333333,11.2306,0.1822388542541695,12.7499,0.0,100.0
2025-04-06,47.9,410.9,D,D,Castigo mutuo — crisis total,1.0,1.0,2346.0,666.0,2.1881666666666666,-0.6035666666666668,11.235800000000001,0.16084982644236673,12.7216,0.0,100.0
2025-04-07,50.8,385.2,D,D,Castigo mutuo — crisis total,1.0,1.0,2347.0,667.0,2.1827666666666667,-0.5851666666666666,11.261533333333334,0.16156614449658627,12.7036,0.0,100.0
2025-04-08,50.6,305.4,D,D,Castigo mutuo — crisis total,1.0,1.0,2348.0,668.0,2.1729,-0.5690000000000001,11.299133333333334,0.2545052155885519,12.6915,0.0,100.0
2025-04-09,52.5,380.7,D,D,Castigo mutuo — crisis total,1.0,1.0,2349.0,669.0,2.1825666666666668,-0.5430333333333334,11.320266666666667,0.2552421819144336,12.671133333333334,0.0,100.0
2025-04-10,54.8,383.8,D,D,Castigo mutuo — crisis total,1.0,1.0,2350.0,670.0,2.1913,-0.5176000000000001,11.337266666666666,0.2453639667725178,12.648733333333332,0.0,100.0
2025-04-11,56.5,422.6,D,D,Castigo mutuo — crisis total,1.0,1.0,2351.0,671.0,2.188133333333333,-0.49810000000000004,11.334166666666667,0.2631632663609703,12.616266666666666,0.0,100.0
2025-04-12,56.8,400.2,D,D,Castigo mutuo — crisis total,1.0,1.0,2352.0,672.0,2.1753666666666667,-0.4834,11.3769,0.31142200735743464,12.606733333333334,0.0,100.0
2025-05-01,49.1,305.0,D,D,Castigo mutuo — crisis total,1.0,1.0,2353.0,673.0,2.1568666666666667,-0.47153333333333336,11.419266666666665,0.3400680604146053,12.597000000000001,0.0,100.0
2025-05-02,56.8,419.1,D,D,Castigo mutuo — crisis total,1.0,1.0,2354.0,674.0,2.1402,-0.4587333333333333,11.446433333333333,0.3344824004194248,12.5797,0.0,100.0
2025-05-03,46.2,412.6,D,D,Castigo mutuo — crisis total,1.0,1.0,2355.0,675.0,2.1237333333333335,-0.44586666666666663,11.457666666666666,0.35025120237019947,12.554366666666665,0.0,100.0
2025-05-04,42.2,414.3,D,D,Castigo mutuo — crisis total,1.0,1.0,2356.0,676.0,2.0896666666666666,-0.44183333333333336,11.454166666666667,0.35196008972860904,12.521733333333334,0.0,100.0
2025-05-05,45.6,449.5,D,D,Castigo mutuo — crisis total,1.0,1.0,2357.0,677.0,2.0944333333333334,-0.41836666666666666,11.458066666666667,0.36786022190093987,12.492766666666666,0.0,100.0
2025-05-06,49.0,426.1,D,D,Castigo mutuo — crisis total,1.0,1.0,2358.0,678.0,2.0846333333333336,-0.40223333333333333,11.467166666666666,0.31862382656827126,12.466399999999998,0.0,100.0
2025-05-07,50.0,358.8,D,D,Castigo mutuo — crisis total,1.0,1.0,2359.0,679.0,2.0920666666666667,-0.3774666666666667,11.479366666666666,0.2845082641696359,12.441566666666667,0.0,100.0
2025-05-08,49.6,307.3,D,D,Castigo mutuo — crisis total,1.0,1.0,2360.0,680.0,2.0832666666666664,-0.3608333333333334,11.503833333333334,0.22586015479423904,12.422866666666668,0.0,100.0
2025-05-09,51.7,388.5,D,D,Castigo mutuo — crisis total,1.0,1.0,2361.0,681.0,2.0763666666666665,-0.34320000000000006,11.513233333333334,0.10815553174705647,12.396633333333334,0.0,100.0
2025-05-10,53.2,371.4,D,D,Castigo mutuo — crisis total,1.0,1.0,2362.0,682.0,2.0634,-0.3286,11.5283,0.14054892386592155,12.373266666666668,0.0,100.0
2025-05-11,56.9,420.6,D,D,Castigo mutuo — crisis total,1.0,1.0,2363.0,683.0,2.0378666666666665,-0.3202666666666667,11.551933333333332,0.15712597311851298,12.354199999999999,0.0,100.0
2025-05-12,56.8,400.9,D,D,Castigo mutuo — crisis total,1.0,1.0,2364.0,684.0,2.0313,-0.30243333333333333,11.586633333333333,0.25655631517662675,12.340633333333333,0.0,100.0
2025-06-01,48.6,323.5,D,D,Castigo mutuo — crisis total,1.0,1.0,2365.0,685.0,2.017733333333333,-0.2881,11.599666666666666,0.2536962938705945,12.316233333333333,0.0,100.0
2025-06-02,56.7,404.3,D,D,Castigo mutuo — crisis total,1.0,1.0,2366.0,686.0,2.022666666666667,-0.26456666666666667,11.5958,0.2387716582045907,12.283366666666666,0.0,100.0
2025-06-03,47.2,403.6,D,D,Castigo mutuo — crisis total,1.0,1.0,2367.0,687.0,2.0208,-0.24443333333333334,11.604000000000001,0.32851012885719044,12.256566666666666,0.0,100.0
2025-06-04,42.3,409.1,D,D,Castigo mutuo — crisis total,1.0,1.0,2368.0,688.0,2.022,-0.22286666666666669,11.603066666666667,0.30697983491995307,12.2258,0.0,100.0
2025-06-05,48.2,462.1,D,D,Castigo mutuo — crisis total,1.0,1.0,2369.0,689.0,2.0206999999999997,-0.20256666666666667,11.634066666666666,0.4113418807476366,12.211566666666666,0.0,100.0
2025-06-06,49.5,454.1,D,D,Castigo mutuo — crisis total,1.0,1.0,2370.0,690.0,1.9890333333333332,-0.19753333333333334,11.649466666666665,0.4035667762056268,12.190133333333334,0.0,100.0
2025-06-07,48.9,357.6,D,D,Castigo mutuo — crisis total,1.0,1.0,2371.0,691.0,1.9858000000000002,-0.1783666666666667,11.658866666666665,0.41297371068162103,12.1663,0.0,100.0
2025-06-08,48.2,309.8,D,D,Castigo mutuo — crisis total,1.0,1.0,2372.0,692.0,1.9575999999999998,-0.1718,11.662466666666667,0.4391078075672634,12.140166666666666,0.0,100.0
2025-06-09,49.6,349.0,D,D,Castigo mutuo — crisis total,1.0,1.0,2373.0,693.0,1.9587666666666665,-0.15066666666666667,11.678400000000002,0.4146612501558515,12.120733333333334,0.0,100.0
2025-06-10,56.2,430.2,D,D,Castigo mutuo — crisis total,1.0,1.0,2374.0,694.0,1.954033333333333,-0.13256666666666667,11.6775,0.3741286384321597,12.093466666666666,0.0,100.0
2025-06-11,56.9,428.1,D,D,Castigo mutuo — crisis total,1.0,1.0,2375.0,695.0,1.9501,-0.11416666666666668,11.720833333333333,0.4367290213566067,12.0889,0.0,100.0
2025-06-12,56.7,360.4,D,D,Castigo mutuo — crisis total,1.0,1.0,2376.0,696.0,1.9391666666666665,-0.09936666666666667,11.729833333333334,0.32513066970191545,12.067766666666666,0.0,100.0
2025-07-01,45.2,357.7,D,D,Castigo mutuo — crisis total,1.0,1.0,2377.0,697.0,1.9156666666666666,-0.09090000000000001,11.7383,0.3260540416788332,12.046933333333333,0.0,100.0
2025-07-02,56.9,411.8,D,D,Castigo mutuo — crisis total,1.0,1.0,2378.0,698.0,1.8908999999999998,-0.08316666666666667,11.734266666666667,0.3145226163415593,12.020466666666666,0.0,100.0
2025-07-03,47.1,395.5,D,D,Castigo mutuo — crisis total,1.0,1.0,2379.0,699.0,1.8709333333333333,-0.07313333333333333,11.756866666666667,0.32983870517031894,12.007966666666666,0.0,100.0
2025-07-04,46.5,440.7,D,D,Castigo mutuo — crisis total,1.0,1.0,2380.0,700.0,1.8524333333333334,-0.06243333333333334,11.764000000000001,0.34263766784817024,11.988233333333334,0.0,100.0
2025-07-05,48.7,454.9,D,D,Castigo mutuo — crisis total,1.0,1.0,2381.0,701.0,1.8322333333333334,-0.052700000000000004,11.8064,0.3818122201140639,11.986766666666666,0.0,100.0
2025-07-06,47.0,445.6,D,D,Castigo mutuo — crisis total,1.0,1.0,2382.0,702.0,1.8181333333333334,-0.04,11.797833333333333,0.33892034462371884,11.960399999999998,0.0,100.0
2025-07-07,51.2,385.2,D,D,Castigo mutuo — crisis total,1.0,1.0,2383.0,703.0,1.7874,-0.03576666666666666,11.7775,0.3934791093865985,11.928733333333332,0.0,100.0
2025-07-08,46.1,305.5,D,D,Castigo mutuo — crisis total,1.0,1.0,2384.0,704.0,1.7606333333333335,-0.029633333333333334,11.7643,0.39827365562106426,11.901233333333332,0.0,100.0
2025-07-09,49.3,345.6,D,D,Castigo mutuo — crisis total,1.0,1.0,2385.0,705.0,1.7529666666666666,-0.013966666666666664,11.763499999999999,0.4388119783925851,11.880533333333334,0.0,100.0
2025-07-10,56.9,431.7,D,D,Castigo mutuo — crisis total,1.0,1.0,2386.0,706.0,1.7551666666666668,0.006566666666666665,11.779966666666667,0.39973771162488636,11.869033333333334,0.0,100.0
2025-07-11,56.8,445.2,D,D,Castigo mutuo — crisis total,1.0,1.0,2387.0,707.0,1.7386666666666666,0.01763333333333333,11.780733333333332,0.4322776334496336,11.850266666666666,0.0,100.0
2025-07-12,55.4,356.3,D,D,Castigo mutuo — crisis total,1.0,1.0,2388.0,708.0,1.7036333333333333,0.01933333333333333,11.7865,0.27922835849952937,11.834633333333333,0.0,100.0
2025-08-01,47.4,339.4,D,D,Castigo mutuo — crisis total,1.0,1.0,2389.0,709.0,1.681,0.027133333333333336,11.787,0.27099534348461213,11.816933333333333,0.0,100.0
2025-08-02,56.8,362.3,D,D,Castigo mutuo — crisis total,1.0,1.0,2390.0,710.0,1.6663666666666666,0.03886666666666667,11.7972,0.2828991070360069,11.804666666666666,0.0,100.0
2025-08-03,45.7,372.7,D,D,Castigo mutuo — crisis total,1.0,1.0,2391.0,711.0,1.6610333333333334,0.05513333333333333,11.801833333333333,0.2837762364624948,11.7902,0.0,100.0
2025-08-04,47.1,413.1,D,D,Castigo mutuo — crisis total,1.0,1.0,2392.0,712.0,1.663,0.07496666666666667,11.806500000000002,0.27330063683625494,11.776333333333332,0.0,100.0
2025-08-05,49.2,450.9,D,D,Castigo mutuo — crisis total,1.0,1.0,2393.0,713.0,1.6492666666666667,0.0869,11.797066666666666,0.22614365430145955,11.756033333333333,0.0,100.0
2025-08-06,46.2,439.9,D,D,Castigo mutuo — crisis total,1.0,1.0,2394.0,714.0,1.6137666666666666,0.0878,11.777700000000001,0.1964208310159798,11.731366666666666,0.0,100.0
2025-08-07,50.1,396.2,D,D,Castigo mutuo — crisis total,1.0,1.0,2395.0,715.0,1.6173,0.10816666666666667,11.761666666666667,0.26009796689097486,11.709,0.0,100.0
2025-08-08,45.3,297.6,D,D,Castigo mutuo — crisis total,1.0,1.0,2396.0,716.0,1.6192333333333333,0.1276,11.776833333333332,0.28474065058418213,11.702733333333333,0.0,100.0
2025-08-09,51.6,382.2,D,D,Castigo mutuo — crisis total,1.0,1.0,2397.0,717.0,1.6216000000000002,0.14720000000000003,11.744166666666667,0.28090855993985947,11.673133333333334,0.0,100.0
2025-08-10,56.6,415.6,D,D,Castigo mutuo — crisis total,1.0,1.0,2398.0,718.0,1.634666666666667,0.17213333333333333,11.727466666666666,0.33174559960459254,11.6515,0.0,100.0
2025-08-11,55.2,412.7,D,D,Castigo mutuo — crisis total,1.0,1.0,2399.0,719.0,1.6115666666666668,0.1789333333333333,11.6818,0.29945331140956677,11.6154,0.0,100.0
2025-08-12,55.6,376.3,D,D,Castigo mutuo — crisis total,1.0,1.0,2400.0,720.0,1.6255333333333333,0.20426666666666668,11.660666666666666,0.3056330666476407,11.5916,0.0,100.0
2025-09-01,48.5,358.8,D,D,Castigo mutuo — crisis total,1.0,1.0,2401.0,721.0,1.6098999999999999,0.21483333333333335,11.678400000000002,0.4092875924496147,11.587166666666667,0.0,100.0
2025-09-02,56.8,377.3,D,D,Castigo mutuo — crisis total,1.0,1.0,2402.0,722.0,1.6172000000000002,0.23686666666666667,11.673566666666666,0.3991540459281613,11.571500000000002,0.0,100.0
2025-09-03,42.9,377.0,D,D,Castigo mutuo — crisis total,1.0,1.0,2403.0,723.0,1.6016000000000001,0.24746666666666664,11.645033333333334,0.3670325663504203,11.543966666666668,0.0,100.0
2025-09-04,48.5,404.5,D,D,Castigo mutuo — crisis total,1.0,1.0,2404.0,724.0,1.5916000000000001,0.26083333333333336,11.630433333333334,0.3705161779127997,11.523466666666668,0.0,100.0
2025-09-05,47.6,434.8,D,D,Castigo mutuo — crisis total,1.0,1.0,2405.0,725.0,1.5776000000000001,0.2722333333333333,11.584166666666667,0.3749803804389733,11.4871,0.0,100.0
2025-09-06,45.7,467.7,D,D,Castigo mutuo — crisis total,1.0,1.0,2406.0,726.0,1.5849000000000002,0.2942666666666666,11.561200000000001,0.380882684100355,11.4624,0.0,100.0
2025-09-07,50.3,412.4,D,D,Castigo mutuo — crisis total,1.0,1.0,2407.0,727.0,1.5883666666666667,0.3143666666666666,11.542,0.38642925798707783,11.439566666666668,0.0,100.0
2025-09-08,46.0,302.4,D,D,Castigo mutuo — crisis total,1.0,1.0,2408.0,728.0,1.5880666666666667,0.3326,11.513499999999999,0.118319382141524,11.412066666666668,0.0,100.0
2025-09-09,53.5,387.2,D,D,Castigo mutuo — crisis total,1.0,1.0,2409.0,729.0,1.5779666666666665,0.3459333333333333,11.477433333333332,0.11161946408122815,11.380766666666666,0.0,100.0
2025-09-10,56.6,415.7,D,D,Castigo mutuo — crisis total,1.0,1.0,2410.0,730.0,1.5519,0.35126666666666667,11.4626,0.10755220216411714,11.360133333333334,0.0,100.0
2025-09-11,54.0,407.3,D,D,Castigo mutuo — crisis total,1.0,1.0,2411.0,731.0,1.5443,0.3658666666666667,11.4109,0.11953023128209775,11.321066666666667,0.0,100.0
2025-09-12,56.9,402.1,D,D,Castigo mutuo — crisis total,1.0,1.0,2412.0,732.0,1.5367,0.3804666666666667,11.395866666666668,0.17026547898269936,11.3003,0.0,100.0
2025-10-01,49.4,365.1,D,D,Castigo mutuo — crisis total,1.0,1.0,2413.0,733.0,1.5636666666666668,0.4123666666666666,11.389433333333333,0.17054003858853534,11.283833333333336,0.0,100.0
2025-10-02,56.9,407.4,D,D,Castigo mutuo — crisis total,1.0,1.0,2414.0,734.0,1.5543333333333333,0.42613333333333336,11.373233333333333,0.16842604707469563,11.262466666666667,0.0,100.0
2025-10-03,42.5,412.3,D,D,Castigo mutuo — crisis total,1.0,1.0,2415.0,735.0,1.5568,0.4457333333333333,11.376633333333334,0.1802054383193599,11.250900000000001,0.0,100.0
2025-10-04,45.4,434.9,D,D,Castigo mutuo — crisis total,1.0,1.0,2416.0,736.0,1.5453666666666668,0.45836666666666664,11.335466666666665,0.22871629337897328,11.217066666666666,0.0,100.0
2025-10-05,48.3,402.1,D,D,Castigo mutuo — crisis total,1.0,1.0,2417.0,737.0,1.5451666666666668,0.4766666666666667,11.315533333333333,0.27919450465302265,11.193833333333334,0.0,100.0
2025-10-06,0.0,465.5,D,D,Castigo mutuo — crisis total,1.0,1.0,2418.0,738.0,1.5534333333333334,0.49920000000000003,11.303633333333332,0.28438965556143203,11.1746,0.0,100.0
2025-10-07,49.2,421.8,D,D,Castigo mutuo — crisis total,1.0,1.0,2419.0,739.0,1.5634666666666668,0.5226000000000001,11.325466666666667,0.43872347294640784,11.172266666666667,0.0,100.0
2025-10-08,45.2,313.4,D,D,Castigo mutuo — crisis total,1.0,1.0,2420.0,740.0,1.5545000000000002,0.5365,11.285533333333332,0.490658061518617,11.139066666666666,0.0,100.0
2025-10-09,54.3,373.9,D,D,Castigo mutuo — crisis total,1.0,1.0,2421.0,741.0,1.5315,0.5433666666666667,11.254333333333333,0.5343255651039777,11.110233333333333,0.0,100.0
2025-10-10,55.5,429.6,D,D,Castigo mutuo — crisis total,1.0,1.0,2422.0,742.0,1.5329333333333333,0.5624666666666667,11.229333333333333,0.5090851271315472,11.0845,0.0,100.0
2025-10-11,55.4,446.5,D,D,Castigo mutuo — crisis total,1.0,1.0,2423.0,743.0,1.5302666666666667,0.5794666666666667,11.2156,0.5014626701198066,11.064366666666666,0.0,100.0
2025-10-12,56.9,448.0,D,D,Castigo mutuo — crisis total,1.0,1.0,2424.0,744.0,1.5337666666666665,0.5996,11.2057,0.4802486954939953,11.046133333333334,0.0,100.0
2025-11-01,48.1,319.3,D,D,Castigo mutuo — crisis total,1.0,1.0,2425.0,745.0,1.5154333333333334,0.6087666666666666,11.192266666666667,0.49244845028728973,11.026166666666667,0.0,100.0
2025-11-02,56.9,408.2,D,D,Castigo mutuo — crisis total,1.0,1.0,2426.0,746.0,1.489866666666667,0.6144,11.175666666666668,0.3086614727525672,11.004633333333334,0.0,100.0
2025-11-03,46.4,424.8,D,D,Castigo mutuo — crisis total,1.0,1.0,2427.0,747.0,1.4845,0.6300666666666667,11.151099999999998,0.32827413050952464,10.979166666666666,0.0,100.0
2025-11-04,45.7,434.4,D,D,Castigo mutuo — crisis total,1.0,1.0,2428.0,748.0,1.4601666666666668,0.6363,11.154433333333333,0.29798306119942763,10.967566666666666,0.0,100.0
2025-11-05,45.6,399.0,D,D,Castigo mutuo — crisis total,1.0,1.0,2429.0,749.0,1.4701666666666668,0.6597000000000001,11.136066666666666,0.33679504860045656,10.945166666666667,0.0,100.0
2025-11-06,0.0,484.9,D,D,Castigo mutuo — crisis total,1.0,1.0,2430.0,750.0,1.4582666666666666,0.6721333333333334,11.118866666666667,0.3537427098355317,10.923300000000001,0.0,100.0
2025-11-07,48.4,388.2,D,D,Castigo mutuo — crisis total,1.0,1.0,2431.0,751.0,1.4555333333333331,0.6891,11.0753,0.3217635926012947,10.8883,0.0,100.0
2025-11-08,48.3,327.5,D,D,Castigo mutuo — crisis total,1.0,1.0,2432.0,752.0,1.4484000000000001,0.7038999999999999,11.057333333333332,0.3230244720198333,10.866066666666665,0.0,100.0
2025-11-09,52.7,372.0,D,D,Castigo mutuo — crisis total,1.0,1.0,2433.0,753.0,1.4342,0.7151666666666666,11.047433333333334,0.2020861438191534,10.847866666666667,0.0,100.0
2025-11-10,51.9,413.0,D,D,Castigo mutuo — crisis total,1.0,1.0,2434.0,754.0,1.4262666666666666,0.7296333333333334,11.0586,0.3300587970705998,10.840166666666669,0.0,100.0
2025-11-11,55.0,451.3,D,D,Castigo mutuo — crisis total,1.0,1.0,2435.0,755.0,1.4174666666666667,0.7436,11.0571,0.3077985581201365,10.826166666666666,0.0,100.0
2025-11-12,57.0,458.3,D,D,Castigo mutuo — crisis total,1.0,1.0,2436.0,756.0,1.4064,0.7564666666666666,11.046933333333333,0.2942786984829762,10.807833333333333,0.0,100.0
2025-12-01,48.9,312.1,D,D,Castigo mutuo — crisis total,1.0,1.0,2437.0,757.0,1.4215666666666666,0.7824666666666666,11.038433333333334,0.2845446655035869,10.790333333333333,0.0,100.0
2025-12-02,56.8,411.2,D,D,Castigo mutuo — crisis total,1.0,1.0,2438.0,758.0,1.4265666666666665,0.8033333333333333,11.018033333333333,0.3569933306031383,10.7669,0.0,100.0
2025-12-03,43.3,425.7,D,D,Castigo mutuo — crisis total,1.0,1.0,2439.0,759.0,1.421366666666667,0.8191,10.989633333333334,0.39224816003074403,10.739433333333332,0.0,100.0
2025-12-04,45.0,418.2,D,D,Castigo mutuo — crisis total,1.0,1.0,2440.0,760.0,1.4325333333333332,0.8430666666666666,10.982,0.39391702051003413,10.722333333333331,0.0,100.0
2025-12-05,43.6,403.2,D,D,Castigo mutuo — crisis total,1.0,1.0,2441.0,761.0,1.4306666666666668,0.8604999999999999,10.9743,0.2622516966214705,10.705233333333332,0.0,100.0
2025-12-06,0.0,456.2,D,D,Castigo mutuo — crisis total,1.0,1.0,2442.0,762.0,1.4404,0.8837666666666666,10.950899999999999,0.232838591139223,10.680266666666666,0.0,100.0
2025-12-07,45.7,353.6,D,D,Castigo mutuo — crisis total,1.0,1.0,2443.0,763.0,1.4289666666666667,0.8964333333333332,10.9307,0.22998757730402591,10.656933333333333,0.0,100.0
2025-12-08,50.1,311.8,D,D,Castigo mutuo — crisis total,1.0,1.0,2444.0,764.0,1.4328333333333334,0.9167333333333333,10.9157,0.21753543772580375,10.6362,0.0,100.0
2025-12-09,54.4,373.9,D,D,Castigo mutuo — crisis total,1.0,1.0,2445.0,765.0,1.4157,0.9265333333333333,10.899566666666665,0.2126614792617412,10.614933333333333,0.0,100.0
2025-12-10,52.6,397.8,D,D,Castigo mutuo — crisis total,1.0,1.0,2446.0,766.0,1.4113666666666667,0.9427666666666666,10.878266666666667,0.2636107339383341,10.591033333333334,0.0,100.0
2025-12-11,54.5,436.0,D,D,Castigo mutuo — crisis total,1.0,1.0,2447.0,767.0,1.3965333333333332,0.9537,10.907966666666669,0.43935710608404993,10.592633333333334,0.0,100.0
2025-12-12,56.9,453.6,D,D,Castigo mutuo — crisis total,1.0,1.0,2448.0,768.0,1.3771999999999998,0.9624,10.885433333333333,0.43973996645190505,10.568133333333334,0.0,100.0
2026-01-01,55.4,390.9,D,D,Castigo mutuo — crisis total,1.0,1.0,2449.0,769.0,1.3549,0.9696333333333335,10.827,0.47719278324471626,10.525666666666666,0.0,100.0
2026-01-02,56.3,398.8,D,D,Castigo mutuo — crisis total,1.0,1.0,2450.0,770.0,1.3394333333333333,0.9803,10.831600000000002,0.474141931734008,10.514733333333334,0.0,100.0
2026-02-01,53.8,383.3,D,D,Castigo mutuo — crisis total,1.0,1.0,2451.0,771.0,1.3462999999999998,1.0021333333333333,10.818233333333334,0.5154213255745542,10.494800000000001,0.0,100.0
2026-02-02,56.8,420.4,D,D,Castigo mutuo — crisis total,1.0,1.0,2452.0,772.0,1.3487666666666667,1.0217666666666667,10.808766666666665,0.5021435480587513,10.476833333333333,0.0,100.0
2026-03-01,54.2,382.5,D,D,Castigo mutuo — crisis total,1.0,1.0,2453.0,773.0,1.3368666666666666,1.0342333333333333,10.786766666666667,0.48317964715875517,10.452566666666666,0.0,100.0
2026-03-02,56.7,370.3,D,D,Castigo mutuo — crisis total,1.0,1.0,2454.0,774.0,1.3332666666666668,1.0508,10.754,0.2670628604438783,10.422933333333333,0.0,100.0
