sample_index,value
0,0.7739560485559633
1,0.4388784397520523
2,0.8585979199113825
3,0.6973680290593639
4,0.09417734788764953
5,0.9756223516367559
6,0.761139701990353
7,0.7860643052769538
8,0.12811363267554587
9,0.45038593789556713
10,0.37079802423258124
11,0.9267649888486018
12,0.6438651200806645
13,0.82276161327083
14,0.44341419882733113
15,0.2272387217847769
16,0.5545847870158348
17,0.06381725610417532
18,0.8276311719925821
19,0.6316643991220648
20,0.7580877400853738
21,0.35452596812986836
22,0.9706980243949033
23,0.8931211213221977
24,0.7783834970737619
25,0.19463870785196757
26,0.4667210037270342
27,0.04380376578722878
28,0.15428949206754783
29,0.6830489532424546
30,0.7447621559078171
31,0.96750973243421
32,0.32582535813815194
33,0.3704597060348689
34,0.4695558112758079
35,0.1894713590842857
36,0.12992150533547164
37,0.47570492622593374
38,0.2269093490508841
39,0.6698139946825103
40,0.43715191887233074
41,0.8326781960578374
42,0.7002651020022491
43,0.31236664138204107
44,0.8322598013952011
45,0.8047643574968019
46,0.38747837903017446
47,0.2883281039302441
48,0.6824955039749755
49,0.1397524836093098
50,0.19990820247510832
51,0.007362269751005512
52,0.7869243775021384
53,0.6648508565920321
54,0.7051653786263351
55,0.7807290310219679
56,0.45891577553833995
57,0.5687411959528937
58,0.13979699812765745
59,0.11453007353597344
60,0.6684029617904717
61,0.4710962061431325
62,0.5652361064811888
63,0.7649988574160256
64,0.6347183200005908
65,0.5535794006579958
66,0.5592071607454135
67,0.3039500980626122
68,0.030817834567939406
69,0.43671738923236236
70,0.2145846728195292
71,0.40852864372463615
72,0.8534030732681661
73,0.23393948586534075
74,0.05830274168906602
75,0.28138389202199654
76,0.2935937577666836
77,0.6619165147268951
78,0.5570321523412783
79,0.7838982091064135
80,0.6643135403273875
81,0.4063868614400705
82,0.8140203846660347
83,0.1669729199077039
84,0.022712073133860478
85,0.09004786077564175
86,0.7223593505964503
87,0.4618772302513874
88,0.1612717790336018
89,0.5010447751033635
90,0.15231210271316842
91,0.696320375077736
92,0.4461562755740307
93,0.3810212260964825
94,0.3015120891478765
95,0.6302825931188885
96,0.3618126105533904
97,0.087649919316101
98,0.11800590212051532
99,0.9618976645495145
100,0.908580690707607
101,0.6997071338107496
102,0.2658699614595196
103,0.9691763773477239
104,0.7787509039657946
105,0.7168901891589956
106,0.44936150214378867
107,0.272241561845159
108,0.0963909621534993
109,0.9026023965438417
110,0.45577628983361107
111,0.20236336479523032
112,0.3059566241506525
113,0.579219568941896
114,0.1767727829392317
115,0.8566142840923755
116,0.7585195298352101
117,0.7194629559509368
118,0.4320930397751037
119,0.6273088407024432
120,0.5840979689127356
121,0.64984660155482
122,0.08444432113988909
123,0.41580740217060963
124,0.04161417386189248
125,0.49399081924451893
126,0.3298612123327853
127,0.1445241888660469
128,0.10340296772255164
129,0.587644572177712
130,0.1705929685368861
131,0.9251201183767972
132,0.581061139700395
133,0.34686980453483707
134,0.5909154914814168
135,0.022803871029697498
136,0.9585592132414453
137,0.48230343694290023
138,0.7827352272502862
139,0.08272999992243857
140,0.48665833083816035
141,0.4907069943545209
142,0.9378264549749828
143,0.5717280523760754
144,0.4734894010569538
145,0.2669756630918936
146,0.3315689973425522
147,0.5206724024715378
148,0.4389114603050467
149,0.021612079880330426
150,0.8262919241943578
151,0.8961607718397667
152,0.14024908899861077
153,0.5540361435390494
154,0.10857574113544355
155,0.6722400930398117
156,0.2812337838390083
157,0.6594226346919018
158,0.7269946142868826
159,0.768647491917657
160,0.10774094595589656
161,0.9160118451376079
162,0.23021399089488082
163,0.03741255617617978
164,0.5548524693914834
165,0.37092228386243875
166,0.8297897431324132
167,0.8082514720643018
168,0.31713889282271535
169,0.952899395069745
170,0.2909178381401186
171,0.5150571292317145
172,0.25596509056760275
173,0.9360435700489633
174,0.16460781758201815
175,0.04491061939232899
176,0.43509706000303794
177,0.992375564055837
178,0.891677266254914
179,0.7486080194569492
180,0.8907924908785249
181,0.8934466396978632
182,0.5188583603864491
183,0.315929051830793
184,0.772012432110988
185,0.6616612631677611
186,0.37365772887371007
187,0.09446666806151527
188,0.746789611349026
189,0.2624605159228647
190,0.9368131505337792
191,0.24097057500568475
192,0.12275793241148603
193,0.8311126721249061
194,0.15328431662449404
195,0.1792683081577391
196,0.5993827915208435
197,0.8745620408374645
198,0.19643466571457324
199,0.31032367290009477
200,0.7774048382411776
201,0.9718264260609674
202,0.5007411862023423
203,0.14389750255125078
204,0.013936287708201545
205,0.22965602999885526
206,0.13182221778652103
207,0.6776586736128575
208,0.12183250462853112
209,0.506329931620633
210,0.6942624356428865
211,0.5811166092209024
212,0.19977565166005762
213,0.8041245261822627
214,0.7154071296158017
215,0.7389840039155418
216,0.13105775155731325
217,0.12375380365034461
218,0.9275625510065076
219,0.39757819382494064
220,0.30094869178093975
221,0.4885840453515333
222,0.6628642127635824
223,0.9556232570469699
224,0.286446226882055
225,0.9248084293120271
226,0.024859491386256316
227,0.5551980423268247
228,0.6339751116810851
229,0.1058974037507533
230,0.14033959706391264
231,0.41911431931630383
232,0.9662319121431817
233,0.5960425532343728
234,0.9330232216002112
235,0.8043609156129707
236,0.4673816015552915
237,0.7847634492521874
238,0.017836783976987736
239,0.10914399676573494
240,0.8294286148827363
241,0.7968170883251617
242,0.2326407419664337
243,0.5307695905990535
244,0.6060158207000109
245,0.8677389537760112
246,0.6031071573387257
247,0.4125715692736803
248,0.3741840434071827
249,0.4258820863735099
250,0.6519310255799742
251,0.8674906317523249
252,0.45389688207629975
253,0.24783956295135812
254,0.23666236299758114
255,0.7460142802434464
256,0.8165687634239104
257,0.10527807985412496
258,0.06655885695517816
259,0.5944336637564518
260,0.14617324419269828
261,0.8246641904563413
262,0.31033467392407443
263,0.14387193297114265
264,0.9209704724874502
265,0.16553172273527816
266,0.28472008233793555
267,0.15361339519205863
268,0.11549006366535497
269,0.021148016336440034
270,0.05539540916426011
271,0.1746414709358527
272,0.05338193262717539
273,0.5911438161109712
274,0.6807145267995064
275,0.39363045683202824
276,0.3179910969520494
277,0.5045262370222301
278,0.8750049422346086
279,0.851131626822206
280,0.04347506201279194
281,0.18149840959652408
282,0.23674487110439602
283,0.24938757583221183
284,0.5712326517427727
285,0.4162624257031923
286,0.04925411992759399
287,0.3736141384595716
288,0.5237529487176372
289,0.10167190290371597
290,0.8334585537885597
291,0.051961866465104256
292,0.9248418690180621
293,0.0991131415798755
294,0.8435749515977528
295,0.9026531439276171
296,0.9795706805865927
297,0.8020258802735936
298,0.7794775407713289
299,0.6424832759955477
300,0.778996354578129
301,0.13455220841314708
302,0.5360680359476373
303,0.5142228701904145
304,0.8575721441225576
305,0.46279936559351587
306,0.3850894961003535
307,0.6395632712371101
308,0.26646331750084606
309,0.13976841095395687
310,0.4778772740237458
311,0.416889368594885
312,0.2325699405288737
313,0.367511810115128
314,0.3663924498262474
315,0.32749556441254546
316,0.37946407972692897
317,0.6857433454559454
318,0.2968764745712853
319,0.9488579267153404
320,0.9163480195381779
321,0.4809104283000786
322,0.3283612050046888
323,0.5354347898300031
324,0.8485604887736246
325,0.652587340560102
326,0.8043918279470774
327,0.5327222760657402
328,0.6329176292676207
329,0.2881556141824617
330,0.7348931623102908
331,0.20240459312571835
332,0.6947981288184982
333,0.8607190683258941
334,0.13210283730154393
335,0.6143797405419198
336,0.0950957482299346
337,0.7257156282714269
338,0.08449321882352023
339,0.935939822700626
340,0.13740793003780216
341,0.9588802459090804
342,0.8008841760850967
343,0.5936820044663541
344,0.7826241046295469
345,0.7951148389830859
346,0.9460270628173303
347,0.2533833538391872
348,0.5900758953583092
349,0.09504919756440122
350,0.6161657000241213
351,0.1712913040927888
352,0.5649506114724419
353,0.5724305140338497
354,0.46598515298122734
355,0.5226317755131228
356,0.7639233900065879
357,0.7992447165120666
358,0.4921532155754291
359,0.5995934415226123
360,0.9312362356901018
361,0.11973358850112281
362,0.1171035659001105
363,0.08770901191076841
364,0.6578632850405278
365,0.4186083007903795
366,0.7743214161418432
367,0.6712314133085926
368,0.33363775832823817
369,0.8983665473615358
370,0.7625321470706523
371,0.2705349409101757
372,0.364192017772054
373,0.3144399802042629
374,0.15761164862499966
375,0.14778337254219165
376,0.936127463375744
377,0.43790403719875326
378,0.38331982277740984
379,0.7296857086773779
380,0.5529930652528999
381,0.9361399868384622
382,0.7803014939093922
383,0.47936956412454035
384,0.3763594734808262
385,0.986631544924322
386,0.7177602360036435
387,0.9511946600038411
388,0.11847857721704136
389,0.8505336791907826
390,0.6370738839912076
391,0.12192167833511258
392,0.5882579999692207
393,0.6860963651054488
394,0.012302685888602838
395,0.45431796184174655
396,0.8253995111963212
397,0.29535902534408986
398,0.4585480817985511
399,0.4423141270678932
400,0.3019273914424916
401,0.9184418955155542
402,0.7812940354315159
403,0.1105884109961105
404,0.9970346578375731
405,0.8792000243077452
406,0.28390843786403896
407,0.8368965796609382
408,0.10641953187138287
409,0.9991047304742386
410,0.6656847361065369
411,0.650125015558797
412,0.09044072698413275
413,0.8970333988966253
414,0.028999503204469423
415,0.24082805804114704
416,0.143021875166635
417,0.7767679406922186
418,0.19820422721289788
419,0.9106382271308853
420,0.6562690393274901
421,0.036162710494696215
422,0.0054298341287004614
423,0.051657917014398924
424,0.6059251776477277
425,0.8014818108594153
426,0.23855282062738847
427,0.849408842923073
428,0.057231940153260386
429,0.8009638536416762
430,0.9277954301722804
431,0.7721083991043806
432,0.6981207839786372
433,0.8379802186553831
434,0.04015129954706642
435,0.20178211071905539
436,0.12492367930564308
437,0.5045309901929865
438,0.7451881283288445
439,0.6300118445763987
440,0.851131099761935
441,0.15521299244109088
442,0.7346210919351616
443,0.1930414908689041
444,0.27075875131780025
445,0.7099046972813039
446,0.9802047848986818
447,0.6115436059770696
448,0.054500314991295595
449,0.6163089699275328
450,0.042350551580167095
451,0.8841457113668172
452,0.7095782851006207
453,0.17312784642250323
454,0.09172100582419807
455,0.18353322888031898
456,0.9800271795541925
457,0.4585606424584898
458,0.784080948341408
459,0.6364083421077769
460,0.5724131499586373
461,0.1451302546650497
462,0.9460244535580951
463,0.30134263251471793
464,0.5780172158075422
465,0.6997759445890661
466,0.6492331552453089
467,0.9405944096955184
468,0.148438989920058
469,0.5083527384469421
470,0.40403439074076597
471,0.4741687294826181
472,0.11921752619774462
473,0.13409460987276534
474,0.27807554578125737
475,0.3047046037608313
476,0.42790321368135
477,0.6109875470366283
478,0.634629117418263
479,0.41181089658557024
480,0.4087831094286971
481,0.21762852669696198
482,0.5883062484090082
483,0.3170409113172379
484,0.0360598342773637
485,0.4184000441568604
486,0.4741326750901703
487,0.22559286820421098
488,0.5724579331221157
489,0.5657719004319209
490,0.7020021811103714
491,0.64794848220121
492,0.6524330565210316
493,0.3162141518240431
494,0.7874322219859539
495,0.5491443835996794
496,0.4314181951798901
497,0.6260124809410571
498,0.3606573344502543
499,0.5127392446067582
500,0.7367056884822203
501,0.8864028867237077
502,0.9210571972951916
503,0.5036329251830992
504,0.5202751147405691
505,0.7998704107638365
506,0.31445069174420126
507,0.8373823623450686
508,0.4941416465174234
509,0.11585672433526839
510,0.0720591470729437
511,0.8419932110394631
512,0.0555679169068779
513,0.2806114361336559
514,0.3341300405015458
515,0.1729944451915938
516,0.31389336980198923
517,0.7426925667250857
518,0.014682843560070769
519,0.8271734245206864
520,0.8565480235745582
521,0.3722615731915482
522,0.1536128990606348
523,0.6008404079450809
524,0.11967255586489434
525,0.3649193610782525
526,0.9584291809009724
527,0.9954644725836371
528,0.7721048913545856
529,0.3109615099207662
530,0.6876650491660925
531,0.7054063654840127
532,0.38784169516364975
533,0.6408886345861594
534,0.010727644975676243
535,0.20905765860224146
536,0.5250883029672612
537,0.16375130425829587
538,0.16590686787653364
539,0.8363042905502379
540,0.9891330026836055
541,0.5559694280284484
542,0.8390697308817134
543,0.9903216643262726
544,0.1415958885687747
545,0.4482456132543511
546,0.3925727158419199
547,0.08004928364618502
548,0.7553301727947445
549,0.433779027322593
550,0.4693269341904013
551,0.15067297381324019
552,0.18092665223086812
553,0.907103622156215
554,0.04464908897427888
555,0.23285228494370624
556,0.29205933031452835
557,0.4901975424015864
558,0.5864451730147959
559,0.4932899758506666
560,0.08411533455688203
561,0.24366745405571355
562,0.8435883847625412
563,0.6375887004784591
564,0.6491490501342744
565,0.6702032553513549
566,0.7629030190395291
567,0.058108481721447336
568,0.3666083849326124
569,0.5395274352616787
570,0.338456483297326
571,0.8444788732871865
572,0.48257250858729395
573,0.7686275894593791
574,0.852015516881169
575,0.5047914829034981
576,0.9095522438713499
577,0.5871239405369806
578,0.8502742988337217
579,0.3405907955915243
580,0.4988169585314852
581,0.5314110410045777
582,0.10497971589607058
583,0.39855250670154063
584,0.9173376725516761
585,0.6308322403647424
586,0.17750658243696749
587,0.33885563560960497
588,0.19160300966269983
589,0.02482313179857254
590,0.9274604585040267
591,0.4482073282568715
592,0.30753507242078615
593,0.5984771915577366
594,0.0073144562930156365
595,0.27802210660081383
596,0.7030334656988926
597,0.633769773069263
598,0.9818059475425355
599,0.620357709658044
600,0.4775058736277328
601,0.7614325631840076
602,0.9033278719640531
603,0.7206959467183516
604,0.9632112235493796
605,0.7820051707381772
606,0.8668014382619265
607,0.11410407118363719
608,0.7324135029937877
609,0.4400886995273686
610,0.5531038024112752
611,0.6541024094823568
612,0.9698151167055694
613,0.9845780814316246
614,0.28822824548790527
615,0.7337534974379162
616,0.7499835379352686
617,0.3464928613130488
618,0.12386977486422102
619,0.04094696028571976
620,0.7773431275291786
621,0.4896997418169059
622,0.9855401694949262
623,0.46497345619365305
624,0.9779169790738402
625,0.4115760021940599
626,0.7936821505599726
627,0.08481927231183206
628,0.5554617101377639
629,0.8020597869857242
630,0.9247016672198887
631,0.8225830906174316
632,0.036970727201174225
633,0.3727023413067342
634,0.04869847231385127
635,0.109282291114558
636,0.6753056286674841
637,0.7132581963116982
638,0.7737206827516263
639,0.8654565480556629
640,0.7394314684765099
641,0.8008715921066321
642,0.048963709823279244
643,0.23453515044129858
644,0.6218977733752458
645,0.8581253046248232
646,0.0045001249396591225
647,0.5146293421163498
648,0.6772873993643972
649,0.029607289128613212
650,0.4013555575533879
651,0.8956348813836968
652,0.6716128088558587
653,0.2376583633605973
654,0.8527811296319127
655,0.3480314234095143
656,0.8533446711440594
657,0.29894365111890553
658,0.590320250883149
659,0.3969400677478341
660,0.274825050755067
661,0.8865575621718692
662,0.18759368193949133
663,0.0848115912357631
664,0.34192693854566036
665,0.7176391476415676
666,0.8074316059762817
667,0.9987433700667648
668,0.2963620570111649
669,0.4079419511312822
670,0.1368212780296263
671,0.5748719296230336
672,0.9975800372629172
673,0.7008810101206585
674,0.5952128404133717
675,0.392369092921794
676,0.9152987602855548
677,0.49691659613034944
678,0.1343669133130615
679,0.3653784631991335
680,0.0671666688477669
681,0.20197903768878156
682,0.017668780999912204
683,0.4532799165001634
684,0.6345402649517972
685,0.34329246237890776
686,0.4203817715052771
687,0.9592092728445759
688,0.7519631215749155
689,0.5408566369449512
690,0.28454087511182524
691,0.8969967987729952
692,0.23509711688065948
693,0.32534273051667706
694,0.9090648144229485
695,0.5295420552850724
696,0.7423179494179767
697,0.5907447941637661
698,0.6534392090094951
699,0.29938329151482557
700,0.24137206162666291
701,0.32249234716866526
702,0.15544156408342247
703,0.8743143652908074
704,0.2832469332501141
705,0.5614893944143846
706,0.7919744251413741
707,0.7838241093757136
708,0.4383862585841929
709,0.47625730858672566
710,0.9947017489350248
711,0.6745974769790241
712,0.8146384431178827
713,0.9025539692192319
714,0.7875898362293392
715,0.18517934495356758
716,0.5621707337375722
717,0.10189415731454488
718,0.6529221265639984
719,0.955349428187811
720,0.5127320643001113
721,0.4329724928677672
722,0.03584275141816318
723,0.9597745223292203
724,0.10300268413015878
725,0.041079093304846936
726,0.24606661150493847
727,0.06553043391838242
728,0.45511784241176234
729,0.5160878012571124
730,0.3125699490285839
731,0.05096048257488606
732,0.1116003682492267
733,0.3845043779899281
734,0.06052845082653613
735,0.6981897256099134
736,0.20702054152481197
737,0.3020715687836385
738,0.3941257771780975
739,0.4166096330691479
740,0.0016607076748005323
741,0.11207037099869754
742,0.8627645637408781
743,0.001233062511908134
744,0.5081673558128751
745,0.4895020065072081
746,0.3330941610106378
747,0.43132702014644964
748,0.7805811375265843
749,0.8412037062149564
750,0.26034854341525004
751,0.32249044096772983
752,0.24248285302833272
753,0.47986340055106513
754,0.6832583576588129
755,0.22825287546342055
756,0.33073574205486667
757,0.9303846175891505
758,0.048569289846958075
759,0.4607696052395662
760,0.7115580415967778
761,0.15045401155747407
762,0.047374020005481854
763,0.13820537163853075
764,0.9188231935306829
765,0.009259781821123414
766,0.18832197481135182
767,0.03128351290164455
768,0.11062946756220327
769,0.6201492866282963
770,0.24163890873908578
771,0.5692120504306768
772,0.5901953827661262
773,0.849435333089779
774,0.004741392911873921
775,0.8533694593423667
776,0.619119086426974
777,0.1627434861049576
778,0.772937388135284
779,0.8554915417905857
780,0.2542634837541573
781,0.9187936809026809
782,0.4544574302986578
783,0.6034244543333215
784,0.9846495336176436
785,0.36153607863919934
786,0.8131593458201128
787,0.31839911782845964
788,0.799213522241491
789,0.6007339188626425
790,0.21635569522540143
791,0.4140260937892364
792,0.3176356343635617
793,0.07810839308036388
794,0.029834770099697483
795,0.3464786554071809
796,0.01903414781748658
797,0.16548775758177503
798,0.7251833208508688
799,0.7080912356835879
800,0.7385803864573827
801,0.31715317112997876
802,0.8900194571176955
803,0.5938305480284476
804,0.12602634174662652
805,0.14371866145553414
806,0.6930954269297015
807,0.17294393644207806
808,0.5072927015820433
809,0.9917744759287107
810,0.004007604733339498
811,0.016579801897556923
812,0.9930845819305065
813,0.5846388341341655
814,0.12690997551851313
815,0.8973021997540936
816,0.8803803001276922
817,0.5362004131113752
818,0.6217920298607565
819,0.27318719150087634
820,0.05051969637200515
821,0.5945676088908644
822,0.294755193202763
823,0.6636210466603519
824,0.8362451768426012
825,0.018160543914364058
826,0.5957137746857274
827,0.23128053968685225
828,0.8738884979038014
829,0.2536645065618285
830,0.6107701332354183
831,0.5535408400896115
832,0.3961665000592489
833,0.6776207635997941
834,0.7257696347154339
835,0.5669377953193868
836,0.7584222371847541
837,0.9834170759929376
838,0.4192723879008051
839,0.5145830518855309
840,0.012469877941213237
841,0.7960285563103784
842,0.5202300670459938
843,0.4079614303605652
844,0.0940719630893958
845,0.8896564216753973
846,0.39500724004055643
847,0.6825815982092204
848,0.14937415636815077
849,0.9615496295410325
850,0.1784417618218309
851,0.19954199289949037
852,0.8589828605577138
853,0.9125827441419312
854,0.2121474075233014
855,0.4698008881748279
856,0.7334949045628298
857,0.8783657338108016
858,0.3790526950373052
859,0.5170194868494292
860,0.7417164105197349
861,0.7311359766527954
862,0.7829601300260849
863,0.5699338186415264
864,0.10461509680477521
865,0.90397329087804
866,0.8655725393210282
867,0.798097435818333
868,0.09986247716072949
869,0.2043973670814292
870,0.7436003651076519
871,0.023140094581946435
872,0.9792246337072796
873,0.3771446803556807
874,0.7193125336908236
875,0.8875710884880433
876,0.39462988815008226
877,0.31913248859966603
878,0.6087411288982467
879,0.5809893737480507
880,0.40913997762479715
881,0.6017747558677085
882,0.9353813695664948
883,0.4676402566265965
884,0.19674218075063132
885,0.3772059828830039
886,0.3941069825931186
887,0.13110869302621986
888,0.1628715005545549
889,0.6845620733936773
890,0.3394777542089027
891,0.9548983918558076
892,0.24359674535860742
893,0.09892450510482231
894,0.7535045630002579
895,0.88103605191787
896,0.27811335687148786
897,0.20208810164547797
898,0.18576613487108717
899,0.5220123013665123
900,0.46841664124677096
901,0.2594398398545342
902,0.04517311698942639
903,0.4814913403262807
904,0.9593323476356084
905,0.6525192007526632
906,0.4955065566286184
907,0.11069207402961612
908,0.25243629054958727
909,0.2947739495745427
910,0.7648035526072343
911,0.8767107972646193
912,0.9016418535664384
913,0.9845686082507541
914,0.9823666831045325
915,0.9529991327679814
916,0.07182214050288438
917,0.1377935359278052
918,0.3044665264760329
919,0.5528982540644615
920,0.0969778887054793
921,0.8457969578021425
922,0.6167561790773091
923,0.542364402302205
924,0.16531132336729115
925,0.25325547440019736
926,0.16031202498225805
927,0.8519331577947986
928,0.5842278600612182
929,0.7351294275196334
930,0.29603286291002573
931,0.37125263708827716
932,0.4048549644265338
933,0.7600149717440349
934,0.7723529876745681
935,0.2068135275140317
936,0.941538856738099
937,0.1206553374436864
938,0.8961220824236303
939,0.1003956456498093
940,0.2645398111513111
941,0.846478536067957
942,0.17949207234608744
943,0.4135679313099698
944,0.4498592999441262
945,0.24525897302320965
946,0.7102452013359866
947,0.8513346494022038
948,0.8745751398555718
949,0.33932214573656094
950,0.5308503942878144
951,0.2484064038656515
952,0.24479650155014543
953,0.16125406285192412
954,0.9400190108075147
955,0.8879888286055799
956,0.7773587133276922
957,0.517661521287729
958,0.4906079155118719
959,0.529745666182498
960,0.5365680135770893
961,0.43456308469769034
962,0.13175483289206746
963,0.12566385286853599
964,0.9522497158456833
965,0.48203075958635055
966,0.953205524905189
967,0.16357687771010998
968,0.5544165520399336
969,0.20771725335153923
970,0.25318460612660154
971,0.030054578761178785
972,0.11895331074021132
973,0.9168484076291957
974,0.3215329914823317
975,0.6081292119145916
976,0.465014131989273
977,0.4004512452452783
978,0.5318860913460681
979,0.18723894461534152
980,0.9886038985195765
981,0.818307868703863
982,0.7416146327315153
983,0.46875929701395247
984,0.15287712212633597
985,0.9206658582735678
986,0.34138706738172764
987,0.05010668969693377
988,0.34240367681062867
989,0.7944570304958843
990,0.6227087449882082
991,0.7508385847448596
992,0.7936353838623774
993,0.2119546110805426
994,0.9237833160931802
995,0.4379896029203726
996,0.6390136492641646
997,0.002308772586742003
998,0.993368498411178
999,0.2808963859641551
1000,0.06206310654015523
1001,0.45826204153651395
1002,0.12903005718204175
1003,0.1523267101575757
1004,0.6322828130302102
1005,0.39292739157023326
1006,0.9218524501549951
1007,0.31915649460807005
1008,0.7261801283839011
1009,0.4610994301549076
1010,0.6599513011292788
1011,0.5996953567159904
1012,0.4727839727589982
1013,0.9500610946244371
1014,0.34271364275495586
1015,0.17723550124927256
1016,0.6780940608798283
1017,0.8460075613079088
1018,0.04025373993992376
1019,0.44963268842268056
1020,0.8924876896873263
1021,0.7496186189228675
1022,0.9918077164976282
1023,0.5314138115972438
1024,0.6599957188011513
1025,0.30248028113792813
1026,0.9475355996659923
1027,0.3663354885565363
1028,0.7385107126866286
1029,0.4031402041190819
1030,0.5618189300629993
1031,0.7197825350215462
1032,0.5089341517513543
1033,0.9070863269095085
1034,0.41930098792781023
1035,0.6470717981433252
1036,0.3423624333000541
1037,0.40815666823101304
1038,0.4400501082335524
1039,0.12580701831228525
1040,0.09172367905900669
1041,0.6674899231467579
1042,0.6555177383430523
1043,0.6629097142100953
1044,0.019766445342691674
1045,0.3265468426717799
1046,0.19780984725919692
1047,0.7781514225440124
1048,0.8606304013961301
1049,0.24668037722614733
1050,0.6678491588479863
1051,0.12936280345827444
1052,0.2751525256017133
1053,0.13865449623341952
1054,0.2835207665992292
1055,0.6747365473492779
1056,0.9103269101852525
1057,0.20252240792418597
1058,0.5420790349507192
1059,0.7013911012434323
1060,0.9529224684855657
1061,0.6100604828871738
1062,0.2551069310273807
1063,0.6254781569139363
1064,0.32049116167801617
1065,0.9761283906917078
1066,0.39967613516363687
1067,0.6854277207610142
1068,0.02322758234675848
1069,0.40006144613475536
1070,0.8751076133225116
1071,0.6102274444332458
1072,0.44394288639597634
1073,0.9359374994357259
1074,0.8539843761472291
1075,0.32221567382293825
1076,0.5445484020413396
1077,0.4898242560924627
1078,0.6322025001148623
1079,0.3341112669587556
1080,0.24420500076588825
1081,0.9126718352555361
1082,0.9238744994985063
1083,0.843322885761979
1084,0.9782044307645613
1085,0.7449915257796885
1086,0.7646672285619996
1087,0.7625900919626407
1088,0.4806076309423065
1089,0.45645219451427166
1090,0.24022627614900316
1091,0.6448191943592905
1092,0.28932013610233454
1093,0.2578084097023544
1094,0.5859613740960548
1095,0.4099823882250432
1096,0.2188566087946322
1097,0.8160560167528311
1098,0.860569919294376
1099,0.16769951967778096
1100,0.007507032799999869
1101,0.3361299685293737
1102,0.7975108356807525
1103,0.8391738662343244
1104,0.13832907011604922
1105,0.7743359011830512
1106,0.11570416730942945
1107,0.3900625901565292
1108,0.9986095150119159
1109,0.1925908232309098
1110,0.15396358257762643
1111,0.4228003325467935
1112,0.6196685259698614
1113,0.9329007824132532
1114,0.9808211455330342
1115,0.06964063659139463
1116,0.13799751734790533
1117,0.7907379738959939
1118,0.27063215227086046
1119,0.8848490595063606
1120,0.6634532572290868
1121,0.11184480238067718
1122,0.8325292849240071
1123,0.17635638000807585
1124,0.4234953946796538
1125,0.55218492855933
1126,0.5007661490802783
1127,0.6861629156151504
1128,0.6526867348692552
1129,0.9920420055280549
1130,0.9994219092241878
1131,0.5164594026356409
1132,0.09519908696086399
1133,0.7278432989687184
1134,0.9766640782165892
1135,0.3183263876290203
1136,0.4612088858375738
1137,0.4247769248154559
1138,0.05141915455692936
1139,0.6722644312234448
1140,0.3533376950684678
1141,0.7874638746315022
1142,0.8321200752819861
1143,0.8212307865978454
1144,0.41666599803988014
1145,0.3215456822408995
1146,0.7488207796670548
1147,0.801389433842723
1148,0.49125744639136615
1149,0.893031019536303
1150,0.14390869607855827
1151,0.8790687796589601
1152,0.09609523297188127
1153,0.1535255220546139
1154,0.5338400132739604
1155,0.06751848018741502
1156,0.05280710140011036
1157,0.0005187441657055203
1158,0.43631665969426314
1159,0.7746238812922298
1160,0.034838350279915664
1161,0.6522576064658554
1162,0.8231273174161865
1163,0.16800084857787112
1164,0.14686373482140425
1165,0.8608009736205361
1166,0.8231246099500947
1167,0.5389417662641869
1168,0.8191998792939803
1169,0.09275607742449477
1170,0.3944815179387544
1171,0.7377975561063729
1172,0.25745195932396336
1173,0.7523289144335528
1174,0.5041786043908139
1175,0.7502659879482331
1176,0.4646796378573296
1177,0.3679043402218176
1178,0.21918921647863232
1179,0.20837934143501502
1180,0.751490810571396
1181,0.1189103480339605
1182,0.08598235011094513
1183,0.17629136502213016
1184,0.17534651145392188
1185,0.8231076228068998
1186,0.3985066234742124
1187,0.9903884573604824
1188,0.13721125779061238
1189,0.6535398256936433
1190,0.4487295072012506
1191,0.39291817669707396
1192,0.8750841990540823
1193,0.9755956458283996
1194,0.8728589587741787
1195,0.19230067903513304
1196,0.22079792120893404
1197,0.6560738790950633
1198,0.2890835816381917
1199,0.7347251307805799
1200,0.5664206508096447
1201,0.5509087684904029
1202,0.8285469248387858
1203,0.7105327717426778
1204,0.026577764997291697
1205,0.049459137146015686
1206,0.6015584524560157
1207,0.4861920756222755
1208,0.2601846553429914
1209,0.41865608731480164
1210,0.7579103187328605
1211,0.82661148465793
1212,0.5612230678900442
1213,0.385369480857103
1214,0.270696761495107
1215,0.5219184707692535
1216,0.314749618564381
1217,0.5640951370472229
1218,0.6766523825096377
1219,0.06607921091939484
1220,0.0010674650227472382
1221,0.21227713884074295
1222,0.894511497718781
1223,0.6462907632285592
1224,0.17196035193702286
1225,0.8902639618236188
1226,0.46995594028734
1227,0.47609175667866066
1228,0.9355419438426551
1229,0.05948669218334002
1230,0.21517827462871852
1231,0.5857713251547224
1232,0.1954865095820041
1233,0.6795270092089578
1234,0.2140922893367202
1235,0.09915697059881434
1236,0.20698515964083974
1237,0.42273403427206224
1238,0.17613829917307988
1239,0.1346920249233473
1240,0.8602818862189409
1241,0.32039720359730783
1242,0.3607586865182536
1243,0.055270409501227635
1244,0.35736962350205415
1245,0.26480717732157966
1246,0.6104850673417885
1247,0.20539029767240669
1248,0.8883654530628405
1249,0.9296666209195551
1250,0.0998310571767902
1251,0.10740295628857721
1252,0.11532643811098797
1253,0.619569256310312
1254,0.12196896420962289
1255,0.8523823179302663
1256,0.7542715149378925
1257,0.8198088582380241
1258,0.5260605268860209
1259,0.9966772115191534
1260,0.04417510294416127
1261,0.40126496418611335
1262,0.3239366689376362
1263,0.948645498712641
1264,0.5768609584975929
1265,0.8061909654447252
1266,0.17034119365851885
1267,0.9786341439004389
1268,0.4986395468763152
1269,0.4936720762706458
1270,0.9708847285457378
1271,0.38073236121714504
1272,0.39752502455499295
1273,0.5847527028049366
1274,0.12805261054778694
1275,0.3210856264118549
1276,0.19320832244513053
1277,0.1032834791070496
1278,0.8661446063310201
1279,0.589331166127476
1280,0.3586727915279112
1281,0.4086693773667128
1282,0.43151900368735463
1283,0.6331491821447094
1284,0.9267693914889933
1285,0.9327796196569825
1286,0.3914919795306634
1287,0.32926245959776956
1288,0.45104650018525505
1289,0.5679342304284926
1290,0.46181791144974826
1291,0.6587534098167009
1292,0.5543990233797637
1293,0.3207155466940761
1294,0.3457308057626326
1295,0.3785927875597309
1296,0.09463976824938869
1297,0.16606263241397312
1298,0.7231138021453861
1299,0.38909671152208003
1300,0.21453897256014365
1301,0.5626724105748573
1302,0.7555395424734273
1303,0.2574223623453714
1304,0.8267898819237445
1305,0.9275048596250496
1306,0.5973945290738407
1307,0.6689476589915796
1308,0.05257599032305538
1309,0.9455198910219065
1310,0.3924847342649438
1311,0.9239004005454299
1312,0.5789775247502426
1313,0.0046187988433276095
1314,0.038541999323435716
1315,0.680418805669922
1316,0.5626680138319331
1317,0.026532437206074344
1318,0.7434599612223853
1319,0.8521453370691817
1320,0.4964174824393083
1321,0.46575744035725497
1322,0.0054731088346274825
1323,0.7866497124935993
1324,0.33071606674610543
1325,0.8787636197825396
1326,0.37306058755805305
1327,0.5650779106307056
1328,0.2703417881993275
1329,0.16058831258491868
1330,0.774907903381328
1331,0.4965904788462816
1332,0.5364879237522507
1333,0.9654159534817355
1334,0.9635799122221537
1335,0.8556421217024035
1336,0.18760929276503358
1337,0.5942726943015799
1338,0.8781474246555374
1339,0.3744639364489377
1340,0.10110616593558497
1341,0.8109629022399218
1342,0.48176355136217164
1343,0.5643926803591786
1344,0.9821442963178444
1345,0.6072114304940721
1346,0.4249793856661014
1347,0.3699843678471978
1348,0.4176192926540456
1349,0.11839908317866876
1350,0.7947505584175718
1351,0.8377168581870411
1352,0.28439713457340887
1353,0.3037966184099441
1354,0.8743342563348132
1355,0.023970355527955456
1356,0.5204574437672277
1357,0.46367571468150104
1358,0.6901267695784598
1359,0.16339170014945448
1360,0.6683307407951538
1361,0.37673400787487643
1362,0.618714778169642
1363,0.04009500987277592
1364,0.4617271971845094
1365,0.5222508939823721
1366,0.2143264028549866
1367,0.1396236541791207
1368,0.1884743030123014
1369,0.34414107806334804
1370,0.09681014930497145
1371,0.9473197957296045
1372,0.4049940614958173
1373,0.808969602506749
1374,0.9744171231088467
1375,0.08073528000273911
1376,0.651669467934994
1377,0.871409086741214
1378,0.6342344339667283
1379,0.4290261213574127
1380,0.4310763576379383
1381,0.03589888600735891
1382,0.5346007512892753
1383,0.9935429967868474
1384,0.9587075259719341
1385,0.04039922884216318
1386,0.7057970036294882
1387,0.3017648666969308
1388,0.9029891534061367
1389,0.045114745709278536
1390,0.9358741020110806
1391,0.8374757437877769
1392,0.11750438225260151
1393,0.05982433731729919
1394,0.8347076643269359
1395,0.15575767097457938
1396,0.5348981529758705
1397,0.9157448578787095
1398,0.5674481135493233
1399,0.3972333014728241
1400,0.4450160548539922
1401,0.06311717070387102
1402,0.9687523213615988
1403,0.3106541850810828
1404,0.18936349167285382
1405,0.2860473018403953
1406,0.9643731948914789
1407,0.094286053488007
1408,0.8673030405011813
1409,0.7078438944014478
1410,0.8300191791590281
1411,0.9758975403678963
1412,0.8421546555168719
1413,0.9433823512778529
1414,0.12693525679091977
1415,0.79578856516697
1416,0.5456756940810478
1417,0.5434955950798607
1418,0.8989215763205136
1419,0.9718038186467113
1420,0.704838323043181
1421,0.4829383894717839
1422,0.45640385790184534
1423,0.3863414572231818
1424,0.36159902957266266
1425,0.3915068416844314
1426,0.08975323525119527
1427,0.07743608526043821
1428,0.7798698438723117
1429,0.4460728929202261
1430,0.9306844885446205
1431,0.6122210085939525
1432,0.03517598218441975
1433,0.15752334131747947
1434,0.20581979301300757
1435,0.9757360243896606
1436,0.21870422615163487
1437,0.5157556762880513
1438,0.9361769316401961
1439,0.9771927299143573
1440,0.23636043538354456
1441,0.04911764375004013
1442,0.1536018325377585
1443,0.06332847870255809
1444,0.1951242410923364
1445,0.5685697147037354
1446,0.9124487962956418
1447,0.53721888369434
1448,0.6259895566990807
1449,0.2018672516095411
1450,0.8005836206738501
1451,0.6177889085055832
1452,0.8641368291927248
1453,0.9488431070057841
1454,0.3479007757565923
1455,0.09057905853543935
1456,0.22592895791678247
1457,0.4378415656758372
1458,0.9456936518244733
1459,0.37830982237341526
1460,0.77077321366537
1461,0.540476692170755
1462,0.18280877043097654
1463,0.3207341189534516
1464,0.6531918850228187
1465,0.6728533946848935
1466,0.43475974680904617
1467,0.22864560266211464
1468,0.7219067795126763
1469,0.16887304161271477
1470,0.9366696918651266
1471,0.1879035790364767
1472,0.10731236283252044
1473,0.4976477023653788
1474,0.519549598109694
1475,0.5081929147782448
1476,0.4366674893388395
1477,0.9948148928296083
1478,0.48628061267058187
1479,0.477946580739831
1480,0.4217660627145613
1481,0.0668257547014629
1482,0.592956631149616
1483,0.22796777222318243
1484,0.6376089802290499
1485,0.050833461948477154
1486,0.9813871012530017
1487,0.4690050790126722
1488,0.8967553715906984
1489,0.4755611732329348
1490,0.060330818574221734
1491,0.8222135460938069
1492,0.6481837296671343
1493,0.7817570475739452
1494,0.4281698635088733
1495,0.6379367442466449
1496,0.8562290037966075
1497,0.6310654428718875
1498,0.3476736348359033
1499,0.6625295943661998
1500,0.6718541886140673
1501,0.960586962506625
1502,0.3709123215416692
1503,0.4250817675141312
1504,0.8121229611870592
1505,0.5057623147427412
1506,0.736573093115733
1507,0.45970946445359206
1508,0.21549514181270046
1509,0.7452038427810108
1510,0.13115516918470993
1511,0.19858366353130807
1512,0.6268249827842086
1513,0.7472698001920698
1514,0.894687886867815
1515,0.2725864974158917
1516,0.11072425860055435
1517,0.9560466595226291
1518,0.15442308802214244
1519,0.19766698225463952
1520,0.29132945355846573
1521,0.5293913540262875
1522,0.882825566034078
1523,0.7605460227298669
1524,0.7081575538426351
1525,0.17518056785600367
1526,0.35768263152597424
1527,0.47840492608667795
1528,0.14742595348558585
1529,0.2734297021266725
1530,0.30833320395284425
1531,0.12727619832903925
1532,0.5502396919082576
1533,0.7050281965241929
1534,0.06993163147686121
1535,0.48112310176314976
1536,0.782211195267795
1537,0.7479901289524469
1538,0.8150730962187541
1539,0.44824063317060703
1540,0.8205570826398607
1541,0.24075307121426948
1542,0.36081056141751533
1543,0.1763555764178013
1544,0.4674845394285718
1545,0.39206002241544324
1546,0.2409271164143122
1547,0.7517807092307816
1548,0.3138467721116466
1549,0.2728043301458357
1550,0.13089033085049506
1551,0.4388217018019487
1552,0.302964628837302
1553,0.3692728413409686
1554,0.23599726262055265
1555,0.7631554898199004
1556,0.9300033473547173
1557,0.49793185278888763
1558,0.6429984233408326
1559,0.867172276606706
1560,0.9988296373336586
1561,0.6135164847298321
1562,0.8897794665398687
1563,0.908608246555642
1564,0.7914514878076223
1565,0.4609313910731102
1566,0.08115400042389931
1567,0.015805555440133845
1568,0.4772006332829246
1569,0.49431453353461774
1570,0.4073623878629723
1571,0.5681673512913645
1572,0.5521627033044271
1573,0.836613041032693
1574,0.10865710326226241
1575,0.22517766610554546
1576,0.7930049789596304
1577,0.8478368672236546
1578,0.9948242136208678
1579,0.8729120163870842
1580,0.889899007072331
1581,0.31434794262990484
1582,0.4016616340093764
1583,0.26808510482055103
1584,0.6062993981927156
1585,0.9388053542070384
1586,0.34464088651161773
1587,0.5570017818814502
1588,0.29629963045348506
1589,0.1697999737727075
1590,0.19518552981865567
1591,0.05794534453812994
1592,0.9492935230092574
1593,0.4028796085076296
1594,0.8341208920021081
1595,0.6813294726896911
1596,0.1919211614110854
1597,0.17546224657908782
1598,0.8119882015105448
1599,0.26471171061953735
1600,0.9132851837019758
1601,0.14005540468949063
1602,0.6777086144544695
1603,0.8144738760309339
1604,0.235256388415645
1605,0.27620736345656605
1606,0.9645188861392017
1607,0.2645976053461583
1608,0.4299570499000478
1609,0.4325155932423661
1610,0.25303474992968356
1611,0.7757910864370905
1612,0.7718493432291552
1613,0.37831801422378564
1614,0.8351257910807337
1615,0.21307493439900238
1616,0.004305775667678646
1617,0.571167362055741
1618,0.9940777724523785
1619,0.038644309826884604
1620,0.20799807370846057
1621,0.5189146424870842
1622,0.8099407364448706
1623,0.08904200507505322
1624,0.3952346537588943
1625,0.7470758006298863
1626,0.37154320840636157
1627,0.18883642047563898
1628,0.19549582739658733
1629,0.41004878691499425
1630,0.47941707480589113
1631,0.861814417816014
1632,0.6422524185679935
1633,0.6904019545155015
1634,0.982987171535907
1635,0.41184344030097375
1636,0.4033544032491283
1637,0.9233469677258123
1638,0.24587558700505863
1639,0.7298152463028666
1640,0.7545731382181347
1641,0.09778799744544309
1642,0.468231405693584
1643,0.20056247132155403
1644,0.18537527280248567
1645,0.4638281104628762
1646,0.28942970750806496
1647,0.7960604476258709
1648,0.9076048913904824
1649,0.8027206052883656
1650,0.26603087262166525
1651,0.27413439368860837
1652,0.2547283501174674
1653,0.13503809605623607
1654,0.9437983681037112
1655,0.40204779815706937
1656,0.22468947454587374
1657,0.8466710505082435
1658,0.39919530265779046
1659,0.03511681110966658
1660,0.16194157024963118
1661,0.63925034035617
1662,0.782905274171724
1663,0.21093438848871293
1664,0.9173955892661422
1665,0.8509971200521644
1666,0.8483807540610809
1667,0.22766114679921412
1668,0.050535988650057706
1669,0.8674235394825837
1670,0.3058002287385674
1671,0.6189163811735259
1672,0.7599668837007301
1673,0.12829325851112017
1674,0.7808383545190479
1675,0.9385114589610658
1676,0.728374965746409
1677,0.4412227484805581
1678,0.8766781387517029
1679,0.527457630072559
1680,0.7447709278167541
1681,0.8205059438586041
1682,0.749352861699006
1683,0.28785487604815396
1684,0.11784390090583108
1685,0.23833852936206013
1686,0.5028749369803532
1687,0.5052769222930958
1688,0.5826443493145376
1689,0.39510183754789086
1690,0.7868913814500277
1691,0.9131537503472078
1692,0.24672505347947127
1693,0.736523217701888
1694,0.6779718525450447
1695,0.523090499279315
1696,0.18853023387416024
1697,0.7952322585827095
1698,0.9606262856288327
1699,0.7218363322336134
1700,0.917859996625734
1701,0.9841852649479997
1702,0.3520506742392382
1703,0.6382235529263369
1704,0.47393273763807797
1705,0.9866287468632301
1706,0.09380782400772492
1707,0.4123749142972246
1708,0.8755390445272362
1709,0.28405131052651544
1710,0.7877928506388727
1711,0.3827831627802557
1712,0.9799785398901583
1713,0.8835298364237075
1714,0.30132035766261533
1715,0.7701931135378551
1716,0.3368565438332687
1717,0.6063628402155351
1718,0.658480768393292
1719,0.829595409085705
1720,0.02445084088201488
1721,0.22015789115229967
1722,0.7119178105885787
1723,0.5635232369695373
1724,0.4956050782011431
1725,0.055209956707980457
1726,0.3482758834614562
1727,0.8651002319106483
1728,0.030892837036032184
1729,0.3964362353648121
1730,0.9451482876707726
1731,0.05088073454501463
1732,0.7497057510446368
1733,0.25761261618203646
1734,0.8666088321536725
1735,0.746067978959365
1736,0.8857051708583629
1737,0.215924790431266
1738,0.5312927548186049
1739,0.7792699435748007
1740,0.24569974299498099
1741,0.23074630526721696
1742,0.027182133497585026
1743,0.9585152939754523
1744,0.7100168800546234
1745,0.6355603540101848
1746,0.7439947226949909
1747,0.5316129186954394
1748,0.47613382109041036
1749,0.44953224112352086
1750,0.6404392121036413
1751,0.2015349753923832
1752,0.8880586950148697
1753,0.8117523712192651
1754,0.34956361145203385
1755,0.5786092968125244
1756,0.14102729995001462
1757,0.972346247933598
1758,0.9028926876302835
1759,0.9218975064992004
1760,0.3321630477034516
1761,0.16913470738285574
1762,0.21177216346631034
1763,0.09000139104508986
1764,0.12011063010138434
1765,0.07130453418484539
1766,0.9898230692048735
1767,0.07405768336907359
1768,0.13254208095141362
1769,0.8272545955907364
1770,0.5802402167429431
1771,0.7744172045693324
1772,0.630912007772655
1773,0.882175070328948
1774,0.6384675277647406
1775,0.5221250929031509
1776,0.7127496937612997
1777,0.44739275179210947
1778,0.3460638229047347
1779,0.4676524524502125
1780,0.16971410509856066
1781,0.7965717298026914
1782,0.26070378133594463
1783,0.15353154633704746
1784,0.2463522417832268
1785,0.8420701517722398
1786,0.33020129559773137
1787,0.6860498695059002
1788,0.8564096306557393
1789,0.07774466692504212
1790,0.7650244051780429
1791,0.30766546637903003
1792,0.21662236418404268
1793,0.6889014524529722
1794,0.9097966227332338
1795,0.2950192087123954
1796,0.568833805384319
1797,0.28983411384949154
1798,0.5542855857264279
1799,0.6218620306543405
1800,0.6103353887901798
1801,0.6235463696427459
1802,0.1350797922175241
1803,0.6935404695867196
1804,0.6747503563802233
1805,0.6825881222168831
1806,0.07407055273870633
1807,0.4468388424141526
1808,0.4090351320457297
1809,0.08671148364319914
1810,0.2223679278968107
1811,0.44096263179803674
1812,0.7429063098580823
1813,0.2370620769846632
1814,0.8297499101249115
1815,0.5457982857394634
1816,0.7604216851846175
1817,0.4725559833368571
1818,0.49919422542222336
1819,0.6197193893796402
1820,0.9279706081658242
1821,0.49181258141290995
1822,0.528657538108291
1823,0.6019969635275295
1824,0.7375151372977258
1825,0.07185033548623432
1826,0.5156874385219721
1827,0.4815915892060435
1828,0.9216849842375704
1829,0.4935065804363411
1830,0.468320534694331
1831,0.962199988534702
1832,0.45057646360088155
1833,0.18088443032209034
1834,0.21691612280578831
1835,0.09518753833697413
1836,0.0005681292589444498
1837,0.43194566100048193
1838,0.7692425812982214
1839,0.7334664427998359
1840,0.032149087802850196
1841,0.5699829035940329
1842,0.154283125413476
1843,0.9410762847646973
1844,0.16736499964417928
1845,0.6266392176974815
1846,0.32623836216405677
1847,0.6415613259643522
1848,0.41225859646407514
1849,0.7596430523063947
1850,0.23067912532785784
1851,0.9057918529142601
1852,0.5002096493133521
1853,0.7560931477128529
1854,0.8497301914012271
1855,0.9988286109548049
1856,0.22394566559395823
1857,0.28689241356345485
1858,0.25043308673188824
1859,0.26287133215978264
1860,0.5824447415393774
1861,0.993522523145843
1862,0.9902780870927544
1863,0.5267732313623077
1864,0.6390272102646738
1865,0.859970543701606
1866,0.9329334584535052
1867,0.2038606273295439
1868,0.5285417289424529
1869,0.8328370546615123
1870,0.30320207663459164
1871,0.4398090424804667
1872,0.985621101512008
1873,0.985046696720871
1874,0.9061068107651816
1875,0.7984483448280576
1876,0.26913050072280575
1877,0.32085007406718746
1878,0.5472828412048747
1879,0.5607773745620122
1880,0.505502819357067
1881,0.6366702799163061
1882,0.4083230226329888
1883,0.7491741573155329
1884,0.33354992647835535
1885,0.33067699694635255
1886,0.127225961891828
1887,0.18871221002891925
1888,0.8505208789213576
1889,0.44628233858044153
1890,0.2278677865528338
1891,0.7593411000223874
1892,0.5539811258168594
1893,0.021156011423293486
1894,0.31636145733671517
1895,0.17700141112134105
1896,0.6558728609828406
1897,0.27503104063025285
1898,0.06494677920994363
1899,0.05493498919766926
1900,0.5817272979587149
1901,0.021723455704089623
1902,0.8487921131360887
1903,0.15539711925727562
1904,0.6065663351954298
1905,0.4446880280107457
1906,0.4428515212319025
1907,0.07179714236004586
1908,0.8027522502122156
1909,0.8930524847532526
1910,0.011016667384228462
1911,0.17860417569711773
1912,0.9039041887954788
1913,0.5494936128000582
1914,0.15003957824821013
1915,0.20279045260915884
1916,0.6599862442371142
1917,0.724816822246873
1918,0.5994268085799352
1919,0.9531483799125258
1920,0.49406360366177704
1921,0.3002719121425267
1922,0.4772329099757965
1923,0.35966629366661096
1924,0.2244158926746863
1925,0.04596324934014007
1926,0.3522124935651242
1927,0.7114093477097423
1928,0.01843780287519381
1929,0.4391785132059347
1930,0.6440094014498684
1931,0.6104041091743072
1932,0.7766484358887159
1933,0.8105197156597975
1934,0.7117058209193878
1935,0.10279769614474943
1936,0.47502244400436067
1937,0.6034059574876086
1938,0.2455660388094516
1939,0.04255181764677651
1940,0.2235903208760469
1941,0.45489440173263884
1942,0.41393031905460087
1943,0.17666698132716163
1944,0.8244155426834928
1945,0.9256866687367246
1946,0.20134831905271522
1947,0.9295729155672217
1948,0.017860959175180824
1949,0.9249624727069454
1950,0.9519287900809079
1951,0.012051863015925202
1952,0.7630192967767481
1953,0.9702015725698434
1954,0.9059022188177783
1955,0.970710161196213
1956,0.5503235056976393
1957,0.07815613988538828
1958,0.8497891978050361
1959,0.6138282558090116
1960,0.614736744188289
1961,0.4172536098586862
1962,0.5718419765211091
1963,0.15357977908611453
1964,0.7397700265661503
1965,0.07501730735154233
1966,0.729780767043792
1967,0.848978422624854
1968,0.4724686775644882
1969,0.5098303660570493
1970,0.31221427292207826
1971,0.9694585837255876
1972,0.7331244745595453
1973,0.36898855330034497
1974,0.17480738623300507
1975,0.21957959220209133
1976,0.46392228611005004
1977,0.9425684003143379
1978,0.7341463457609181
1979,0.21524374817914982
1980,0.8595611334188981
1981,0.3782005230096811
1982,0.8517221827525187
1983,0.24169959798113094
1984,0.6186606119363176
1985,0.9266704880812819
1986,0.25789400914779415
1987,0.6929265905858549
1988,0.9873126199571438
1989,0.1505982872430035
1990,0.0884022907006744
1991,0.6741951924448162
1992,0.3397359477490304
1993,0.07124447736659112
1994,0.47530561788360415
1995,0.7537706796439557
1996,0.28512240041518877
1997,0.33504687750513473
1998,0.8456994006469721
1999,0.5200719122614881
2000,0.842731968806472
2001,0.4463894921437095
2002,0.9529751615601034
2003,0.6507945897177367
2004,0.11589886531924942
2005,0.8850929882268007
2006,0.4892651908307978
2007,0.14163896797290498
2008,0.15269013384142072
2009,0.6875339351098718
2010,0.04737250672948978
2011,0.2865937649138133
2012,0.1397875904698681
2013,0.44107742961728424
2014,0.4143537719943613
2015,0.5218764346888559
2016,0.2796363291025302
2017,0.032043589378177195
2018,0.6143861065351858
2019,0.37371800288235135
2020,0.6513349987400464
2021,0.10866697080426846
2022,0.01377735529405033
2023,0.24829424788529275
2024,0.4565473229940522
2025,0.3940719741684673
2026,0.8103025552734664
2027,0.37783764419282395
2028,0.5304411796030789
2029,0.5935155924421922
2030,0.021831391645811604
2031,0.515133376846189
2032,0.34483125939883785
2033,0.4212801276832546
2034,0.10028739849525026
2035,0.7828205656486452
2036,0.9424042508085225
2037,0.022268820629600006
2038,0.6013727628113479
2039,0.7638440672883581
2040,0.2848075886498894
2041,0.7875555848632168
2042,0.6323550507663013
2043,0.92916263227107
2044,0.9810048113537728
2045,0.042346113998704804
2046,0.4449377610270062
2047,0.5469877875782182
2048,0.14674323320765248
2049,0.3362858304273617
2050,0.9876474477564617
2051,0.016230456342471444
2052,0.45250793152438407
2053,0.8426546217181962
2054,0.32390126271928843
2055,0.47979850275515334
2056,0.97804574578798
2057,0.4748768364757039
2058,0.13092131214649905
2059,0.05172149166639106
2060,0.9454165724399485
2061,0.2658094132750657
2062,0.5040639065645509
2063,0.0907017660899686
2064,0.42365512055060506
2065,0.9301055192501241
2066,0.5024129936309384
2067,0.9711351518023279
2068,0.25883563723739966
2069,0.5045452397039372
2070,0.8595307918093252
2071,0.4482523545537438
2072,0.2794873735701896
2073,0.8554753634178817
2074,0.389889468872609
2075,0.5307232910602341
2076,0.9765270664151456
2077,0.1864832947558639
2078,0.3014006367201857
2079,0.031069600069839942
2080,0.39183770991005273
2081,0.20018343058485955
2082,0.6800349354078914
2083,0.18132145876585237
2084,0.6748127524058697
2085,0.2634754281893177
2086,0.3552178341211998
2087,0.3488606520463975
2088,0.7167517501636094
2089,0.46650926313834307
2090,0.36129889885268307
2091,0.8526227190394499
2092,0.5719506256412027
2093,0.2138308212779978
2094,0.9000912781436826
2095,0.3426502960336406
2096,0.03897937753732039
2097,0.4946002239744529
2098,0.1239380544408778
2099,0.23846644371574255
2100,0.747110872687411
2101,0.13075181337631858
2102,0.8069442243540357
2103,0.9369072881309537
2104,0.6065321004079447
2105,0.7103591920228293
2106,0.7135866099074174
2107,0.9928079572704449
2108,0.34153826220162287
2109,0.16285655124270249
2110,0.5191672349143215
2111,0.5332498098317082
2112,0.17791248829614448
2113,0.6131094189941395
2114,0.01412473347682397
2115,0.9276684024542216
2116,0.26457427782126164
2117,0.03956020839019181
2118,0.10824944147485704
2119,0.24024894827964172
2120,0.2739061686060452
2121,0.03280999949772867
2122,0.27935481219372915
2123,0.19294173649348212
2124,0.3786209274345186
2125,0.3851677373559692
2126,0.3390077406028791
2127,0.327923883530704
2128,0.08973127774125123
2129,0.02520494712616217
2130,0.2021143001564666
2131,0.7566494274166153
2132,0.9908097655511221
2133,0.928526175057329
2134,0.5042193555377686
2135,0.5318238557779342
2136,0.31458156903584256
2137,0.7739394386376562
2138,0.7647566879326486
2139,0.8442723575824446
2140,0.8955045771968844
2141,0.43434924822529575
2142,0.7668755681071976
2143,0.8063987287958786
2144,0.30845962249775016
2145,0.92924224400615
2146,0.09434150263965546
2147,0.9942691791632828
2148,0.7700907181588694
2149,0.09327090532432725
2150,0.6562296481050006
2151,0.03417941092826016
2152,0.7701869494441829
2153,0.7992229216590553
2154,0.6024102530914477
2155,0.8568603919165705
2156,0.0978832802148597
2157,0.2759238420408132
2158,0.4141775215926705
2159,0.04245795282809828
2160,0.44821608757116616
2161,0.26521345611256597
2162,0.392735012101753
2163,0.42510263199230647
2164,0.8794117334876851
2165,0.27034097052763906
2166,0.893743128716272
2167,0.42597096481284924
2168,0.327807720693986
2169,0.502512049335146
2170,0.41774328636283964
2171,0.2573723130551461
2172,0.5026793247960669
2173,0.15180173307883127
2174,0.3519299430229661
2175,0.5657902193740906
2176,0.41340824438985857
2177,0.8239123610507965
2178,0.25672176153516624
2179,0.9697715788310101
2180,0.7847220208513513
2181,0.9675930259974722
2182,0.8381365548303041
2183,0.14210392585164267
2184,0.5264600906350138
2185,0.16997852119578571
2186,0.8182273526272573
2187,0.5841621491832959
2188,0.2634493143569058
2189,0.9295989720071713
2190,0.11518605331426068
2191,0.563862403471314
2192,0.7210405546667255
2193,0.05884853733243178
2194,0.5978560332062036
2195,0.8159012154630941
2196,0.06752731441805337
2197,0.5122429711066271
2198,0.25855717814874
2199,0.6629244515369208
2200,0.11867736707884491
2201,0.9370514306705069
2202,0.8947285817147318
2203,0.18597441987570917
2204,0.3232658843651046
2205,0.587634974653043
2206,0.7180623366342505
2207,0.4426560151602582
2208,0.15629132196097506
2209,0.10415149380287159
2210,0.9997653369143439
2211,0.45535212144348725
2212,0.8725317491484982
2213,0.48237600462911445
2214,0.9223576385460033
2215,0.0877593827715506
2216,0.11401919133455096
2217,0.9296321877242243
2218,0.9474930450447849
2219,0.31471744746536334
2220,0.35516488699387183
2221,0.452450234834758
2222,0.4161616800672908
2223,0.19004521595959667
2224,0.8983753839393745
2225,0.25330760070564373
2226,0.7052724094776516
2227,0.06715567773497289
2228,0.03875133152842947
2229,0.6537304725769206
2230,0.33901585757326036
2231,0.6554593927200013
2232,0.09402120216883036
2233,0.9498513799158633
2234,0.7485144668930954
2235,0.8762672330257992
2236,0.13647055404451092
2237,0.3201609688928694
2238,0.3683441642063441
2239,0.5371726483268185
2240,0.2968684855074143
2241,0.06063074218940512
2242,0.3688783807374707
2243,0.25454931462728214
2244,0.38592129146321485
2245,0.19695954262002624
2246,0.26189637456473547
2247,0.6269523404322688
2248,0.38815383457806507
2249,0.34538339316949207
2250,0.5339056327223729
2251,0.7718605408439257
2252,0.3788679563479572
2253,0.5875194925558406
2254,0.9662026253681762
2255,0.5219801141180507
2256,0.9097975765175444
2257,0.7936726242564269
2258,0.05871868165014971
2259,0.42909887146925685
2260,0.6983184078685881
2261,0.9867119124481999
2262,0.4583762911615126
2263,0.09278545412673944
2264,0.5620091747128678
2265,0.1265637921239603
2266,0.7515195602793934
2267,0.5076769974617779
2268,0.7234313683772865
2269,0.8693618268785237
2270,0.6289480171627772
2271,0.6124393292531816
2272,0.7545702954396313
2273,0.8424550014526674
2274,0.8690537862770027
2275,0.036430195682883304
2276,0.5561902967977893
2277,0.21626930979755143
2278,0.8603458907817834
2279,0.6483976852033612
2280,0.42022247903243815
2281,0.1881042281213513
2282,0.3390236259198265
2283,0.7037776945402245
2284,0.2043595452116388
2285,0.09358294533837275
2286,0.888028758227551
2287,0.7642103495801168
2288,0.19979493065813259
2289,0.29231154342999166
2290,0.9720701771308857
2291,0.7081844867591174
2292,0.6105220042138247
2293,0.30762848542413035
2294,0.29912514416652225
2295,0.039523618690230466
2296,0.7284818669019314
2297,0.043175225056884536
2298,0.004857337777279036
2299,0.7294950878609792
2300,0.9488737571491254
2301,0.7565030477273105
2302,0.4716401906243787
2303,0.486045249560873
2304,0.43613642264910535
2305,0.32464366711033366
2306,0.5217142141858402
2307,0.43115095714111507
2308,0.5981678800407747
2309,0.8981200805010945
2310,0.9950094173238103
2311,0.07874328988291712
2312,0.3846834726613414
2313,0.18070619576680946
2314,0.3521204739255337
2315,0.287473018548423
2316,0.1745371316267883
2317,0.7640760534212905
2318,0.49628874282923585
2319,0.9192455822172257
2320,0.03259244324701449
2321,0.06697801313198992
2322,0.4032735829303441
2323,0.08027732040403712
2324,0.2627295964148335
2325,0.9860297430766236
2326,0.20895960748461406
2327,0.1981177414120907
2328,0.5736406687957091
2329,0.4979982907931567
2330,0.5804382972028448
2331,0.3767352782085467
2332,0.8267623598949471
2333,0.13858055144246284
2334,0.42839264584146564
2335,0.6897618484440871
2336,0.8682364402828997
2337,0.3695716063567577
2338,0.5677455990937528
2339,0.0691399450072615
2340,0.17031908811182894
2341,0.06913816246611448
2342,0.7278808919985219
2343,0.2880599687221407
2344,0.7237452901918378
2345,0.06639827904327456
2346,0.8625478004083255
2347,0.8355301981110916
2348,0.08892874305028264
2349,0.02375650645718652
2350,0.056288812981991176
2351,0.853630173146734
2352,0.23470348905189575
2353,0.5482733178581887
2354,0.42624420318005674
2355,0.7955255262286021
2356,0.4888983014706706
2357,0.5006608406612697
2358,0.9890919394999024
2359,0.1501295567492571
2360,0.8307039387459314
2361,0.05174974560388479
2362,0.47764876957297075
2363,0.8863348239330235
2364,0.6652139656041213
2365,0.6852146193661329
2366,0.26331728225648554
2367,0.41857479136145426
2368,0.3665810634990505
2369,0.5214432101579942
2370,0.46222793014366814
2371,0.32689835187698935
2372,0.3054806123711701
2373,0.25085289165512215
2374,0.3650472468847584
2375,0.14994147793406065
2376,0.8721043020035738
2377,0.6021193918334273
2378,0.13378642559385545
2379,0.6938593342090014
2380,0.8476664679979732
2381,0.2375356720522589
2382,0.15060059433726392
2383,0.008617257133752054
2384,0.04725033885648511
2385,0.7622513483035116
2386,0.9871863320416938
2387,0.0448803224762766
2388,0.7480709590798926
2389,0.07186216584096006
2390,0.5921328249036668
2391,0.7560752824282378
2392,0.3592043972677377
2393,0.010934721110663737
2394,0.5951893521254259
2395,0.9912446281400278
2396,0.25761742283849576
2397,0.1894912771872158
2398,0.12392589275351495
2399,0.5552556199000561
2400,0.5964450993602733
2401,0.7922708371704024
2402,0.7530732736205097
2403,0.8925414947950872
2404,0.8057726983423014
2405,0.24726708307944445
2406,0.5558774048757611
2407,0.29741195909358
2408,0.32978537955150244
2409,0.9319443692299963
2410,0.6818959050670735
2411,0.9745904132511058
2412,0.4169125367187445
2413,0.5374375733539766
2414,0.4871154199164217
2415,0.10728705752372691
2416,0.23670199452660334
2417,0.5276363606044822
2418,0.06737430513300624
2419,0.9314619293088893
2420,0.12384368194337081
2421,0.1979807464169071
2422,0.7653212239386366
2423,0.09693454178931371
2424,0.9002780996154094
2425,0.7257009707225356
2426,0.0686208571088589
2427,0.6918470612856529
2428,0.6316285421713178
2429,0.7573494327399186
2430,0.8281978524893359
2431,0.718350563173155
2432,0.5861762952709719
2433,0.3224633185817777
2434,0.6972736618299291
2435,0.9569715846307795
2436,0.5875217805288743
2437,0.6643448684342539
2438,0.4371280421998007
2439,0.7561208097430744
2440,0.9976673923386359
2441,0.1603893240677361
2442,0.2024052795037623
2443,0.5394377586643895
2444,0.48137539726165823
2445,0.5715697845067188
2446,0.04907404772427304
2447,0.40427645633044895
2448,0.5829782620655608
2449,0.5851913513049627
2450,0.6573339617683736
2451,0.7202160290026638
2452,0.6415472033408566
2453,0.790243155389435
2454,0.6247606346845916
2455,0.5375076625372045
2456,0.6061964288878109
2457,0.10119336675333235
2458,0.27315654072552
2459,0.5273997806581312
2460,0.8729872154017071
2461,0.6790515562879931
2462,0.09040807847189758
2463,0.5922749504444044
2464,0.22173798763709895
2465,0.7340165597887229
2466,0.8274408525087472
2467,0.5934562725899734
2468,0.5913626097517097
2469,0.338591443210814
2470,0.4462500211613094
2471,0.8641083538153455
2472,0.7233203309671565
2473,0.5197536596958431
2474,0.36823238624837096
2475,0.050379738288554354
2476,0.14300740132638512
2477,0.19302518953937065
2478,0.37338354325867473
2479,0.9441436470762746
2480,0.5051533948587487
2481,0.23484016325923107
2482,0.10575013746151407
2483,0.33830552460296404
2484,0.8157306355510568
2485,0.3833427934105079
2486,0.7725058060224135
2487,0.8027049761268789
2488,0.11082076969870414
2489,0.6086597526267837
2490,0.9590960633711108
2491,0.4021380749035539
2492,0.050944089003022275
2493,0.9233026902578786
2494,0.883666281572483
2495,0.5221414472090018
2496,0.5522531203440096
2497,0.2117411027761249
2498,0.8194507555446373
2499,0.4986000383921264
2500,0.03387779514255651
2501,0.6830149564489978
2502,0.9504962698027061
2503,0.8291504903457503
2504,0.2771981402105398
2505,0.05332508493334065
2506,0.9403514125381806
2507,0.9370627248797014
2508,0.5324153197128694
2509,0.6423174116715351
2510,0.4626000607108083
2511,0.41976536709875867
2512,0.11944843592870036
2513,0.09675289836109602
2514,0.23273214667618747
2515,0.8366407464065443
2516,0.14583230073568
2517,0.22669865191471072
2518,0.5486140593222075
2519,0.2151312180782744
2520,0.1632066847177871
2521,0.5633162416979622
2522,0.3680932709966155
2523,0.6261592858404692
2524,0.9122053404086763
2525,0.15099313143506765
2526,0.9134336598130639
2527,0.9024899674229186
2528,0.8290875833359028
2529,0.6312859173060852
2530,0.6201466574655474
2531,0.6392126599365016
2532,0.6904955512178131
2533,0.016482200596157015
2534,0.9580925791606497
2535,0.5856037614655798
2536,0.7814658394024216
2537,0.37728183906136314
2538,0.012397213915795957
2539,0.509734659876444
2540,0.5071901193159289
2541,0.4369892883114518
2542,0.33971705416207676
2543,0.24982608780972204
2544,0.5275448744971828
2545,0.3752781396934941
2546,0.9699318830498087
2547,0.17292730776693144
2548,0.319665567627087
2549,0.293960470924571
2550,0.543309176235957
2551,0.4992802569741479
2552,0.6437404654242731
2553,0.9500017705742079
2554,0.2852210854938674
2555,0.6927715692549965
2556,0.025040203005183614
2557,0.26238847273362453
2558,0.4637197279965928
2559,0.03099478848113446
2560,0.6176694605536389
2561,0.6783106084017082
2562,0.7467317148380467
2563,0.5165745048430123
2564,0.6039446649786266
2565,0.39606525127848724
2566,0.04125303250656254
2567,0.09995185577451304
2568,0.6549959242014641
2569,0.9955552995857763
2570,0.01580323916329618
2571,0.5575834968263828
2572,0.7510087528825579
2573,0.8267748280138787
2574,0.5452049012226401
2575,0.6199159801841051
2576,0.6967249452745534
2577,0.8589662496934306
2578,0.12228953720281865
2579,0.9261821962748634
2580,0.026017403551570006
2581,0.8361997509577753
2582,0.07674042655969726
2583,0.19462821160492227
2584,0.0038941463811326127
2585,0.4452567055360407
2586,0.33435922671739227
2587,0.16599291148702733
2588,0.4510901608039063
2589,0.40237088317218384
2590,0.7676610326987415
2591,0.8931303060700324
2592,0.6525672517670819
2593,0.12441038872652388
2594,0.29539079470985063
2595,0.9133182968322798
2596,0.08873449300788916
2597,0.4068558393908265
2598,0.9425046192334813
2599,0.9506648414694857
2600,0.4112031770488924
2601,0.6673968880987974
2602,0.45674559835399897
2603,0.7534605394363417
2604,0.03158133069299851
2605,0.14415714892135845
2606,0.6141988035435992
2607,0.2325522624430636
2608,0.6660522992691486
2609,0.35122292746129835
2610,0.8866455581278214
2611,0.8192593855599865
2612,0.4928378000687822
2613,0.7728950870948578
2614,0.2711378862350904
2615,0.4942597768118626
2616,0.19748205186327816
2617,0.8608861685209939
2618,0.8230676165684149
2619,0.9021496684090012
2620,0.8774769812242594
2621,0.9595962620594948
2622,0.22833623163192596
2623,0.9318242907953155
2624,0.5712131913519977
2625,0.42249508391815216
2626,0.560373895967873
2627,0.34260235665027783
2628,0.2885530069609521
2629,0.24131433797752877
2630,0.08242798945712682
2631,0.49656489714718743
2632,0.8877616757138874
2633,0.6301519692743847
2634,0.5209756327557735
2635,0.4285929182509165
2636,0.46440162631719195
2637,0.20927734757195093
2638,0.8229358771930972
2639,0.19838296328152805
2640,0.716622756727313
2641,0.7599850114961526
2642,0.5748690420277343
2643,0.8629263749548285
2644,0.29105035245065003
2645,0.8816172212428632
2646,0.7294104595993042
2647,0.7987498277617607
2648,0.6645797095273142
2649,0.8463430169899694
2650,0.9930988627176359
2651,0.42016285452463864
2652,0.8139156837095703
2653,0.7445797595180336
2654,0.452870165712018
2655,0.926948999732512
2656,0.3944259295725947
2657,0.5654659162762375
2658,0.10594235699096155
2659,0.22577519406626623
2660,0.8406961705337607
2661,0.39655272282884735
2662,0.3940840894152582
2663,0.24598101819062024
2664,0.4916103342974544
2665,0.8058169613506224
2666,0.8951641177737396
2667,0.07011443204418388
2668,0.5748207312401155
2669,0.46727336789233453
2670,0.6142818504715784
2671,0.44727568690826913
2672,0.3986448208534151
2673,0.47188071242948937
2674,0.5819991287564141
2675,0.5009832110317768
2676,0.47214445102064617
2677,0.8178353099580807
2678,0.7456479912378577
2679,0.3413784941811928
2680,0.8005771175153205
2681,0.8536506690045002
2682,0.1534922053741905
2683,0.5826824617307588
2684,0.2853119935992138
2685,0.7391723219267226
2686,0.23878532935868324
2687,0.6714035241730318
2688,0.2551246560576339
2689,0.5111437634299432
2690,0.9486464679161921
2691,0.3813075384564345
2692,0.8757384859632077
2693,0.9869445812038946
2694,0.8748508488051633
2695,0.16586602972334286
2696,0.819658219535163
2697,0.03214939510056125
2698,0.39330188369930785
2699,0.8707333733178638
2700,0.6887522127599198
2701,0.5327404273378781
2702,0.3878640250826205
2703,0.812296946470286
2704,0.7095584039482209
2705,0.46840531961567333
2706,0.8924843372096598
2707,0.2299480178186324
2708,0.1703915091586249
2709,0.6428037643335816
2710,0.9719943427017703
2711,0.2472565733067703
2712,0.2496703789338265
2713,0.13949884796218992
2714,0.8605635552736322
2715,0.2263975404113341
2716,0.5031785267248878
2717,0.9908724780022046
2718,0.012140900922043563
2719,0.5564860905107941
2720,0.5122890427049458
2721,0.8074473764101547
2722,0.35528153955277697
2723,0.41034135889904155
2724,0.16793798059886367
2725,0.7408152316357867
2726,0.7847089091881483
2727,0.13666332077883026
2728,0.39345707398832175
2729,0.892904995362683
2730,0.0027072736757871585
2731,0.2987590706226323
2732,0.5550422850525477
2733,0.3340938596599533
2734,0.2720451891776694
2735,0.4600374849032126
2736,0.18152310810969374
2737,0.5296252409594838
2738,0.7066959213132259
2739,0.5752949526285022
2740,0.0931093308585309
2741,0.8444086141655732
2742,0.17497783748748819
2743,0.7648120006111286
2744,0.3605651107758504
2745,0.7827613480561023
2746,0.20627290340534576
2747,0.1866621036954298
2748,0.49702584621748225
2749,0.032936014698360494
2750,0.22529733878233338
2751,0.7240122521843483
2752,0.8373834783054255
2753,0.08078536393781044
2754,0.8820777094381044
2755,0.797517204053179
2756,0.8696842957069654
2757,0.6984285545788399
2758,0.6741530672939647
2759,0.5250932333448638
2760,0.652787224491315
2761,0.9191096645666051
2762,0.10052200141670842
2763,0.3157644778460912
2764,0.07245497359587183
2765,0.9448051719440385
2766,0.445265465999388
2767,0.6753444706761884
2768,0.8411200645043214
2769,0.9910002480764886
2770,0.16178245779226574
2771,0.7995126057182287
2772,0.8874228981367364
2773,0.04887537685087562
2774,0.7540905601855734
2775,0.3547253211965503
2776,0.648596791470432
2777,0.5140481960388648
2778,0.2597422520866369
2779,0.13522136200398605
2780,0.11694723308920829
2781,0.1033228577084917
2782,0.6377900401345777
2783,0.3514108513995381
2784,0.21663343820587244
2785,0.691885092705903
2786,0.6868495657664668
2787,0.5391682923569977
2788,0.9349578168658509
2789,0.3854142314414213
2790,0.835862971269293
2791,0.07513940793219631
2792,0.7398310940385044
2793,0.98844741383193
2794,0.8465982162878168
2795,0.5796647193100594
2796,0.6267660643271606
2797,0.3532895494369468
2798,0.6794852182581039
2799,0.770395383181327
2800,0.9982284811178539
2801,0.492462917000433
2802,0.06130406577344227
2803,0.5958579507309852
2804,0.11902414998216859
2805,0.24476504355611006
2806,0.32877991130573725
2807,0.7310298731484106
2808,0.18380812387850054
2809,0.16575294684235253
2810,0.04496424249882747
2811,0.8732399363538809
2812,0.6935054243560607
2813,0.03994646561762649
2814,0.02829230563811458
2815,0.5586742964750561
2816,0.28253440128671103
2817,0.5967263504319288
2818,0.4346041756809653
2819,0.9233125623102546
2820,0.2878090149613679
2821,0.6791453684388935
2822,0.05405431161859919
2823,0.9558605341889254
2824,0.9807574679083522
2825,0.7390746290164124
2826,0.46521247156357315
2827,0.21999343932726134
2828,0.8125163402479647
2829,0.7363540971470223
2830,0.22195403956094906
2831,0.4512152941572657
2832,0.46279893781678505
2833,0.8264105499727091
2834,0.6838446843340765
2835,0.6431675435400551
2836,0.6498274225632784
2837,0.2704700793824789
2838,0.371711259829534
2839,0.04566228543670614
2840,0.7869411358121238
2841,0.43299821516981385
2842,0.4382383570875735
2843,0.24535626493362672
2844,0.2094272814594289
2845,0.5878219295690292
2846,0.23255301520367577
2847,0.06420885156546441
2848,0.7675074159808983
2849,0.37646943440636593
2850,0.38023558389930445
2851,0.4313182815157913
2852,0.8150448234080938
2853,0.3208368959398171
2854,0.758036211257836
2855,0.9395448407795433
2856,0.6608681959247994
2857,0.43168108117702464
2858,0.7477897231466647
2859,0.4578973697513855
2860,0.4144272711081408
2861,0.5252831635726832
2862,0.3177223348092938
2863,0.1042502162800012
2864,0.4148520055261652
2865,0.12385688112930193
2866,0.4104414735554467
2867,0.5569337212134503
2868,0.9307111812056468
2869,0.03622233104530359
2870,0.6214584065019442
2871,0.4577351866500773
2872,0.020261128204139167
2873,0.24954817593872036
2874,0.11848525235480156
2875,0.21679414573144473
2876,0.2745702434609182
2877,0.4013063353821963
2878,0.5290393934888903
2879,0.0009899939263861013
2880,0.1618693606287408
2881,0.0935663856088007
2882,0.5496733992627437
2883,0.3290748704012698
2884,0.5483977360347181
2885,0.22182330217467783
2886,0.024229354087584865
2887,0.9413669012702468
2888,0.10830812118899402
2889,0.1268587479617168
2890,0.1465468265101405
2891,0.9812765239932727
2892,0.6176602401699961
2893,0.6102899517038506
2894,0.9866982015185296
2895,0.08843876927465477
2896,0.9745008925422891
2897,0.2040131465540409
2898,0.6230715035620354
2899,0.4200835653027917
2900,0.3839518134771782
2901,0.9312433284794626
2902,0.14922772844025645
2903,0.9970690110762436
2904,0.37912506109154853
2905,0.6487749038885544
2906,0.9679067314833601
2907,0.05760105037897478
2908,0.9228643629251906
2909,0.5678113853543433
2910,0.7043968789774523
2911,0.14918418388634835
2912,0.5333874308310322
2913,0.6735137147252437
2914,0.4562473073876818
2915,0.15498517810605672
2916,0.24411907508557662
2917,0.8543927909934985
2918,0.03447099283276278
2919,0.7088620784408124
2920,0.9993900365145268
2921,0.007482996106766615
2922,0.16104568281993992
2923,0.6741443008931345
2924,0.05999083458534826
2925,0.5897899838558589
2926,0.6840001035610561
2927,0.5881463481140702
2928,0.3651847030210672
2929,0.6972822959866389
2930,0.5942944280138205
2931,0.20763717209391974
2932,0.5631355435851098
2933,0.8819072171389275
2934,0.66683328569045
2935,0.4717915073938471
2936,0.32158410286945116
2937,0.08588620943757286
2938,0.2446271327590287
2939,0.011186753086876888
2940,0.9866259175249644
2941,0.22248225212873995
2942,0.8148759426853727
2943,0.1686448818049786
2944,0.2836011496055739
2945,0.41827731922836675
2946,0.3244056641416051
2947,0.7983508127598611
2948,0.9576934080154231
2949,0.8752944836508485
2950,0.15357786694775655
2951,0.7766886763492903
2952,0.14794691330471144
2953,0.9133811065621014
2954,0.5178785756685784
2955,0.33638108805670675
2956,0.1570254973341928
2957,0.011809088179004612
2958,0.24794699166088474
2959,0.9140200632813119
2960,0.7972621922722275
2961,0.9697937077507195
2962,0.10076152112137304
2963,0.5921787435056695
2964,0.2571504740307766
2965,0.5429417057724074
2966,0.32045488556345514
2967,0.2834655502433575
2968,0.5738453020245975
2969,0.1833181618695403
2970,0.46913343697211685
2971,0.6508122650440348
2972,0.12818207318280406
2973,0.930594270876904
2974,0.5057246994541248
2975,0.8195279718843422
2976,0.6539054306210633
2977,0.7100009412225455
2978,0.716130940992838
2979,0.8750998970614726
2980,0.6136054350469241
2981,0.2782171517213896
2982,0.09950964286545716
2983,0.6062506194501415
2984,0.06635280377058106
2985,0.2412934516895302
2986,0.06070718460191171
2987,0.5488875890065671
2988,0.16033812494286803
2989,0.6104073194334733
2990,0.7908651308632676
2991,0.8218807207718624
2992,0.30954350813762743
2993,0.548954532694496
2994,0.563010760086359
2995,0.4728871821541666
2996,0.6551138914247648
2997,0.21008712382353356
2998,0.9792432395867943
2999,0.09807982709093244
3000,0.8292211412031192
3001,0.5940959869511878
3002,0.24485474719371592
3003,0.7456750006602998
3004,0.08448089567707195
3005,0.7744178344487831
3006,0.5899852222430135
3007,0.11075031839640159
3008,0.07950556309237022
3009,0.7508363334364625
3010,0.29293590650383716
3011,0.8893018507672135
3012,0.762073021030176
3013,0.6981902447177161
3014,0.27860605263345095
3015,0.7089445190216179
3016,0.948147684514834
3017,0.09155983437056892
3018,0.32616264200356604
3019,0.23467226546159414
3020,0.3932501344006667
3021,0.7423326548539464
3022,0.47424258142538656
3023,0.5707306061202463
3024,0.31415488807834235
3025,0.14128926708710055
3026,0.26693364893772853
3027,0.859680301241987
3028,0.6024169621534105
3029,0.3779886731972337
3030,0.7899059817355876
3031,0.06445743245490876
3032,0.2538910879223857
3033,0.23010315405733928
3034,0.9853645621682221
3035,0.7060985823927602
3036,0.6177859363885542
3037,0.004984965294472898
3038,0.18431000208985737
3039,0.6355412929730783
3040,0.37971932648166573
3041,0.9242803836790608
3042,0.7647242191417579
3043,0.44738407280411996
3044,0.7495149775382705
3045,0.9754043238262216
3046,0.4609808247014706
3047,0.6425258878885334
3048,0.9186646150612952
3049,0.24867466203617328
3050,0.8865579136662783
3051,0.09754470677298266
3052,0.6484481705876465
3053,0.7828381550557844
3054,0.6146062192524261
3055,0.49553480415254303
3056,0.617347099925686
3057,0.15166370877944457
3058,0.21557071033021835
3059,0.26989934395634196
3060,0.5977793406300381
3061,0.4419010737450705
3062,0.24447584248583953
3063,0.8828093321445801
3064,0.3739218402932234
3065,0.44603171922989115
3066,0.40970107654899457
3067,0.18194295527675264
3068,0.7316270154302333
3069,0.448458262268858
3070,0.016257109892718447
3071,0.964013702359797
3072,0.8157636115954137
3073,0.7235593540918033
3074,0.869091870518529
3075,0.9068072536055503
3076,0.33748970638443865
3077,0.6109586784166986
3078,0.6088078092055942
3079,0.26729966881059697
3080,0.2219522514470672
3081,0.11390725481902209
3082,0.6593141959164528
3083,0.7809189910307799
3084,0.7609529795170038
3085,0.31627537718497434
3086,0.20525985046520223
3087,0.45361417845462193
3088,0.5468134602405106
3089,0.9190871279685557
3090,0.8748231542740541
3091,0.9160583313018277
3092,0.8502623851359796
3093,0.9645812044363112
3094,0.46549999716905743
3095,0.04747349743309437
3096,0.08356203214847824
3097,0.39027614177234315
3098,0.25768709127299727
3099,0.16994059136106732
3100,0.9532037745086486
3101,0.19541958841062246
3102,0.959379272315231
3103,0.7608388403212071
3104,0.6409456721252235
3105,0.6760189600893783
3106,0.331474323659124
3107,0.6464270380582822
3108,0.1866921182812653
3109,0.9377054325359795
3110,0.30179333996059354
3111,0.25518651229354217
3112,0.7111627981941575
3113,0.6564487180661819
3114,0.45129891834330527
3115,0.6324462346907863
3116,0.15949307176085614
3117,0.673328307401955
3118,0.2706106951951939
3119,0.2728359766764573
3120,0.16217993494378458
3121,0.3323771350361646
3122,0.3312510603113281
3123,0.45417901170226926
3124,0.1904195046663495
3125,0.1930075361587663
3126,0.5417385716632284
3127,0.12887740467047515
3128,0.6888970079888351
3129,0.9439471258625965
3130,0.42679562166437823
3131,0.9011053131506768
3132,0.09831659112586444
3133,0.04295762737564457
3134,0.7213688775138399
3135,0.7610215729814965
3136,0.8430582409657513
3137,0.05681767839998142
3138,0.7769070549568304
3139,0.3765387327965818
3140,0.3033376326821986
3141,0.17302392134329692
3142,0.996015755102527
3143,0.06366358931886362
3144,0.8270080146079994
3145,0.6394944354905275
3146,0.7350804442618671
3147,0.7117171199217964
3148,0.8584344850731825
3149,0.1837920698561083
3150,0.0008246168346853766
3151,0.5985284890432662
3152,0.35385863932333395
3153,0.12378733111713769
3154,0.18613875410423886
3155,0.3317493124592229
3156,0.07023337088670323
3157,0.05691320212845086
3158,0.9160262548324442
3159,0.3121027493536962
3160,0.9822306974735849
3161,0.9643670083303999
3162,0.1425712823271138
3163,0.7149243028961909
3164,0.6008048891270692
3165,0.6906470731051536
3166,0.09619100001447478
3167,0.18856007863455804
3168,0.0766386614508815
3169,0.6041342052170712
3170,0.9865910758490911
3171,0.6719845376579414
3172,0.7107615350219296
3173,0.9845850415432811
3174,0.6780115541717961
3175,0.04018157262847033
3176,0.8670056008565976
3177,0.3646782903787963
3178,0.004363621514715366
3179,0.5072341775608206
3180,0.9370150008762637
3181,0.2573306871949832
3182,0.4915131730528399
3183,0.17377688778239075
3184,0.0576926716664401
3185,0.08054494671311319
3186,0.7270109059613554
3187,0.864074470742149
3188,0.1432988392524911
3189,0.2883185678104687
3190,0.19502946764482731
3191,0.026855776926427932
3192,0.5534313698869836
3193,0.6999221701376476
3194,0.6478774808850705
3195,0.3880535473022476
3196,0.5550102459399053
3197,0.09409930663622468
3198,0.15430371872268445
3199,0.9317946195529834
3200,0.7615077478198968
3201,0.9227390958251673
3202,0.9166802844993672
3203,0.6493926171077407
3204,0.9282386481121652
3205,0.4167041030824632
3206,0.0036162447849409363
3207,0.06257111584615938
3208,0.10948732570081521
3209,0.09535345318286026
3210,0.35170239085026345
3211,0.7012708071093576
3212,0.790648806600495
3213,0.5902132743446247
3214,0.14643617455697955
3215,0.7479016021481752
3216,0.35480191913759895
3217,0.012993348671796245
3218,0.28058862053274936
3219,0.3306005541409779
3220,0.2742455352181029
3221,0.8118701531875856
3222,0.7599263975940903
3223,0.6955520304126415
3224,0.1390050785122653
3225,0.807833909706282
3226,0.6771759616633237
3227,0.19483768648139188
3228,0.6480939302815164
3229,0.48351164100368105
3230,0.43935006185622505
3231,0.11212316347238882
3232,0.5183042758451654
3233,0.09993180897236364
3234,0.16425338725426664
3235,0.1325463142747627
3236,0.9541082790700076
3237,0.28486469044389007
3238,0.35520432359600773
3239,0.3220806062960361
3240,0.8982504451781438
3241,0.5629659113348885
3242,0.9191598989333117
3243,0.29992490582789555
3244,0.11483467443194895
3245,0.5562184527241746
3246,0.3455369917900175
3247,0.8019068334907483
3248,0.8794234089116586
3249,0.4725735109070718
3250,0.9713590240855083
3251,0.5530130063444059
3252,0.27092039338631246
3253,0.4889755153442745
3254,0.0373102924029276
3255,0.8040011602630676
3256,0.10143505085442095
3257,0.30874848850300496
3258,0.5653165470049434
3259,0.04297512564689887
3260,0.07931689918144824
3261,0.6961163576130128
3262,0.07177709306076874
3263,0.4770828662473765
3264,0.3386956334207504
3265,0.22807940795641646
3266,0.18877889786366542
3267,0.7634112937325794
3268,0.9515421931502825
3269,0.14017974220333174
3270,0.959681219174127
3271,0.5947625034751037
3272,0.6416604053632571
3273,0.7099263781425819
3274,0.704118890354581
3275,0.8198111081856883
3276,0.48346865134769745
3277,0.5333585875147011
3278,0.3238270024634159
3279,0.10525759378311705
3280,0.6646401909262191
3281,0.03360996918625092
3282,0.2756350510833683
3283,0.09422986444610026
3284,0.19072715732271805
3285,0.6387309128973808
3286,0.6284766302049182
3287,0.42105491299571207
3288,0.09017197648949116
3289,0.43337391645940837
3290,0.3527448718582934
3291,0.7204591528559497
3292,0.5790266081990517
3293,0.49156576733699897
3294,0.4869820823049952
3295,0.9662968872604188
3296,0.7562942217034505
3297,0.4969795604601278
3298,0.4792226128889776
3299,0.02647910130496345
3300,0.9425092633198067
3301,0.31917397176732965
3302,0.25593908188074377
3303,0.9994089253876713
3304,0.7186896715045245
3305,0.04736377329928798
3306,0.06188547702557645
3307,0.02550156396019787
3308,0.5996188995128691
3309,0.07156450006195181
3310,0.9333883568449306
3311,0.9369065400226779
3312,0.5460540667480798
3313,0.6166389313959508
3314,0.2918944015252498
3315,0.06397254240827333
3316,0.7374604451918155
3317,0.10178598874901745
3318,0.08555764101839314
3319,0.3112231092042238
3320,0.01246565983788206
3321,0.434035615756316
3322,0.7076809100800767
3323,0.801348931421939
3324,0.6043073037989213
3325,0.8468742031139126
3326,0.4065022037671103
3327,0.8487720850604766
3328,0.5064733104983793
3329,0.2230361279982953
3330,0.944145646660466
3331,0.2749708738371165
3332,0.02620148418779311
3333,0.24267404295502693
3334,0.36668756125742774
3335,0.3513496832892641
3336,0.5246675094435717
3337,0.8831268820359235
3338,0.29233822710969914
3339,0.5207706079591689
3340,0.34013895368847935
3341,0.8217730593732004
3342,0.15760151328847838
3343,0.1035102683100585
3344,0.5029952532376017
3345,0.6718875857654919
3346,0.7955252010907665
3347,0.5896248529053164
3348,0.7738497613190006
3349,0.3927100585609238
3350,0.032867670266468973
3351,0.11609930790155654
3352,0.03872260122899618
3353,0.32894365047649265
3354,0.49549134126868233
3355,0.3563174836569394
3356,0.5605994750663922
3357,0.4806091484927877
3358,0.6779428018639403
3359,0.6669621635634062
3360,0.3180641471086795
3361,0.3462144553610915
3362,0.5851478216413033
3363,0.5964324678908418
3364,0.3146999136371331
3365,0.3303178857754252
3366,0.6940450131861471
3367,0.6474108228760695
3368,0.1350508046797747
3369,0.44104187967539343
3370,0.8927060787105903
3371,0.036305676104475215
3372,0.8551639464842137
3373,0.16317815706414363
3374,0.5072486324617159
3375,0.4243364289230115
3376,0.010129337341458822
3377,0.915396937089632
3378,0.4549252273343056
3379,0.954268276760615
3380,0.28674390097921787
3381,0.8662757734159724
3382,0.9223895739956305
3383,0.5568324163707806
3384,0.2026777878677175
3385,0.68524743210572
3386,0.5489780665294601
3387,0.9445296658526259
3388,0.43927206181049183
3389,0.268513647639822
3390,0.1382870014941071
3391,0.6986335686866795
3392,0.9741096189805822
3393,0.028343770571398474
3394,0.7404453547781268
3395,0.9269303625596667
3396,0.07478153422734934
3397,0.11017004510613315
3398,0.6919570984497087
3399,0.6479633758957883
3400,0.0688274153162457
3401,0.8344227521511565
3402,0.5234238478448924
3403,0.9071973733366125
3404,0.8779908809927044
3405,0.8125077690501658
3406,0.5158988962444213
3407,0.25171064174943225
3408,0.5059755039111326
3409,0.10081137780178007
3410,0.6588461484734262
3411,0.13397721922900763
3412,0.5111729625007231
3413,0.05438197416681778
3414,0.2995124902746459
3415,0.23208046066978782
3416,0.6200315427116705
3417,0.7867867120225087
3418,0.05730295454052614
3419,0.8502836851553842
3420,0.8607676949546045
3421,0.3422690742880228
3422,0.6590040659703221
3423,0.40261303170344953
3424,0.1541908821896315
3425,0.5286624185631104
3426,0.08635967450159665
3427,0.8784721553959879
3428,0.9242897594096086
3429,0.8216131370114036
3430,0.5625281207559786
3431,0.557598591125455
3432,0.9846073766009298
3433,0.24790168983118288
3434,0.07594836590520748
3435,0.5619409236011778
3436,0.3287855978101033
3437,0.32233877280804424
3438,0.007085354169948044
3439,0.596239409547933
3440,0.26403370227561407
3441,0.187858548192681
3442,0.04043193139300372
3443,0.3643615764756113
3444,0.8789688723864574
3445,0.33667080759737233
3446,0.6790742101195937
3447,0.7565469634019073
3448,0.32810080919019957
3449,0.8216407350120413
3450,0.6918796596669491
3451,0.5592422287009515
3452,0.0009924640506289162
3453,0.03509076592280813
3454,0.9908658441060634
3455,0.7822839235035594
3456,0.937565258772947
3457,0.9023032049180275
3458,0.020442983142750837
3459,0.7918472897910739
3460,0.4511457440111546
3461,0.7895582040006557
3462,0.006715784163385141
3463,0.28819930120056425
3464,0.7513237757913022
3465,0.7930207886015898
3466,0.619714601214624
3467,0.30125618944626376
3468,0.3103625912878629
3469,0.9667639636420327
3470,0.4392121792342045
3471,0.44712555024383704
3472,0.5523327502406995
3473,0.40950233686438875
3474,0.5526715645974142
3475,0.4323354227675579
3476,0.8267149196021867
3477,0.909051019798284
3478,0.9321102598153617
3479,0.5642962058293866
3480,0.44214855746449533
3481,0.7052400587918379
3482,0.8383235912959066
3483,0.5629822420663771
3484,0.6999810218222613
3485,0.749729350721248
3486,0.6763937767172867
3487,0.7461335557293095
3488,0.20864533255599838
3489,0.4983745470217975
3490,0.5882685546050872
3491,0.0024779308570230807
3492,0.855962508813682
3493,0.6100245084449121
3494,0.12913633169820327
3495,0.8163570725758271
3496,0.7170569664405446
3497,0.758299543463637
3498,0.3920424618618562
3499,0.8542025066949921
3500,0.41402758213236224
3501,0.5705091529455913
3502,0.0006423036998737253
3503,0.6448731146778622
3504,0.7181757921279367
3505,0.5671093654887923
3506,0.49655881704361604
3507,0.8099364737117083
3508,0.6813727171652418
3509,0.278074039720023
3510,0.9590733380799858
3511,0.7072671941953408
3512,0.9879389289124246
3513,0.9712613162688684
3514,0.9189097228100899
3515,0.7553715412253076
3516,0.6094293684969674
3517,0.17217066368292422
3518,0.5433514174237577
3519,0.7653765223943273
3520,0.5208571587055678
3521,0.8682391284056578
3522,0.10965589919169827
3523,0.3809403480486341
3524,0.5059644185936573
3525,0.43232529586910806
3526,0.10858654782155308
3527,0.15352829404463053
3528,0.8376172928554871
3529,0.484384259201451
3530,0.04872242675272764
3531,0.016491258977649914
3532,0.4734754019943266
3533,0.1643787259244437
3534,0.7051259459992218
3535,0.7953234625277513
3536,0.2282967084571056
3537,0.5921769448817807
3538,0.154444643485386
3539,0.303582651594387
3540,0.8887954941814333
3541,0.5440980914823108
3542,0.8858886951442001
3543,0.22524780417950696
3544,0.33002434324866603
3545,0.47095213845681705
3546,0.4800800751945429
3547,0.9976479671837004
3548,0.11444531897113008
3549,0.8519650356015908
3550,0.8636820394218702
3551,0.5531986315377874
3552,0.34403716825915376
3553,0.5192261042882962
3554,0.2924677048065638
3555,0.7991074484399395
3556,0.49827915871033013
3557,0.9258421788774506
3558,0.6226913443560438
3559,0.5143193331146834
3560,0.7110693539776523
3561,0.5039329644302343
3562,0.9045063504194472
3563,0.1844459608868413
3564,0.9733486837459057
3565,0.812190551851192
3566,0.8607333618648696
3567,0.48290783237107116
3568,0.8372015493375974
3569,0.30677408357720515
3570,0.7619481785641752
3571,0.14045015838902264
3572,0.3070519159625087
3573,0.44573266335973283
3574,0.32231971814342186
3575,0.3870171156241836
3576,0.820104744783698
3577,0.25667589214216757
3578,0.7452811721545722
3579,0.07371206911165185
3580,0.7657391075150608
3581,0.792023242829773
3582,0.401698775502482
3583,0.7224778231674704
3584,0.9151384037450991
3585,0.8007129735545269
3586,0.3904465103969599
3587,0.4842135142800644
3588,0.7793575447858054
3589,0.29259458984912357
3590,0.8038827403088735
3591,0.32807114256094116
3592,0.8059905823855381
3593,0.08680044335072334
3594,0.044397296910590134
3595,0.9976754473698223
3596,0.869457123234689
3597,0.8828475034662039
3598,0.9512799476066175
3599,0.43831630941448785
3600,0.2868355546801522
3601,0.130024995017903
3602,0.5012091335384645
3603,0.22004832047660783
3604,0.9355508567393197
3605,0.004003162442779096
3606,0.14319673774312158
3607,0.2464758530834268
3608,0.19895671159319506
3609,0.2257784365797103
3610,0.6560476050611784
3611,0.3275120783131492
3612,0.6150243819033733
3613,0.8902579336462912
3614,0.602556765525702
3615,0.6945327912863815
3616,0.3655032982213573
3617,0.15973846762270916
3618,0.3205840624499061
3619,0.9642826487041081
3620,0.6218113844531371
3621,0.2775111194340152
3622,0.45091526716210384
3623,0.8355130374309944
3624,0.6684435707057735
3625,0.5606528407291682
3626,0.8851628766338411
3627,0.6724395722167903
3628,0.6427297307910954
3629,0.18976813721076813
3630,0.10638868301240778
3631,0.965142117057399
3632,0.5988583701003527
3633,0.4156834091464291
3634,0.5890208209102176
3635,0.06181196107171538
3636,0.8221272739041068
3637,0.21664553556433597
3638,0.804546006317947
3639,0.5343784432636106
3640,0.27657201365690276
3641,0.03020994824207046
3642,0.8158333553266057
3643,0.17646014146930666
3644,0.051805115639873445
3645,0.7558777308258808
3646,0.3500432223729788
3647,0.38933400559165
3648,0.24706758728071898
3649,0.8591784786968971
3650,0.29732952610653207
3651,0.21019256975102385
3652,0.3092497263361561
3653,0.20314957516739696
3654,0.31765522080520747
3655,0.08293622286817304
3656,0.15853002911945835
3657,0.4170528833961479
3658,0.8794668555898764
3659,0.057290746722285846
3660,0.21267470676003064
3661,0.9083456755415963
3662,0.8900146741599216
3663,0.6794508332959412
3664,0.24047355409523796
3665,0.41981056105578574
3666,0.21122099443796505
3667,0.12858850912520325
3668,0.3799983945138915
3669,0.5758216050703502
3670,0.35993267546480523
3671,0.6108245504659697
3672,0.29625473537930547
3673,0.3458505277607903
3674,0.7906735916446096
3675,0.878314730893858
3676,0.32203408153105206
3677,0.5715158013452762
3678,0.27816228389226805
3679,0.05333464170742752
3680,0.737857181360408
3681,0.17100348323615033
3682,0.42571252374691715
3683,0.4870454933791568
3684,0.18447158417910592
3685,0.09455535066339626
3686,0.3480130146710706
3687,0.9522859075503184
3688,0.6151355899884214
3689,0.3814102284029025
3690,0.03891082077421493
3691,0.6002732813910818
3692,0.09225764093537259
3693,0.5425440710475263
3694,0.7519505082717429
3695,0.42358534829478633
3696,0.2994114948165244
3697,0.0473842338175986
3698,0.024777875161596796
3699,0.4300265696455212
3700,0.8833452707029679
3701,0.24406277879319038
3702,0.5740555057818213
3703,0.6843058196797618
3704,0.060829867501361434
3705,0.1531003758033771
3706,0.33127679341956706
3707,0.6700931741485705
3708,0.4390351122280969
3709,0.7341950682182453
3710,0.8675978655731925
3711,0.7583722765985429
3712,0.9922472073132491
3713,0.7543610687316497
3714,0.8521791950074505
3715,0.832366358465001
3716,0.7302657622800466
3717,0.8018018166558906
3718,0.9346832278674102
3719,0.4752073785262926
3720,0.6382870239125435
3721,0.5149397215727727
3722,0.851036987192073
3723,0.4313596028715073
3724,0.8197267711447329
3725,0.7993545750571388
3726,0.9618861013685905
3727,0.24892069925741878
3728,0.7096195098859123
3729,0.7569194976474862
3730,0.9362784928046657
3731,0.9069024180555311
3732,0.5735258617084483
3733,0.5791531858639798
3734,0.1672912284042294
3735,0.9749627024237711
3736,0.25501746270342684
3737,0.7247362184512921
3738,0.7957950048053125
3739,0.44121550461138104
3740,0.211193720029058
3741,0.18896038421968675
3742,0.8564960009015917
3743,0.5107564867485148
3744,0.0901369820382667
3745,0.7170194727628887
3746,0.2501710528050296
3747,0.8763947507508792
3748,0.30957178602997526
3749,0.20027083009014313
3750,0.08485844355493433
3751,0.5115311366376475
3752,0.4507375878182873
3753,0.7513121446031429
3754,0.4646025871930364
3755,0.34381596892437105
3756,0.2616549156329441
3757,0.2781467454699711
3758,0.927847901827814
3759,0.16507860208781233
3760,0.9881764245571502
3761,0.32691945519222476
3762,0.08839023541749746
3763,0.24869038078786498
3764,0.0584143795546187
3765,0.7900297691639159
3766,0.5125529125411055
3767,0.3369866188668009
3768,0.6620496046315625
3769,0.6306465259503202
3770,0.9398720892275902
3771,0.9612605167483796
3772,0.6806837756654053
3773,0.8178159272441685
3774,0.7924251003351785
3775,0.4913035326998998
3776,0.7044582880334169
3777,0.07825900768357019
3778,0.7580210831503069
3779,0.9618330071923676
3780,0.08497475312573843
3781,0.8361157845918545
3782,0.9329800266492713
3783,0.2261888898020621
3784,0.5248111876092038
3785,0.9278582254629885
3786,0.9602260045229679
3787,0.12788238435231636
3788,0.34900422555545063
3789,0.6981446411508566
3790,0.2215584993859303
3791,0.3247706286344808
3792,0.023291060004693276
3793,0.1535216809311989
3794,0.5623294944177438
3795,0.6530900663041828
3796,0.6489118310958369
3797,0.7783604707782167
3798,0.41528141373879146
3799,0.2734907162411555
3800,0.015580700042524986
3801,0.2066298260523869
3802,0.31238781220203726
3803,0.17820685648046553
3804,0.020144471496602256
3805,0.15744760866519159
3806,0.6660995535675723
3807,0.6295854164725958
3808,0.9356836393980424
3809,0.7981682913973093
3810,0.5677561168411912
3811,0.13755634749321133
3812,0.5640718189251569
3813,0.061595060914180766
3814,0.4308848974108528
3815,0.39025862894719543
3816,0.42781380936294167
3817,0.2798259183947872
3818,0.6858304476238237
3819,0.8409444672987795
3820,0.7685169925989775
3821,0.6277520957908803
3822,0.5383447993330133
3823,0.03108418000803037
3824,0.7229339986919212
3825,0.5449829395784974
3826,0.2707410506638869
3827,0.32784203885344165
3828,0.9356067864697414
3829,0.624362245117227
3830,0.4759124346575283
3831,0.6209217397084077
3832,0.413742324985657
3833,0.4701822732030162
3834,0.2903092567076704
3835,0.4398533005916445
3836,0.6855922324379105
3837,0.03994192508646921
3838,0.7950274072961548
3839,0.28297954086131283
3840,0.6825597934324997
3841,0.64272531468006
3842,0.6526280491413053
3843,0.6081289162558029
3844,0.9591018380695349
3845,0.5083441626953908
3846,0.7323191155153514
3847,0.7054493312345776
3848,0.23626757727833037
3849,0.2833058391868256
3850,0.42401709815696786
3851,0.27769793046320923
3852,0.3667430989299597
3853,0.39096061392830594
3854,0.603864560938344
3855,0.21989004273506163
3856,0.8042918658766873
3857,0.4375363567715046
3858,0.7062441116832469
3859,0.08144248124081788
3860,0.4699653941243669
3861,0.02821953217732831
3862,0.6759099918155648
3863,0.34371007699706957
3864,0.9492528141058286
3865,0.3241242146014194
3866,0.5638058980177268
3867,0.2573875756946147
3868,0.6201126289473403
3869,0.4670423501332346
3870,0.3706282615056329
3871,0.20368934908017988
3872,0.1115213439714553
3873,0.11987913395667327
3874,0.9990400175055532
3875,0.4123107268572347
3876,0.001929707873339459
3877,0.9529287906260143
3878,0.01997992422981265
3879,0.4185861255545337
3880,0.7174775859706559
3881,0.9145992443717617
3882,0.712886291432101
3883,0.4636257549000118
3884,0.9744420389841034
3885,0.03931938303327043
3886,0.986892202538008
3887,0.8493915517084389
3888,0.9289300171263591
3889,0.25477242409753664
3890,0.14245807228426977
3891,0.6633152793727001
3892,0.51585943798612
3893,0.5231679607443794
3894,0.9246191784832176
3895,0.6200809066532622
3896,0.3110638351045899
3897,0.40006655641787603
3898,0.13349583509185126
3899,0.19231404027568932
3900,0.1433500702095385
3901,0.8102913412113545
3902,0.7048734679721188
3903,0.5303450176108518
3904,0.37436783362757076
3905,0.6684942903243505
3906,0.812905347695761
3907,0.881233215671709
3908,0.5470162282063336
3909,0.8198851218197009
3910,0.511305953412695
3911,0.47453008918789086
3912,0.8654318556221002
3913,0.386373936264664
3914,0.39591267904070226
3915,0.30491134528491615
3916,0.5187017282946167
3917,0.5448500336894607
3918,0.660461145310457
3919,0.4305023101095705
3920,0.21783729188359935
3921,0.8668420624138758
3922,0.3460008672380144
3923,0.9229434198401747
3924,0.20735333302645576
3925,0.5600574762362305
3926,0.5366150935294522
3927,0.8286478479269953
3928,0.13885138675082975
3929,0.9099371729174613
3930,0.5314281721720702
3931,0.5861093839143664
3932,0.5101662932977671
3933,0.03602490683626647
3934,0.4970906618065981
3935,0.26354966267699054
3936,0.34268818037783144
3937,0.6491015991871399
3938,0.49769712947410594
3939,0.09321821266746044
3940,0.07304127476175892
3941,0.18565769561737033
3942,0.19088514657222366
3943,0.6083007569713649
3944,0.1778144640455428
3945,0.8817194232747706
3946,0.20976066061341314
3947,0.09113144542638263
3948,0.8757460163596469
3949,0.295327576076733
3950,0.4254226298337358
3951,0.9590263840124423
3952,0.9443692191577738
3953,0.7149168892649178
3954,0.06893895173255471
3955,0.5933401254113975
3956,0.9890779350422578
3957,0.9469162284239805
3958,0.10600249251994287
3959,0.39596730309036865
3960,0.3155367459028393
3961,0.12972810690490555
3962,0.6947983112487609
3963,0.27384836436023674
3964,0.3448658031252978
3965,0.09035887670141796
3966,0.4979675587786656
3967,0.15816786365205648
3968,0.4320904235794891
3969,0.1433422221033015
3970,0.9538498899501457
3971,0.1449825331971426
3972,0.5218871538506332
3973,0.1969798253189875
3974,0.07636180347260924
3975,0.20230861884209816
3976,0.05477410739043609
3977,0.13939738312098882
3978,0.49348415776321697
3979,0.6518155210575742
3980,0.08733981507178346
3981,0.4410186239042685
3982,0.581247022853352
3983,0.2342256762110615
3984,0.3720784115160254
3985,0.07183486973360864
3986,0.2201310802330949
3987,0.46675292591894
3988,0.9904421789253223
3989,0.9962650629391334
3990,0.9796216811242879
3991,0.4230863863003276
3992,0.08068037841466502
3993,0.3235734372493335
3994,0.23771437537097728
3995,0.014126574909854583
3996,0.0952336102883754
3997,0.4531919350490661
3998,0.339662463804297
3999,0.18035372163448304
4000,0.7160999706587471
4001,0.35711559589661857
4002,0.8518678557465443
4003,0.24097716026311733
4004,0.5383934900866247
4005,0.18413921714918247
4006,0.495300616385842
4007,0.1524665089783862
4008,0.16157862437152193
4009,0.6122233770420157
4010,0.26378604217576673
4011,0.1723672265642473
4012,0.9297682501350731
4013,0.04300325074005107
4014,0.5651481126958872
4015,0.5482638418332653
4016,0.2506088744030598
4017,0.4527717451128178
4018,0.08773778308263547
4019,0.7212701459238856
4020,0.2216971483768232
4021,0.1933853598265559
4022,0.31487847827750304
4023,0.902369920263142
4024,0.7964666482835426
4025,0.9468922911337576
4026,0.6519623460330854
4027,0.6629215110320876
4028,0.48003099942621696
4029,0.9051863233669755
4030,0.510877149270329
4031,0.35506007079502466
4032,0.6403750099176652
4033,0.5461394934009635
4034,0.12401981530989548
4035,0.39272541391242954
4036,0.31332541109448
4037,0.8468337750111318
4038,0.37884255697310876
4039,0.8215552326388926
4040,0.44238959390094557
4041,0.75350056344561
4042,0.13528192851118992
4043,0.9246502196584624
4044,0.48055989079891825
4045,0.2597982456263064
4046,0.24148960636480687
4047,0.2650772885749719
4048,0.36672417291796766
4049,0.7175195326756167
4050,0.9496030429007936
4051,0.6690374301236321
4052,0.5471662709441008
4053,0.44859780801713467
4054,0.8281944670376165
4055,0.8496572024460699
4056,0.2930376744328186
4057,0.9534202486534301
4058,0.3951153632063821
4059,0.8000780691915278
4060,0.9668198780822334
4061,0.7036581008556112
4062,0.16155072645119373
4063,0.5861369551739308
4064,0.11877712309557842
4065,0.7891420398689263
4066,0.28131517387388294
4067,0.6952148230600186
4068,0.9100896741301989
4069,0.1810098506701724
4070,0.39285783860116674
4071,0.6471187880735663
4072,0.41965859280950113
4073,0.17481894162471523
4074,0.029071614168797
4075,0.4065981437019629
4076,0.6492090265819204
4077,0.5739842081524886
4078,0.15624123976064241
4079,0.45069344386738663
4080,0.3694710461812528
4081,0.27420240229339987
4082,0.7292712438603892
4083,0.30965203002718433
4084,0.5401419523330292
4085,0.9232235352696165
4086,0.5392759822535824
4087,0.6170229101605608
4088,0.0732459861675514
4089,0.1781341437417363
4090,0.10095119929811347
4091,0.7648129483558401
4092,0.8359210809168424
4093,0.18645529319457765
4094,0.21927175092309104
4095,0.3232072894927829
4096,0.5910776169538354
4097,0.6217961938000195
4098,0.6867539585414576
4099,0.9051927562134626
4100,0.29504014049653815
4101,0.6587589892067757
4102,0.5597228457776922
4103,0.3058372404125671
4104,0.9074151865936734
4105,0.0954834119592175
4106,0.7120010268320515
4107,0.727873713022602
4108,0.9153265276899616
4109,0.5185805923513536
4110,0.3216223382192459
4111,0.8277406698600205
4112,0.7708102818323926
4113,0.5003156144194704
4114,0.7678573756338111
4115,0.2678756020772608
4116,0.5895063304034679
4117,0.8651834547878755
4118,0.3179845046165125
4119,0.4835499824307432
4120,0.9510448541728894
4121,0.7982118419717367
4122,0.8870390203305527
4123,0.38524706089044636
4124,0.9965052596345588
4125,0.15256560468381297
4126,0.518770583216309
4127,0.4792733822962494
4128,0.7984321908001345
4129,0.908617772515012
4130,0.7311393769080597
4131,0.6268162361303028
4132,0.4274291908485037
4133,0.5103259170757342
4134,0.5093003132248218
4135,0.020368473684377664
4136,0.5030458048276777
4137,0.8559708001741249
4138,0.7092740111422482
4139,0.7957086221250048
4140,0.390484989768521
4141,0.5289732369129581
4142,0.03348356899710048
4143,0.3829979421693436
4144,0.474416044892644
4145,0.25520889959908166
4146,0.031240978990649815
4147,0.6904081087789521
4148,0.4350877508488432
4149,0.4156781931122342
4150,0.2499867540285089
4151,0.5378303989980171
4152,0.43802678127073147
4153,0.47398447302909097
4154,0.580871348436382
4155,0.006324647239735359
4156,0.9076959035384226
4157,0.07108739694508126
4158,0.4509247473159945
4159,0.20737287523938142
4160,0.5237823693698753
4161,0.28023010879713783
4162,0.8600064980626039
4163,0.39635983396242025
4164,0.6387555557684373
4165,0.24887972814787895
4166,0.019406150494017504
4167,0.4041545356132761
4168,0.5364864895582901
4169,0.4595471512617503
4170,0.96201436381886
4171,0.7068391738460283
4172,0.9956698006253952
4173,0.29506009031397196
4174,0.7890532796071466
4175,0.5555584675466139
4176,0.6117603544484994
4177,0.9858532004423277
4178,0.653987199751117
4179,0.8988168923369179
4180,0.725750234719247
4181,0.12738612172475006
4182,0.6994237103223125
4183,0.48431558868548197
4184,0.9187979929823424
4185,0.8068344471904552
4186,0.10413468760722522
4187,0.13391564365355846
4188,0.06961100179860558
4189,0.4932448747446174
4190,0.08077175920735302
4191,0.723678336574694
4192,0.5523585814504327
4193,0.8358850175531424
4194,0.27979578867131627
4195,0.5191407841611407
4196,0.11747968591054436
4197,0.8846100026502804
4198,0.1750049622898383
4199,0.102362251350405
4200,0.2050505985231833
4201,0.8062314887229814
4202,0.1058145276846828
4203,0.6144274948381659
4204,0.7461813006151257
4205,0.7510811604828711
4206,0.19006088660813114
4207,0.06162399837761201
4208,0.4488063837722176
4209,0.2024853452445461
4210,0.699270809013938
4211,0.356692799655421
4212,0.4493539410331321
4213,0.11348493310171182
4214,0.5675502865481917
4215,0.1855241896319073
4216,0.6789856609149371
4217,0.0711688225478937
4218,0.9758945922813234
4219,0.6845269785858117
4220,0.18172956781192617
4221,0.014094645461855793
4222,0.33446289220521874
4223,0.1528132640522074
4224,0.21841133311954597
4225,0.8727502584378894
4226,0.6032046600508495
4227,0.17645765302889949
4228,0.5566594006874488
4229,0.25578065342499323
4230,0.9762008643580892
4231,0.03275723026369526
4232,0.7323184221678151
4233,0.7729970261914273
4234,0.06716276395770027
4235,0.17186936423135157
4236,0.38430665910395756
4237,0.8681548265290678
4238,0.5369999384184994
4239,0.6553068500072905
4240,0.7830128354568426
4241,0.82812278833752
4242,0.47628454308368107
4243,0.5087931387734813
4244,0.7180058570877794
4245,0.2633423587356264
4246,0.8544897363655244
4247,0.02078682447584157
4248,0.19577160220972467
4249,0.8001999430365032
4250,0.34025821189267225
4251,0.14983283269230596
4252,0.18675475571140332
4253,0.5307564019360695
4254,0.8461815293449878
4255,0.0706507157711106
4256,0.030480909124649402
4257,0.46516813583684313
4258,0.9561874150536347
4259,0.2790098034141264
4260,0.9591705390670483
4261,0.8876811765900013
4262,0.2831350763875111
4263,0.8169480642561467
4264,0.6858673025688188
4265,0.5118223889047572
4266,0.4229161430428747
4267,0.8155027559254567
4268,0.7930794326950212
4269,0.7569363359425592
4270,0.9982559512152959
4271,0.4785124609413839
4272,0.8069229778199158
4273,0.8624783669834785
4274,0.21160258145368394
4275,0.04206644205306098
4276,0.40474840218857966
4277,0.856736684436776
4278,0.28910328119451023
4279,0.7000101540674241
4280,0.007348139064262682
4281,0.35536443232023773
4282,0.6155166947581512
4283,0.12975719007233688
4284,0.8966069121474339
4285,0.15627397711707924
4286,0.9097935450039947
4287,0.21638930868297468
4288,0.9942786739158408
4289,0.6047487132955909
4290,0.08434489443831128
4291,0.06527723447865985
4292,0.07492169625946876
4293,0.5898927472909519
4294,0.8095792023273852
4295,0.40296274177050573
4296,0.4448357592818618
4297,0.589287703664628
4298,0.5330406047863557
4299,0.6880617331012702
4300,0.47178572016302656
4301,0.7138606850640675
4302,0.9973107425466341
4303,0.3502978422487649
4304,0.012215462915350805
4305,0.12562504555165477
4306,0.5535141849869538
4307,0.34425778714465205
4308,0.9399825937049925
4309,0.627446090107383
4310,0.5203551859654679
4311,0.7980395012720187
4312,0.25858987104909514
4313,0.8197385402823597
4314,0.003061104864092945
4315,0.6196773621357177
4316,0.934757151045779
4317,0.78785995203387
4318,0.8536341921473594
4319,0.3969546951715005
4320,0.8242389461001263
4321,0.5508316650302666
4322,0.6185402365031989
4323,0.05891533933580351
4324,0.20155169717439214
4325,0.5509644155135526
4326,0.05880105782349765
4327,0.7414468065877132
4328,0.8400570085219016
4329,0.9203623612948049
4330,0.10176845917980593
4331,0.9397202480228001
4332,0.06762000762929499
4333,0.4740562159278153
4334,0.8402510206278118
4335,0.07031113856445537
4336,0.018231072988983632
4337,0.02494771870665069
4338,0.5112702394360336
4339,0.811596744596663
4340,0.12742667107259964
4341,0.12461025407954063
4342,0.5685468550497916
4343,0.2342956008119237
4344,0.7302137351448739
4345,0.9496353881767499
4346,0.7660334066004131
4347,0.8771753663789165
4348,0.5195860575716703
4349,0.8323193042175333
4350,0.18290318398668237
4351,0.06834789039562739
4352,0.6559531101246859
4353,0.051952503758055935
4354,0.8924814191396805
4355,0.6915541471074186
4356,0.952200725408912
4357,0.31388665631323565
4358,0.48615830920162084
4359,0.741690365045119
4360,0.24277898546082055
4361,0.5418488201116669
4362,0.6594672750054781
4363,0.9788086544470412
4364,0.7447032942423848
4365,0.118130850279074
4366,0.4753334513833103
4367,0.5887707829895721
4368,0.14662314286435274
4369,0.4319660569810784
4370,0.284005816335823
4371,0.11882754226202596
4372,0.5120419334634545
4373,0.16563308101234542
4374,0.5905374085857233
4375,0.16969693224186544
4376,0.7235949236028211
4377,0.1952416230296704
4378,0.8962851007761495
4379,0.02620935654880885
4380,0.521997387045736
4381,0.3201047658865469
4382,0.2250765257745908
4383,0.47160277916514803
4384,0.8420195363242607
4385,0.9152772055266487
4386,0.30324861814784576
4387,0.15424362209507125
4388,0.7201404475663072
4389,0.5819987254559883
4390,0.2010161486775599
4391,0.7602957880874366
4392,0.5189304352421411
4393,0.6533951995074075
4394,0.35933903396338873
4395,0.439097561302376
4396,0.1803420983749422
4397,0.756515867645341
4398,0.15701132415179186
4399,0.7783025947510613
4400,0.798007854884586
4401,0.7466009640551217
4402,0.019422788058740426
4403,0.27313321260667356
4404,0.4683377427918137
4405,0.5955443787167958
4406,0.9192220993690502
4407,0.3756059721287023
4408,0.8750233187739541
4409,0.16342928813683655
4410,0.37128048750862697
4411,0.052282010821323
4412,0.7424892910556222
4413,0.15065275743291295
4414,0.2570200156484578
4415,0.7752332521932148
4416,0.53471671742271
4417,0.013972719418462565
4418,0.002235204747397135
4419,0.5106606317398971
4420,0.30495551374919483
4421,0.18031144599517712
4422,0.6135939377161109
4423,0.2284364717174271
4424,0.5922071496849479
4425,0.3792659505862729
4426,0.18674621766978972
4427,0.13810473786874866
4428,0.23686060312728807
4429,0.02983210801298508
4430,0.30812696203626844
4431,0.9019546901817942
4432,0.8313621258830283
4433,0.3720037567196589
4434,0.5758336185818038
4435,0.5673605590140585
4436,0.8287375391937123
4437,0.2362901015169656
4438,0.29638748879301235
4439,0.3017854337456115
4440,0.04086998977167433
4441,0.3146878632891922
4442,0.877913776588007
4443,0.911987647571481
4444,0.10963534576855039
4445,0.4580585416184314
4446,0.3813489015876391
4447,0.4893591966233879
4448,0.5547195240586772
4449,0.02025876001774607
4450,0.8422422479211608
4451,0.9736640731733385
4452,0.6534048120036423
4453,0.6604522384933692
4454,0.5279798578307084
4455,0.33427341171438174
4456,0.1489778241795211
4457,0.5840633426960506
4458,0.044941403509207056
4459,0.8245025676918739
4460,0.42091169947061546
4461,0.4147542241619748
4462,0.32717085847590577
4463,0.9693538886985864
4464,0.17491695277071884
4465,0.15130782147521116
4466,0.16553150154503016
4467,0.658527482850764
4468,0.9918953187295984
4469,0.2354751704017547
4470,0.9056173970674878
4471,0.2786165592081724
4472,0.6478999201253002
4473,0.04049895193336772
4474,0.495653974576189
4475,0.6545699662789818
4476,0.5363197772226286
4477,0.23783538488179112
4478,0.8284969482679155
4479,0.9701365112382403
4480,0.4591960956920653
4481,0.6359192651892537
4482,0.7904132683455726
4483,0.24148906062179398
4484,0.8644503819287854
4485,0.28020090530999753
4486,0.7758308035152388
4487,0.11209923242642206
4488,0.2883867034141697
4489,0.5336199339398677
4490,0.5249220957043151
4491,0.8504311844863662
4492,0.9961272576386072
4493,0.10721084586014062
4494,0.27138813282503704
4495,0.3575982102230758
4496,0.47891840781000505
4497,0.49390974315439906
4498,0.8561950631484166
4499,0.7705593027850998
4500,0.018851579037953314
4501,0.4550217605831879
4502,0.6180738382440888
4503,0.4603955870930234
4504,0.13064525602570232
4505,0.3974740836906482
4506,0.4116556951297361
4507,0.18771592244975877
4508,0.7563071144709534
4509,0.3214006801424768
4510,0.5889872905686162
4511,0.5157301809587675
4512,0.8774270792163887
4513,0.12201493186283818
4514,0.11426300825346014
4515,0.3003196691230158
4516,0.43121496812583504
4517,0.2985422487521395
4518,0.7631870823952438
4519,0.24526584310929966
4520,0.08477474277224473
4521,0.41379980988414755
4522,0.773379288138484
4523,0.8505619435867413
4524,0.7333448483633508
4525,0.557886678499744
4526,0.7241917017491767
4527,0.6813895353038614
4528,0.23436663249506084
4529,0.5507588922031937
4530,0.770609332638432
4531,0.3171206618751382
4532,0.6539731467169314
4533,0.4814804275187985
4534,0.50315885094502
4535,0.09005503778215973
4536,0.6662171653053798
4537,0.8656870353545201
4538,0.1414312880258628
4539,0.36610566221644936
4540,0.04866745484083501
4541,0.029631885976391104
4542,0.9896584966717438
4543,0.49347150830638464
4544,0.3555190186352464
4545,0.2748770766250189
4546,0.9800126449449591
4547,0.2522507855216837
4548,0.7257083957377433
4549,0.2837580958059338
4550,0.07048950535691911
4551,0.6832766145179413
4552,0.0016308476298648733
4553,0.6757485115605695
4554,0.2503765989898231
4555,0.7461042320715012
4556,0.7697501673506494
4557,0.7241072388175379
4558,0.02448344146761039
4559,0.7037366196437684
4560,0.9901456140557632
4561,0.2426253685256229
4562,0.27423857222533854
4563,0.8135265495805395
4564,0.16039680505608056
4565,0.6605836755045515
4566,0.7550263775005784
4567,0.03716066181935718
4568,0.5537620942652262
4569,0.5758772585358829
4570,0.3034428973917942
4571,0.8763446693975172
4572,0.16274971929985638
4573,0.3641947095058605
4574,0.8486686871473293
4575,0.1906427566059925
4576,0.821374136327675
4577,0.07906917736795571
4578,0.48922906718999004
4579,0.07533066244570341
4580,0.6779035850615143
4581,0.7906014890556002
4582,0.8498585482468028
4583,0.9812622507439888
4584,0.6720157222995868
4585,0.7690619138400203
4586,0.5057582783213294
4587,0.9127369011811262
4588,0.6437583821994626
4589,0.8835514062513434
4590,0.23545201701388085
4591,0.4967377807180643
4592,0.729818921063804
4593,0.20272175456268327
4594,0.21133979326197827
4595,0.9780427404056374
4596,0.43461036073720605
4597,0.18181545292377166
4598,0.331463881981506
4599,0.3973761482659256
4600,0.6230852574702211
4601,0.9230146590477525
4602,0.986590075922091
4603,0.6516987589111125
4604,0.6999223607977247
4605,0.32182916969658903
4606,0.8571585954487491
4607,0.2177983352203149
4608,0.10638064931096758
4609,0.9732559900976508
4610,0.8641386768205322
4611,0.30364513453813335
4612,0.6751707163810492
4613,0.4670183574131995
4614,0.3231282061454709
4615,0.28677421076029486
4616,0.13602744522090648
4617,0.5493180822758392
4618,0.4465966901175078
4619,0.5121864202999443
4620,0.21535716747940448
4621,0.9386106707732477
4622,0.6385911963305415
4623,0.8996006573833368
4624,0.10927116603275544
4625,0.6228509658561748
4626,0.8494618186441611
4627,0.33092077981446666
4628,0.1951431691359864
4629,0.26502130580561967
4630,0.272933726749799
4631,0.44719896492353517
4632,0.32596360277933156
4633,0.2712740727079913
4634,0.6485122984051379
4635,0.05303237167188446
4636,0.34036377813972996
4637,0.6897519659404748
4638,0.17584974928100594
4639,0.22092786221291238
4640,0.20066662541291747
4641,0.0009261067314049187
4642,0.4737677518315727
4643,0.038958789416123185
4644,0.2729398117749001
4645,0.9948034245919716
4646,0.9183962113902998
4647,0.2150758081563342
4648,0.31000243191393273
4649,0.4637045822685515
4650,0.8444135466592435
4651,0.8026459413930911
4652,0.12624143656628217
4653,0.12444884834835213
4654,0.41673225389404467
4655,0.8700953896137721
4656,0.8820849990955023
4657,0.10736584968653018
4658,0.5742972879655516
4659,0.1556751971251129
4660,0.6861293100027828
4661,0.9164332479289065
4662,0.4547692924755936
4663,0.0830827746920515
4664,0.5792541958945455
4665,0.4085166701358547
4666,0.8108987523339602
4667,0.34034446392638773
4668,0.8748972004725892
4669,0.27370040763478487
4670,0.15751763588868595
4671,0.3064803773185799
4672,0.03491579182274651
4673,0.2812459668742413
4674,0.6601176338820307
4675,0.14228297855659233
4676,0.11136497278658797
4677,0.1323852912543504
4678,0.07755167426146636
4679,0.8746354118429396
4680,0.9441151154965282
4681,0.046561151728786276
4682,0.7600717815435403
4683,0.7371517467171977
4684,0.9969094246100404
4685,0.3478706617210682
4686,0.2855089916904162
4687,0.45308212080982724
4688,0.8565751771491905
4689,0.7285936425378988
4690,0.47162381396750275
4691,0.2445628432858732
4692,0.7270157412683711
4693,0.8545268680421961
4694,0.39995123106749086
4695,0.6685854458209842
4696,0.40021202117659815
4697,0.4784934381414848
4698,0.5249103799549136
4699,0.7757258140222779
4700,0.9775059841289311
4701,0.44436616263823236
4702,0.3423150062476059
4703,0.3735910064723913
4704,0.13388906937518164
4705,0.29693873781772273
4706,0.08644741326880623
4707,0.42789426317924717
4708,0.16735726931104888
4709,0.3464067459744087
4710,0.7935777493916063
4711,0.24592765058913602
4712,0.611894621342069
4713,0.9011814192486128
4714,0.5669291870295469
4715,0.19379261277241266
4716,0.3447661939659543
4717,0.590369207184066
4718,0.5066111397598535
4719,0.14861983627690378
4720,0.44679634469056895
4721,0.5430666949102484
4722,0.26733271445757245
4723,0.6124455153398519
4724,0.07016009948520985
4725,0.3366070335655168
4726,0.8042768327775744
4727,0.2592848009081554
4728,0.6051768500030782
4729,0.41002971371031194
4730,0.3164601424152468
4731,0.9161316879100269
4732,0.3432617180803835
4733,0.23667590148701834
4734,0.9093013156402705
4735,0.7459443559358149
4736,0.6817997136981974
4737,0.04953494206687581
4738,0.1312049607157758
4739,0.6383399638096628
4740,0.2094328365262602
4741,0.22563798563035908
4742,0.7791385153436107
4743,0.28592494883694264
4744,0.071587302151916
4745,0.0364319473098611
4746,0.4431779872452878
4747,0.617128577684646
4748,0.8688852333918029
4749,0.11080439503263928
4750,0.1966728262882963
4751,0.5298006109074711
4752,0.36410836224197507
4753,0.48253745124549463
4754,0.9241246489842154
4755,0.5448916538646872
4756,0.41512061061207595
4757,0.9894399066997448
4758,0.06521566989953631
4759,0.9321134483711719
4760,0.501661842065483
4761,0.5037563377671381
4762,0.9219643342032092
4763,0.5073239795930695
4764,0.4384070905301488
4765,0.272488592117199
4766,0.6588167668174209
4767,0.5696450909797616
4768,0.21434543694778307
4769,0.7094129150613248
4770,0.6440868573366405
4771,0.3973338842065408
4772,0.00440092190355057
4773,0.4465811501761877
4774,0.006058117130251728
4775,0.07499848929903985
4776,0.4306099024808341
4777,0.0819198841853277
4778,0.27566543378716624
4779,0.6554913685589684
4780,0.30861534260941903
4781,0.9976485941215104
4782,0.9163020339149811
4783,0.5853099045855237
4784,0.9669471386349304
4785,0.8680172944325221
4786,0.31889851884048703
4787,0.7495962459853094
4788,0.13683178400394735
4789,0.6845514243787411
4790,0.49108182649458043
4791,0.016825939252824718
4792,0.27422982239037075
4793,0.9553822174042486
4794,0.3158314850884807
4795,0.18145445530144066
4796,0.18753144657220833
4797,0.479213264641949
4798,0.8426492406705349
4799,0.7580017651333465
4800,0.4368520075377743
4801,0.20872688343696055
4802,0.04606490010219111
4803,0.46263031948273103
4804,0.8147753485181917
4805,0.7296819935943137
4806,0.4086007676272503
4807,0.5947026719176003
4808,0.43624652094621763
4809,0.5790161097901778
4810,0.5175052443935492
4811,0.680966600125159
4812,0.507708843533124
4813,0.9406109981675586
4814,0.4280281815816862
4815,0.015916303039710922
4816,0.23637353540898454
4817,0.500606858106656
4818,0.540571851888662
4819,0.5523847893120535
4820,0.7145520982700821
4821,0.2746481426175279
4822,0.6649036790414772
4823,0.7040322731192128
4824,0.4112807526208263
4825,0.40216909914632204
4826,0.17892478565644976
4827,0.41398737625537374
4828,0.7868162917070124
4829,0.9089730055498839
4830,0.5936131913179654
4831,0.2993703433542988
4832,0.6822897186597314
4833,0.7401462086960039
4834,0.33221277878066235
4835,0.8265478614895467
4836,0.07369583213834008
4837,0.010753717600025525
4838,0.12297077263205258
4839,0.15600834782750972
4840,0.8789290329477213
4841,0.42498170222128084
4842,0.2749316919703817
4843,0.42907511598681936
4844,0.3948408927006323
4845,0.301461667988017
4846,0.13789958241196532
4847,0.6559154619738806
4848,0.13660440277965535
4849,0.7754244526726743
4850,0.2016880132804536
4851,0.7313713071333117
4852,0.805586105695467
4853,0.12532600977445074
4854,0.08674576828800407
4855,0.9495727706536599
4856,0.4630468067525807
4857,0.6302354949729884
4858,0.023260440121767756
4859,0.2787101805563399
4860,0.5053976545593862
4861,0.8862183133894039
4862,0.2714394175643763
4863,0.7751913198587196
4864,0.6622129282587018
4865,0.11527076780574497
4866,0.29337517279199654
4867,0.23786403643861975
4868,0.4425275875732855
4869,0.6353342430475842
4870,0.43341975550850664
4871,0.24453657575180598
4872,0.6958787682282754
4873,0.5844710947114898
4874,0.5193139074156919
4875,0.5544195974459784
4876,0.22190064629382356
4877,0.6804310610924562
4878,0.3875005355387683
4879,0.3634678197300196
4880,0.14973420826677053
4881,0.5968373345504464
4882,0.6026644105465065
4883,0.34030064366652835
4884,0.8598500568655341
4885,0.8454578987154283
4886,0.1090543064824313
4887,0.6950383878099182
4888,0.3938347561850223
4889,0.9997148510628928
4890,0.2250236296846524
4891,0.2805242054144894
4892,0.4421062945557275
4893,0.26871514868066315
4894,0.6919933663865142
4895,0.48090811218148055
4896,0.22087883484954018
4897,0.5063740694865626
4898,0.8887877663650384
4899,0.7923956468500528
4900,0.49882892442682103
4901,0.2884926031419477
4902,0.17988646470252778
4903,0.8783828771868954
4904,0.7101669404986963
4905,0.5721633031474584
4906,0.8794346459536684
4907,0.12169028737408949
4908,0.6824892860020683
4909,0.21671231241323197
4910,0.120577441015987
4911,0.46560851000693315
4912,0.3873929297643537
4913,0.9411736093251855
4914,0.3239795467518164
4915,0.8149022590520024
4916,0.7488270004683447
4917,0.6679238700585363
4918,0.9204004729600596
4919,0.4079245943813421
4920,0.38967118598286565
4921,0.16094742358150937
4922,0.27576207549506915
4923,0.8797764560608707
4924,0.474382132911368
4925,0.34135332219071046
4926,0.21611205508217113
4927,0.484960250243615
4928,0.7166653704645288
4929,0.2866920254570754
4930,0.7577165208126542
4931,0.6297877747249184
4932,0.7875625625397042
4933,0.2509096288749123
4934,0.6310281447330454
4935,0.1537352794888419
4936,0.36379698216463674
4937,0.7243600948428013
4938,0.6316683855799359
4939,0.18786072533752196
4940,0.8583426720925291
4941,0.053350982345181874
4942,0.5952156885166495
4943,0.9838205002316063
4944,0.5315047318427486
4945,0.8006718199594207
4946,0.5951809731891021
4947,0.7830883149229926
4948,0.6555941353552872
4949,0.6911320145375287
4950,0.22781115108638406
4951,0.7418209135729177
4952,0.23790988666433077
4953,0.9806402751425881
4954,0.2277871909612047
4955,0.2366840035976563
4956,0.8586731204838641
4957,0.24298586196281913
4958,0.36090279349128296
4959,0.714640161179027
4960,0.15874858019476323
4961,0.15907175482750224
4962,0.48635842326661893
4963,0.24369675423272685
4964,0.23565795556903357
4965,0.00923892141851268
4966,0.37044959119794796
4967,0.31825055461840324
4968,0.031155810826670405
4969,0.6212331782136635
4970,0.626655182003354
4971,0.07080047177365889
4972,0.31704156290945307
4973,0.8728055319953978
4974,0.5821670682445784
4975,0.41197472401198787
4976,0.4651019284640959
4977,0.20827999443580514
4978,0.811881500707928
4979,0.9140047054509676
4980,0.9106640422500436
4981,0.22393439169229967
4982,0.3107402677764569
4983,0.1606227748095368
4984,0.30720113363231316
4985,0.3328053721226003
4986,0.6331057370646355
4987,0.18964638154812463
4988,0.9193969243677436
4989,0.10309947008530995
4990,0.006878011034333054
4991,0.8549451286305332
4992,0.7037698077660497
4993,0.3553598703559985
4994,0.595499705910118
4995,0.22354410083923337
4996,0.16838964864537598
4997,0.4711491351387228
4998,0.35318782972096086
4999,0.6152300505352921
5000,0.2181491845610315
5001,0.6629277005606187
5002,0.7668615203028132
5003,0.1666361430284744
5004,0.04385828341791598
5005,0.43958737530133873
5006,0.7740240859924371
5007,0.6507798355741427
5008,0.7018817204145913
5009,0.4028393399933684
5010,0.23494554525306988
5011,0.5317788432846094
5012,0.2043656937491969
5013,0.7262286969850658
5014,0.19696645595947704
5015,0.29126326671434144
5016,0.5065447783230054
5017,0.48670993414349495
5018,0.6008493764070294
5019,0.43744460049991696
5020,0.9194733085100913
5021,0.8399340941971882
5022,0.8791134512366384
5023,0.6295165714034375
5024,0.6350079158608064
5025,0.6091986837159487
5026,0.4348841544214562
5027,0.3221060010672626
5028,0.5920028874488703
5029,0.02553183713845031
5030,0.007456431423803034
5031,0.8516418262967486
5032,0.046424044777622187
5033,0.5247951503334181
5034,0.6149877629496451
5035,0.1981712296224356
5036,0.8957308382651483
5037,0.190095771748375
5038,0.8845149873666747
5039,0.7629902693330352
5040,0.24074295352419395
5041,0.15074416627609355
5042,0.3162327101862351
5043,0.3979505662702747
5044,0.24578467649892344
5045,0.9988915487544232
5046,0.22965233623958103
5047,0.830634826982857
5048,0.15911774709047277
5049,0.9802446252759475
5050,0.22552345828308484
5051,0.42168855478359224
5052,0.5585640667679065
5053,0.12028571515609332
5054,0.8168200674791013
5055,0.27468553268082985
5056,0.5492699016016638
5057,0.5496338106932469
5058,0.602640652325785
5059,0.05548598652431469
5060,0.16861876183156788
5061,0.1611922429233642
5062,0.30205125941585187
5063,0.14491415685833986
5064,0.9219213207742897
5065,0.5129544505113007
5066,0.6235751477026844
5067,0.35748817539812083
5068,0.27624614103391154
5069,0.503177170232213
5070,0.2943229748348336
5071,0.34364592572976427
5072,0.45275087427085714
5073,0.5057336871843555
5074,0.9843140117818387
5075,0.2233225881619405
5076,0.48797616488264717
5077,0.14951173948933894
5078,0.3499992327079726
5079,0.7173107187064043
5080,0.17446214376057456
5081,0.5813513075500432
5082,0.4167010235680072
5083,0.05157954440447299
5084,0.9330752414784446
5085,0.41360314029288636
5086,0.7839265357511662
5087,0.4163134887318003
5088,0.9373603215787846
5089,0.29047033442889747
5090,0.41223064968769685
5091,0.7588642402592863
5092,0.3436673152808569
5093,0.36435707133517936
5094,0.9948231734142234
5095,0.555614525690352
5096,0.6893804536701481
5097,0.6434622341536098
5098,0.8279241471565723
5099,0.861825099441743
5100,0.5632561324703096
5101,0.29455607496639935
5102,0.022800247574969457
5103,0.6144032510643201
5104,0.8254688332656196
5105,0.4505398055116595
5106,0.1647061404908643
5107,0.2880820729356409
5108,0.5099889295118646
5109,0.8366812189776666
5110,0.17175314606842063
5111,0.6121498757095142
5112,0.7533686139505454
5113,0.9360475203348232
5114,0.11670369167885941
5115,0.9263916341645574
5116,0.6014675351744795
5117,0.766701587432286
5118,0.05377470956855546
5119,0.5061481556405951
5120,0.6226296740807937
5121,0.3068338398728402
5122,0.43165020810125265
5123,0.554298135279598
5124,0.5525479397729799
5125,0.041861525406838074
5126,0.4394817665788924
5127,0.21381815479223087
5128,0.9166950780853498
5129,0.9765799901233341
5130,0.2996468963520691
5131,0.17518539725105875
5132,0.21950415094834308
5133,0.47775225535295374
5134,0.8745055991131784
5135,0.5000362149376396
5136,0.05539206171529765
5137,0.03988560271314401
5138,0.22739094562284856
5139,0.8427712776094288
5140,0.621480557535144
5141,0.5629578537862915
5142,0.3189695925826421
5143,0.9294254050461873
5144,0.33117824496213244
5145,0.8349444126529467
5146,0.8959035179758841
5147,0.4833350132161367
5148,0.8942892694807426
5149,0.2768032873910471
5150,0.6584334261832758
5151,0.08796374852438626
5152,0.4739342140923939
5153,0.2173318021583479
5154,0.06276327793060288
5155,0.0037255080776207317
5156,0.32475211644080837
5157,0.5895305945367628
5158,0.45523034765115733
5159,0.3017692985194961
5160,0.9912000307762511
5161,0.9395250399796778
5162,0.12565330683749687
5163,0.41510742666849476
5164,0.6488469339936108
5165,0.7334907975299367
5166,0.3663721549094904
5167,0.7462818127353477
5168,0.12415001291067829
5169,0.3318126252577047
5170,0.716433175755905
5171,0.6256827902603751
5172,0.8372102148616549
5173,0.04685702266715508
5174,0.17439171782304852
5175,0.04849458227196646
5176,0.19211422424921132
5177,0.004282810632935008
5178,0.5042103016788663
5179,0.5283143955682554
5180,0.6578917814059948
5181,0.38491244720104345
5182,0.003207690685184006
5183,0.6738911544076371
5184,0.05429108774791258
5185,0.8661704308177439
5186,0.022653987707937362
5187,0.5304751232566325
5188,0.8949178823855207
5189,0.5724895757887801
5190,0.60841674654393
5191,0.6816108483374057
5192,0.12240884773046701
5193,0.6749271008105595
5194,0.8803548820128152
5195,0.9742208328353165
5196,0.44305199935834705
5197,0.34450485167754685
5198,0.753309615596317
5199,0.5428742880953146
5200,0.2573046544550305
5201,0.17215788496970297
5202,0.1702303005927437
5203,0.45917703660615206
5204,0.17012440561565012
5205,0.019718944011485773
5206,0.05208877496969
5207,0.9298845439529657
5208,0.07296134116013575
5209,0.07318069058095955
5210,0.45118844553353243
5211,0.24510028233503256
5212,0.9626938521724977
5213,0.9109858394978042
5214,0.4047432486712671
5215,0.4487315194162592
5216,0.3751136530755702
5217,0.03786611664312822
5218,0.29284683925470867
5219,0.12267346961198411
5220,0.10237033001512275
5221,0.5608615729363878
5222,0.09876485771356225
5223,0.1029313237952636
5224,0.48051371481934857
5225,0.44228236512263874
5226,0.13763478513236937
5227,0.004449024808863
5228,0.19297444176784384
5229,0.23589225418204074
5230,0.8002484436088676
5231,0.915438350527215
5232,0.40594439748796973
5233,0.4050267265009778
5234,0.7124812837598667
5235,0.626922015704689
5236,0.18414018669340915
5237,0.10768912229586136
5238,0.4376118906550508
5239,0.564828363162763
5240,0.13870760315880926
5241,0.29327349340844455
5242,0.3059429964305749
5243,0.261298201024164
5244,0.46076126629179104
5245,0.6530635843197385
5246,0.5093898836159924
5247,0.2014565622473442
5248,0.10293904704739976
5249,0.8218704628987004
5250,0.4793046827177857
5251,0.0621391841338772
5252,0.258121499649558
5253,0.8040337783841548
5254,0.75172632477355
5255,0.8758166328973778
5256,0.6020878260016921
5257,0.422905934358055
5258,0.42663499755445067
5259,0.19400004449294372
5260,0.6507989615178819
5261,0.585068756092854
5262,0.1548644114288359
5263,0.8856629200453748
5264,0.36846820331059704
5265,0.049738765521068484
5266,0.3278809207797838
5267,0.8698567147115758
5268,0.9169565858617845
5269,0.4903984172596335
5270,0.9563399400734179
5271,0.875241809211976
5272,0.8252307170992254
5273,0.859710064682206
5274,0.3818754121688235
5275,0.7564689407555436
5276,0.5773390030761493
5277,0.7196840017403067
5278,0.17778610758077462
5279,0.731393911774942
5280,0.9575924341941717
5281,0.30266332238142957
5282,0.9861613239556271
5283,0.3783760148053711
5284,0.19972349702103287
5285,0.11228622980023839
5286,0.7849619132881778
5287,0.5548254003765684
5288,0.30713129366202885
5289,0.6084503697937579
5290,0.33210118784100473
5291,0.44835775732845873
5292,0.8626641257530911
5293,0.6681664768591647
5294,0.7624018397047164
5295,0.5834935514695763
5296,0.991398048885621
5297,0.24141006629089268
5298,0.26229116071881475
5299,0.09255893873833287
5300,0.5540195020707105
5301,0.6133592364083679
5302,0.7259615728988198
5303,0.33544592594926104
5304,0.0122568018650272
5305,0.63222953708832
5306,0.9986954925203827
5307,0.2945493537899925
5308,0.18393445246901974
5309,0.2817669578263532
5310,0.4254154747770472
5311,0.2509129289525647
5312,0.3469600253675299
5313,0.6382067385793626
5314,0.3450279868426147
5315,0.39605894478365467
5316,0.040031262799263945
5317,0.9179425016228697
5318,0.40688595991485366
5319,0.3281435160347943
5320,0.0864841962453845
5321,0.6341832153951836
5322,0.8638249502637549
5323,0.04115320005240031
5324,0.1452724673660355
5325,0.14638982888620733
5326,0.6022748553477929
5327,0.9212305027183688
5328,0.4377683670655096
5329,0.34380644819385064
5330,0.7658406855966913
5331,0.7425690617556514
5332,0.24675613927720963
5333,0.16082636230788605
5334,0.35781003241535636
5335,0.7756033922266312
5336,0.6950633899149783
5337,0.6658537063562052
5338,0.8294285601632039
5339,0.27713031234139374
5340,0.3396837254695101
5341,0.04233945060917599
5342,0.8687457758035334
5343,0.5824297349221781
5344,0.2981222918836933
5345,0.06941653144936555
5346,0.7234095031624597
5347,0.7487375195490611
5348,0.6661786521150226
5349,0.20378097094672953
5350,0.9132160585086049
5351,0.7531580190208763
5352,0.6577563235839703
5353,0.6509439234217875
5354,0.9043577000916412
5355,0.9283071330971238
5356,0.59563741801024
5357,0.4166694109625484
5358,0.3637339795594162
5359,0.8190788410807225
5360,0.6446053398343335
5361,0.07726603025365364
5362,0.1421860130150272
5363,0.9001858951048464
5364,0.8844981481045009
5365,0.9518324486974689
5366,0.42785096732832373
5367,0.7840609076407071
5368,0.8282250273143216
5369,0.3156969058381931
5370,0.14533771122714223
5371,0.9970263616391729
5372,0.0302192037513499
5373,0.597335918711443
5374,0.6502122741817089
5375,0.6817893419696484
5376,0.2556277439690897
5377,0.7215792442988508
5378,0.21639956328126553
5379,0.8290382557516824
5380,0.21911667408463453
5381,0.6967060290760775
5382,0.7834134858339759
5383,0.18894575046218876
5384,0.23798648763260277
5385,0.7791037387343669
5386,0.08599897163495285
5387,0.19076095246666414
5388,0.4555309061899152
5389,0.9301819287447706
5390,0.5618778348930105
5391,0.3876778482082255
5392,0.9783702222224766
5393,0.46371130622128853
5394,0.43373497368748204
5395,0.4116443168877235
5396,0.31218007260679626
5397,0.32569480973758436
5398,0.6878370599294981
5399,0.040835597341881136
5400,0.6818167256463189
5401,0.20120449812587282
5402,0.3842080032044929
5403,0.146538972560332
5404,0.5527510440724698
5405,0.7293504449521396
5406,0.35465557605636466
5407,0.16341657754026295
5408,0.22650558193117554
5409,0.8181129185255726
5410,0.2676487350598524
5411,0.7747025930112271
5412,0.33119940680621107
5413,0.18873255434296254
5414,0.727308559627431
5415,0.4685450294752067
5416,0.031277251274806406
5417,0.9599424193443986
5418,0.14775344507210741
5419,0.3534069764530914
5420,0.3847946349957073
5421,0.4894298992584133
5422,0.7854440223341707
5423,0.006090279675126764
5424,0.9324720513360747
5425,0.6459894602030112
5426,0.9506488791489356
5427,0.8173895374164858
5428,0.9278382180832169
5429,0.6010005509356781
5430,0.35730898287717483
5431,0.4429140631136037
5432,0.6580323103841129
5433,0.4269318597663363
5434,0.7316727834677892
5435,0.09184801608002957
5436,0.8299866489848887
5437,0.20418863964200418
5438,0.9439476095247226
5439,0.15554579993726791
5440,0.12916419610239782
5441,0.8118761105873928
5442,0.8187018277030144
5443,0.7387594198812473
5444,0.9605304639047046
5445,0.27053962868541603
5446,0.8266487389902876
5447,0.35204053004342084
5448,0.5373986255693407
5449,0.4456000297013287
5450,0.005850022673607236
5451,0.5744621935391577
5452,0.747505887763953
5453,0.17455238357527125
5454,0.9316558618930374
5455,0.5303995394185038
5456,0.1782460031510935
5457,0.6459475709168853
5458,0.191922708515344
5459,0.06353334829533641
5460,0.6853152424192422
5461,0.11069488330549448
5462,0.10621744837643532
5463,0.7399435631818133
5464,0.05520223320807116
5465,0.8097691790479546
5466,0.7961487586478276
5467,0.141393428077766
5468,0.5183806472769689
5469,0.09662549096894235
5470,0.6325712197859872
5471,0.06293001297054657
5472,0.9444808563227473
5473,0.20773073536958164
5474,0.6828946559486451
5475,0.12829142437711005
5476,0.20959644832677649
5477,0.45094964888337064
5478,0.5730961413415162
5479,0.998863240391683
5480,0.025926228090944137
5481,0.00031441964408696066
5482,0.350367094714948
5483,0.3661563678024199
5484,0.8838372360986316
5485,0.912582547697302
5486,0.8805249763593188
5487,0.14317875048604778
5488,0.41210483518107344
5489,0.7458851622950232
5490,0.3126110677842414
5491,0.6632380285105512
5492,0.237142863191092
5493,0.32341925796080806
5494,0.8604296493484839
5495,0.2505090360889951
5496,0.9643240868848629
5497,0.3062595609368469
5498,0.023528109823277354
5499,0.25490090380257047
5500,0.17120494224342575
5501,0.5068269662175497
5502,0.11271606632786002
5503,0.6260488772454097
5504,0.8748990705564946
5505,0.3625188818037357
5506,0.16849271930540444
5507,0.400024995784413
5508,0.785966821450627
5509,0.5914876740795956
5510,0.10114321332760312
5511,0.5371871543270333
5512,0.4680853814555932
5513,0.32711225602116145
5514,0.11016059605332329
5515,0.9811119356202749
5516,0.1760433198932556
5517,0.19274289079074547
5518,0.14558269210223584
5519,0.5701930386989381
5520,0.4436695744827004
5521,0.24955718202655597
5522,0.42942338302152816
5523,0.6735218510617179
5524,0.28170053149863017
5525,0.9152457760303804
5526,0.3063462371777058
5527,0.19817903082285326
5528,0.9545678468728145
5529,0.8105606101181794
5530,0.34313762484346555
5531,0.841431851143876
5532,0.5188142491538
5533,0.3467524982610628
5534,0.8396115895392143
5535,0.7521650668644404
5536,0.2978748426431058
5537,0.6066785152579738
5538,0.3693902235197972
5539,0.001051972560388137
5540,0.9618157414002794
5541,0.5496290760728367
5542,0.5984326016657832
5543,0.5998914256772949
5544,0.5506414608194028
5545,0.29004784477359347
5546,0.9715761249080562
5547,0.6216684125152849
5548,0.6709213605539615
5549,0.4547927573170498
5550,0.28786140049078257
5551,0.06434898217492935
5552,0.35023019656788623
5553,0.1760974292683921
5554,0.6620882682570118
5555,0.8790038848027194
5556,0.3027548582456523
5557,0.33288262541404656
5558,0.6703645038290117
5559,0.14927143424123634
5560,0.9294374266776991
5561,0.36384678102548307
5562,0.10119944592677466
5563,0.1746840049206415
5564,0.9327460760074581
5565,0.24711928836901997
5566,0.6622688038312864
5567,0.15616522353826512
5568,0.19410169234877772
5569,0.8792382188999776
5570,0.1480332201025618
5571,0.018750586736279162
5572,0.5012331895262763
5573,0.8627268132629347
5574,0.32599104541562474
5575,0.1281622706457105
5576,0.9822308295656378
5577,0.6767386294894133
5578,0.8506906319481564
5579,0.7521382723289237
5580,0.6982422739891901
5581,0.3845640671309203
5582,0.3243399932036394
5583,0.7169585958944741
5584,0.7167130081772302
5585,0.9505883840490933
5586,0.5686598178483223
5587,0.29462110578767353
5588,0.48952879933047744
5589,0.6137138167259192
5590,0.4267297995769125
5591,0.7911331233595482
5592,0.5846132122158377
5593,0.009435727627650548
5594,0.5698398882320085
5595,0.633603785941861
5596,0.9152612515440707
5597,0.41372167366418855
5598,0.5744676592713583
5599,0.47499745071437394
5600,0.5316564284688854
5601,0.06730407066899646
5602,0.8972836675331015
5603,0.9104123398316256
5604,0.5480596098426327
5605,0.5565555157209455
5606,0.05755603594395453
5607,0.5979505131197568
5608,0.42915178987916247
5609,0.7090436302344373
5610,0.047124916595572386
5611,0.7108876827294898
5612,0.2868938238323139
5613,0.651705330453108
5614,0.627125975312123
5615,0.22684148463223253
5616,0.44045234521626675
5617,0.8356332590533245
5618,0.6055916435947739
5619,0.06873830197841146
5620,0.4429088313208297
5621,0.311771458777917
5622,0.6416456789116327
5623,0.6145639412952608
5624,0.010398101510140534
5625,0.607695509418463
5626,0.7348496539849367
5627,0.7687300324015754
5628,0.05897577038996116
5629,0.30365841710986896
5630,0.4212735605515239
5631,0.1797717077949118
5632,0.4207338711650098
5633,0.07112953582559234
5634,0.11321728300705158
5635,0.6686947628434194
5636,0.262572461160155
5637,0.7114058474795725
5638,0.048108528016667984
5639,0.5627030530435029
5640,0.3914486635868403
5641,0.7969713919154653
5642,0.7839515802055619
5643,0.37555964245750817
5644,0.6227140140877143
5645,0.2275488688194881
5646,0.5804068361804202
5647,0.08126469394752245
5648,0.4346042841186101
5649,0.18272768153810914
5650,0.8833811820915227
5651,0.4449008179668318
5652,0.5907737486375348
5653,0.3603818603300104
5654,0.2887410352398029
5655,0.20291978306153358
5656,0.9118715826670196
5657,0.7994657824269527
5658,0.13326114443103088
5659,0.7467248762917983
5660,0.4185307770366532
5661,0.015396654960569855
5662,0.528367320376222
5663,0.1300464400848661
5664,0.20993431309359467
5665,0.696040961424093
5666,0.2571420371411961
5667,0.8918882018418166
5668,0.6571697584241699
5669,0.8322834849108091
5670,0.6151895383301841
5671,0.8688495910220159
5672,0.3616846750221502
5673,0.5491405768855797
5674,0.5158904004443335
5675,0.9037907080779705
5676,0.16491540860861353
5677,0.5780607631866924
5678,0.7544311942269804
5679,0.37004976053366034
5680,0.8675815246159764
5681,0.37301476707773407
5682,0.1733087598959161
5683,0.5840483554050317
5684,0.4205680100373125
5685,0.015190104682004546
5686,0.06983859249350322
5687,0.19527718020659002
5688,0.7693299595181523
5689,0.8920395160337483
5690,0.5456408740142225
5691,0.10556546251412346
5692,0.534418952241846
5693,0.855605460596945
5694,0.7494776291225896
5695,0.29109816369737496
5696,0.12389060928835782
5697,0.900681699762243
5698,0.854088746632211
5699,0.05371536514522579
5700,0.8236744898245643
5701,0.09721263778493949
5702,0.06328363340203702
5703,0.7586008971462594
5704,0.536310621924958
5705,0.4145480240903189
5706,0.9038621959760219
5707,0.8393035720677537
5708,0.057623471547056604
5709,0.6160872419411724
5710,0.7722674032074582
5711,0.5504905797749521
5712,0.9830054990761883
5713,0.6860475046475483
5714,0.1041430126970253
5715,0.19829801199995345
5716,0.826245621199462
5717,0.9967566731443
5718,0.0983392668723897
5719,0.1003293178450484
5720,0.7633870541432835
5721,0.06435428171653956
5722,0.06856011606484747
5723,0.8888164830096625
5724,0.8004498123184509
5725,0.8815631998643823
5726,0.6505134021327537
5727,0.32253642193885845
5728,0.9063131903327911
5729,0.2987235249744318
5730,0.27551083945484933
5731,0.8864004191927712
5732,0.6808225924932079
5733,0.8956720847092428
5734,0.1559012892539724
5735,0.9522967977656314
5736,0.6127421567003271
5737,0.6680350440934276
5738,0.9140605803264515
5739,0.38075297469462865
5740,0.7195749946958622
5741,0.640340621124484
5742,0.7877527188659602
5743,0.8969427918333073
5744,0.6800608554300946
5745,0.06763955450306436
5746,0.18314034584978023
5747,0.9539781822670841
5748,0.9686504733772262
5749,0.9674133136983625
5750,0.036799400400117976
5751,0.38244816794941827
5752,0.759672703987996
5753,0.7528858036578309
5754,0.08590890494995851
5755,0.609488887089519
5756,0.14286961854085745
5757,0.49320933286779334
5758,0.2396857008411215
5759,0.053161171734727675
5760,0.08001942552660957
5761,0.9108929497299082
5762,0.7446459642015341
5763,0.9318239817729504
5764,0.4699899323335527
5765,0.4132924989528043
5766,0.3584072925020956
5767,0.61630709605209
5768,0.3515593869713336
5769,0.7462732339820062
5770,0.8013173262158622
5771,0.875844593429381
5772,0.24280093024527727
5773,0.5270220492923754
5774,0.22344461672983884
5775,0.03755582342034114
5776,0.7078253041698377
5777,0.5489812739351246
5778,0.7239272795530837
5779,0.08762291140653711
5780,0.995526179061942
5781,0.994348566947032
5782,0.4649998255035127
5783,0.866058715183836
5784,0.2435685558055568
5785,0.737566161223297
5786,0.8792258568135658
5787,0.8146662660807785
5788,0.8117740782411574
5789,0.4630266320888651
5790,0.8199899477787728
5791,0.6907048130213005
5792,0.13245139814420437
5793,0.11418440406452013
5794,0.7719221359346399
5795,0.6254640887729238
5796,0.5193761171913774
5797,0.9072617908488282
5798,0.6595903568712186
5799,0.39614674508830017
5800,0.4139318081761838
5801,0.6052443608175849
5802,0.7602752846863484
5803,0.5643533069491241
5804,0.5087608822191797
5805,0.7269007026541818
5806,0.7052645499070364
5807,0.830346840613561
5808,0.06255178627729441
5809,0.7549521320819789
5810,0.51376045095169
5811,0.07469312003315187
5812,0.6790100281695197
5813,0.7165401940019428
5814,0.5236271695446845
5815,0.7937989776497628
5816,0.3002481086293015
5817,0.20190721853143612
5818,0.3507339517432785
5819,0.4100505132959775
5820,0.6959336024021688
5821,0.8455199378782277
5822,0.7209181900786765
5823,0.1739875590696015
5824,0.3662170848002574
5825,0.158413713447778
5826,0.6867241995580513
5827,0.24817187821689413
5828,0.5253869328518468
5829,0.7918298431946843
5830,0.6709392749216151
5831,0.2983739906651327
5832,0.33286675061634086
5833,0.6533642866030318
5834,0.5494677493399441
5835,0.09639348747004439
5836,0.8739915892735461
5837,0.5126132480536286
5838,0.4733610131974654
5839,0.19843933663226232
5840,0.3769938189705373
5841,0.3328248623150991
5842,0.27073568282942684
5843,0.5674065746467731
5844,0.46227536028028204
5845,0.8891976853146673
5846,0.9413439770471609
5847,0.21947342922809088
5848,0.10010542876721051
5849,0.7853375514877494
5850,0.994861403638609
5851,0.8636000698541542
5852,0.023697402118734723
5853,0.251263550706466
5854,0.04334227704126392
5855,0.8207793770411665
5856,0.5814069762923163
5857,0.5137185411670538
5858,0.5544498819965276
5859,0.25245125869659113
5860,0.6016383691388628
5861,0.030666978464029993
5862,0.6460117239708396
5863,0.7344338301788308
5864,0.6730262637118272
5865,0.33211751831222025
5866,0.8262629151275427
5867,0.7155439971174821
5868,0.12829732292427787
5869,0.19514422053831504
5870,0.6371084131782386
5871,0.28941613355602613
5872,0.11943294144623695
5873,0.1549689931498922
5874,0.16561718054040064
5875,0.4777909068183822
5876,0.6073854534294973
5877,0.17640227485441495
5878,0.7124966103632211
5879,0.28101260750152846
5880,0.31155813839396085
5881,0.22349862107410756
5882,0.785206135943191
5883,0.959813832936877
5884,0.4924998486780927
5885,0.0420306414319922
5886,0.26056931642547587
5887,0.15805029111884605
5888,0.8427622848520179
5889,0.08485398743320516
5890,0.9664762406883838
5891,0.588513776624626
5892,0.5177397870741632
5893,0.8473506224191868
5894,0.02754762129145616
5895,0.7771527494070096
5896,0.11660404556851656
5897,0.8407780989404321
5898,0.5291762192378618
5899,0.06112940236009179
5900,0.8332450388013244
5901,0.027314117071251642
5902,0.1383706928936035
5903,0.7978245238266289
5904,0.464871123857891
5905,0.8813887043548337
5906,0.6354292727910835
5907,0.623528754370408
5908,0.29223510613201487
5909,0.13368052355173354
5910,0.9611723908966826
5911,0.10479768914339516
5912,0.5290106000735676
5913,0.27256859083478024
5914,0.2641406635814547
5915,0.5945862193028131
5916,0.7979341171788689
5917,0.7771794828312787
5918,0.8688016891935535
5919,0.2929027379123671
5920,0.4657513817150738
5921,0.009334573220024955
5922,0.7468576231363655
5923,0.30234311214228304
5924,0.5614935332701865
5925,0.1693002820194507
5926,0.8193995071343285
5927,0.8172722192782778
5928,0.8774529147529555
5929,0.04593699710672283
5930,0.9924587097750137
5931,0.24777941443969453
5932,0.30943368604734944
5933,0.2493357291904461
5934,0.2675326983665324
5935,0.5526613561036466
5936,0.23981054430377957
5937,0.3937713114004048
5938,0.6556065824432153
5939,0.8360262035777268
5940,0.6927415002668795
5941,0.5943228447873232
5942,0.1477285625410687
5943,0.8161156015412826
5944,0.037274887993038686
5945,0.2641916632353021
5946,0.05705891693196119
5947,0.6674289755844626
5948,0.3683710825935145
5949,0.6520484832048667
5950,0.3470309593035903
5951,0.4557407307994942
5952,0.45796101016618085
5953,0.0455806536675446
5954,0.43022652634600356
5955,0.6410643631152027
5956,0.5460522460754338
5957,0.07528376627828726
5958,0.6680559856867488
5959,0.30886275491526094
5960,0.014434802779022093
5961,0.15559555708424522
5962,0.4975596573165595
5963,0.31040165903006867
5964,0.6943830137535508
5965,0.24065347556576444
5966,0.7727961684751686
5967,0.28647718139397993
5968,0.6208637075844157
5969,0.7992163802511801
5970,0.3855561286437489
5971,0.04680494181547046
5972,0.5354455210588809
5973,0.9954090615445003
5974,0.9689918663769136
5975,0.22102219394416822
5976,0.7556965094242524
5977,0.34495183182006595
5978,0.16027248018309148
5979,0.6659147006024932
5980,0.500868729526769
5981,0.5392305576556773
5982,0.8273926622355084
5983,0.33654367588742307
5984,0.667094759555663
5985,0.3661914669626253
5986,0.04272389658042919
5987,0.3780151073363489
5988,0.9500344632041346
5989,0.48326248208841704
5990,0.10823043683686817
5991,0.6878268293762259
5992,0.9633793497185212
5993,0.9079452465442571
5994,0.5719608378081387
5995,0.3762807443485312
5996,0.5806776685092404
5997,0.8159310621992495
5998,0.8612373420184543
5999,0.8188438849424412
6000,0.4554763784417377
6001,0.11885798957022997
6002,0.5691734267387764
6003,0.15642882803336522
6004,0.06095833389785599
6005,0.4986678334288609
6006,0.655373450046628
6007,0.854147306406393
6008,0.7828355539543036
6009,0.8572405127565482
6010,0.7600687708208905
6011,0.7032393969061393
6012,0.010137569140699632
6013,0.6261023118092105
6014,0.12048180413911769
6015,0.05866713233254106
6016,0.1564121521056554
6017,0.8232921614417502
6018,0.7438493931000214
6019,0.9487724052052123
6020,0.9789762586504105
6021,0.8932839863739821
6022,0.13292605097699917
6023,0.8783827409249804
6024,0.8386371347886453
6025,0.8710858598596973
6026,0.15168561711649142
6027,0.11679182777331754
6028,0.9238088795840816
6029,0.17382664913450452
6030,0.3686217310426012
6031,0.45598484949406026
6032,0.12444252782956444
6033,0.02063428803254741
6034,0.9940904697671161
6035,0.8766572448349611
6036,0.9123379293506373
6037,0.2845630692721185
6038,0.22010157274543907
6039,0.4258665581754266
6040,0.45331936897800684
6041,0.005599438864240636
6042,0.7792531125598329
6043,0.9966670381420173
6044,0.5286908701020894
6045,0.38825869501245125
6046,0.3927518932212033
6047,0.09607713217210068
6048,0.26616181836401176
6049,0.5021327886346312
6050,0.43184800113469735
6051,0.5450347457431102
6052,0.8490656486374066
6053,0.22524230269961198
6054,0.027664180906311953
6055,0.038225445282740744
6056,0.13416880530685837
6057,0.5704829848044025
6058,0.8081848100379248
6059,0.8868059392806316
6060,0.6351132019749712
6061,0.40314325245089344
6062,0.15451470815614743
6063,0.40141833944347904
6064,0.33241513390778354
6065,0.8700258808571377
6066,0.4867193774106072
6067,0.22619589995452882
6068,0.2888010668157799
6069,0.136470164542689
6070,0.9185854490691312
6071,0.05034584623646854
6072,0.012846248555894224
6073,0.18298893352686874
6074,0.8108740179106257
6075,0.5234667866310813
6076,0.6258432873769864
6077,0.3577316754157348
6078,0.06867798554917004
6079,0.8561581624921681
6080,0.19189427212540744
6081,0.033059200545114686
6082,0.5727041359331937
6083,0.08328922038460107
6084,0.09576185185983421
6085,0.8003770314825251
6086,0.4916095893179955
6087,0.241508452247143
6088,0.34862642335951877
6089,0.7292409788431715
6090,0.06635414475660184
6091,0.11648061593320991
6092,0.6162620349905696
6093,0.6069717344671073
6094,0.9724621845353718
6095,0.3745494812554496
6096,0.06507762717751586
6097,0.5375374348496279
6098,0.6383468117617903
6099,0.13960278578624907
6100,0.5528619735351967
6101,0.1977671216582646
6102,0.8447300578810684
6103,0.8351614957838297
6104,0.4296290959984418
6105,0.966743190512804
6106,0.9797738744497416
6107,0.1292510889476195
6108,0.36771380483246763
6109,0.6003214700466446
6110,0.08483780958144438
6111,0.38265550381413704
6112,0.26117208401659076
6113,0.9520502209667041
6114,0.4115858228314705
6115,0.7626708585475125
6116,0.38670536351217377
6117,0.13181207041883547
6118,0.8631515301608474
6119,0.00041691690310385887
6120,0.05594087397445002
6121,0.36438440589704324
6122,0.6868982555187365
6123,0.34170429529077573
6124,0.06631281762097496
6125,0.3178400337341488
6126,0.2449808589901623
6127,0.005419799818197957
6128,0.5348019131804018
6129,0.11664591474418606
6130,0.2874962887966661
6131,0.6411898302224145
6132,0.7251156888229772
6133,0.26345562685602253
6134,0.329193671065234
6135,0.24690923812746524
6136,0.9568886003161919
6137,0.19051972698740283
6138,0.18318060363367628
6139,0.445035295831532
6140,0.18930635920056915
6141,0.15670845628560814
6142,0.09587953770108548
6143,0.6401712481082494
6144,0.612082254901896
6145,0.6501628918779663
6146,0.7733000080093962
6147,0.3263580127925758
6148,0.9184237336119215
6149,0.733204611068756
6150,0.8047085885811869
6151,0.7209621638267112
6152,0.3584556454325618
6153,0.2830324880626349
6154,0.42251706957901414
6155,0.09703036053335845
6156,0.4512805015659471
6157,0.04314098309523984
6158,0.003945960027194495
6159,0.9314989394746928
6160,0.6893368605878929
6161,0.5618469470659689
6162,0.34110203942305783
6163,0.5705380146850741
6164,0.8915757763383317
6165,0.6523801339438646
6166,0.6024819979535042
6167,0.46020450297167803
6168,0.345697030650858
6169,0.6985471139217118
6170,0.9809809410158142
6171,0.4247576935205901
6172,0.3922052040142008
6173,0.4281134723650425
6174,0.4255439680497215
6175,0.9906247733684951
6176,0.7067782575093406
6177,0.35918444921059167
6178,0.3715023738267226
6179,0.43079692474405573
6180,0.036712187580449696
6181,0.52781640202125
6182,0.8113809515227647
6183,0.6605677932075106
6184,0.1984208467615416
6185,0.7280342413783699
6186,0.7194586063320303
6187,0.26253921564899707
6188,0.6228746568569351
6189,0.6109490331219362
6190,0.8397876238561816
6191,0.13607231183344126
6192,0.19483850451152274
6193,0.48596950376780523
6194,0.04414514889230703
6195,0.41559419760170657
6196,0.7882190419997233
6197,0.14871439398399822
6198,0.4599487369365248
6199,0.9897692333824446
6200,0.5059200134248644
6201,0.49832382412209053
6202,0.5587935837241681
6203,0.1860043703327412
6204,0.14716388268594427
6205,0.6773546291151085
6206,0.3957668099057702
6207,0.28990662821547575
6208,0.031391619919897584
6209,0.8460504971784825
6210,0.032328865844832744
6211,0.7499831240833194
6212,0.381988558998581
6213,0.5986878105046501
6214,0.24767800069016233
6215,0.15539966623207313
6216,0.5333880008349474
6217,0.6956176949541436
6218,0.19549329494514656
6219,0.4363589474325642
6220,0.44465497029139567
6221,0.2159791490794628
6222,0.565049446252131
6223,0.14593568678170066
6224,0.50974917331858
6225,0.1134315113659995
6226,0.48554240885513744
6227,0.31159905487555684
6228,0.452246292081535
6229,0.43374935944317417
6230,0.9079331228185928
6231,0.48993559995646274
6232,0.8184989038768744
6233,0.22565239291171524
6234,0.35208279463425884
6235,0.07508938063319093
6236,0.4207477948214936
6237,0.668699887074931
6238,0.8381670341093962
6239,0.5659149117991552
6240,0.6400726695930785
6241,0.17726707761694815
6242,0.037206038233439376
6243,0.791688145177316
6244,0.1670382074412864
6245,0.09116953553275242
6246,0.9375623209065953
6247,0.9635213640591765
6248,0.6162572916024947
6249,0.3786372726872934
6250,0.833239540964052
6251,0.20471995933541243
6252,0.4293923274296819
6253,0.35701729900060175
6254,0.9126999907416816
6255,0.9197774153622736
6256,0.6508859263236664
6257,0.11074014027269186
6258,0.4821927896583025
6259,0.24532836622405674
6260,0.8849156631844819
6261,0.1384027990162019
6262,0.05431027586070736
6263,0.7044290335500782
6264,0.4532860749681529
6265,0.8383648876030845
6266,0.07462963116931176
6267,0.8010761326078425
6268,0.037334752844158325
6269,0.02807001191395697
6270,0.4613157517310297
6271,0.22129128968065181
6272,0.5937187070065306
6273,0.025816994211470434
6274,0.03538954236297853
6275,0.7271484961719404
6276,0.21016516249231165
6277,0.6564171236607336
6278,0.7499221615007585
6279,0.05933116572496744
6280,0.7697539544642392
6281,0.26842121796128604
6282,0.38954595819974824
6283,0.08663919229531669
6284,0.8386299833648527
6285,0.560728786325764
6286,0.5046652778471722
6287,0.9685548109027556
6288,0.3345057599406708
6289,0.890779286476696
6290,0.7196878810646042
6291,0.9285281358522389
6292,0.9078020527624597
6293,0.9910298050260696
6294,0.13167675203715756
6295,0.796016392091595
6296,0.8044943549475032
6297,0.6443735281784868
6298,0.278860958238202
6299,0.9651482716283151
6300,0.20442213789020958
6301,0.499575378358439
6302,0.5214871128191862
6303,0.16182934483603884
6304,0.7225288223332409
6305,0.08886716418023977
6306,0.693097778846711
6307,0.8486154962906369
6308,0.34939642508239954
6309,0.7094208085992002
6310,0.1567740081478498
6311,0.8459490014528787
6312,0.9520316985532247
6313,0.1526936934997769
6314,0.6918594739723322
6315,0.5058310965565258
6316,0.5314993318323786
6317,0.7064897186006882
6318,0.48874049933643726
6319,0.6003263920177168
6320,0.2309010194113772
6321,0.3785065964886303
6322,0.865240350071502
6323,0.1099025116483856
6324,0.5975752609336399
6325,0.18428706223489022
6326,0.846539597923372
6327,0.5790439538535498
6328,0.4030487826702711
6329,0.24982467365181793
6330,0.4368446991896344
6331,0.9576123259217423
6332,0.5092092897436206
6333,0.4694895316998602
6334,0.7462738135003091
6335,0.3790470708319067
6336,0.427423949880794
6337,0.33694773157161906
6338,0.1509197553293914
6339,0.7138092142026506
6340,0.8730309138836237
6341,0.9055926492427656
6342,0.8808029380377796
6343,0.4517838024379929
6344,0.2840661922031963
6345,0.6379237496008234
6346,0.9547049119060317
6347,0.727050648168605
6348,0.49484856159015655
6349,0.6888085745134482
6350,0.772537912454397
6351,0.9192692613280707
6352,0.7632157539721541
6353,0.4331905556359056
6354,0.2736065184654841
6355,0.4998816647295913
6356,0.3281779446054718
6357,0.942764592687814
6358,0.5079658434499622
6359,0.4720563359640083
6360,0.3481962181548629
6361,0.6394069902916003
6362,0.5200512786209478
6363,0.12904892289825654
6364,0.8692078108304946
6365,0.3590128321437984
6366,0.4325784299581542
6367,0.2056670566635791
6368,0.5533982076178892
6369,0.702055062428583
6370,0.8811653206259396
6371,0.05160766497226266
6372,0.9733319096993783
6373,0.7038177420203567
6374,0.2842986844115174
6375,0.20447475501396606
6376,0.29608791865459794
6377,0.8757257516664424
6378,0.2913901731959504
6379,0.4628211345572357
6380,0.7057380542422326
6381,0.8719898637238855
6382,0.6585711623461041
6383,0.7531091965344227
6384,0.1733267962959556
6385,0.8774078276911388
6386,0.27571918361811065
6387,0.1283781640565157
6388,0.9762442903406693
6389,0.20163992545416098
6390,0.13665197007797647
6391,0.6260209001017866
6392,0.3188631494960953
6393,0.1333492051804933
6394,0.601121117215876
6395,0.7589852272222355
6396,0.7931983742071566
6397,0.15551260101227238
6398,0.5568670679399422
6399,0.8136783706814606
6400,0.16108701142418524
6401,0.2076822517706749
6402,0.00241139743167762
6403,0.5246341563952881
6404,0.19468169686195091
6405,0.7242425757268991
6406,0.9622138556176058
6407,0.20875548899907026
6408,0.6490970117635326
6409,0.21183446145851137
6410,0.018006858979704
6411,0.7585541942145848
6412,0.4340046766508928
6413,0.9467868615146531
6414,0.5342858821434056
6415,0.15748286897568398
6416,0.4497744417972779
6417,0.2028917948060165
6418,0.8780292726865745
6419,0.6909031808875248
6420,0.3412388046547036
6421,0.5278203228071404
6422,0.6694801882130285
6423,0.7828577166454253
6424,0.08014720987054169
6425,0.022518841995246786
6426,0.11445269716988982
6427,0.394996310172563
6428,0.466706610082092
6429,0.13646163021384838
6430,0.4111531378996053
6431,0.4416227863618305
6432,0.10908996367748669
6433,0.916659960195734
6434,0.5991459275877076
6435,0.3885355304562821
6436,0.5069071834722066
6437,0.31419748646880674
6438,0.854331031644593
6439,0.5750150415685037
6440,0.49489581439354347
6441,0.9108854030955976
6442,0.8379796982340677
6443,0.8128018914258494
6444,0.22560920423184416
6445,0.15312311146835678
6446,0.6900965197127477
6447,0.4686422563413959
6448,0.6837127129568435
6449,0.7606272321111164
6450,0.2953135073447509
6451,0.2846504331228087
6452,0.4908315662581837
6453,0.27354931352649736
6454,0.6672952760161995
6455,0.7467304458807168
6456,0.47203894605324437
6457,0.7237997655986432
6458,0.5104375690707762
6459,0.7128717219670092
6460,0.22496824779572533
6461,0.738843045933042
6462,0.7151240234570178
6463,0.26660570704917763
6464,0.555970991040175
6465,0.8553116678744016
6466,0.24952264697243898
6467,0.7359797840146763
6468,0.9539667171468871
6469,0.8662419197575649
6470,0.40152008268027617
6471,0.6072077329881385
6472,0.9917701342527039
6473,0.5684374113757185
6474,0.11502760243036658
6475,0.04543075477876091
6476,0.7903145097440284
6477,0.42362832540184614
6478,0.24681289062919443
6479,0.347672030660947
6480,0.7573728665464523
6481,0.46524733563382914
6482,0.8684994925258765
6483,0.7349255887776993
6484,0.974014150445425
6485,0.8885037667898433
6486,0.25454721178600914
6487,0.6590592328025533
6488,0.020543034528143878
6489,0.9911067244295982
6490,0.26100610880259656
6491,0.664795093623584
6492,0.8491536211995653
6493,0.16046466272797144
6494,0.8478793428104792
6495,0.012245665790822424
6496,0.4419771380854074
6497,0.47203762253113846
6498,0.3740907132587359
6499,0.5863847463004997
6500,0.914842348702632
6501,0.3269891143002891
6502,0.5792598871664242
6503,0.8774625257433228
6504,0.7729953951013782
6505,0.040733264805495994
6506,0.9427907641276623
6507,0.04664690425861273
6508,0.5887584743743296
6509,0.5753536203151648
6510,0.7863902307023161
6511,0.14844305184897766
6512,0.17937039206270378
6513,0.7521069327383605
6514,0.14950475241162509
6515,0.46944512706563957
6516,0.7316480902109319
6517,0.6512419287826812
6518,0.21060418611309517
6519,0.30396025868608556
6520,0.968974903241041
6521,0.4486706201548839
6522,0.04445747643638054
6523,0.21958489946633264
6524,0.34243508966183767
6525,0.9994894042945859
6526,0.3026915474769186
6527,0.026395848782544973
6528,0.512921577555336
6529,0.08360538497397707
6530,0.27406759869572184
6531,0.9923831760939391
6532,0.7046385189301544
6533,0.05066662928287036
6534,0.448686718591796
6535,0.1716375126288493
6536,0.12294465640212127
6537,0.587065413348802
6538,0.5056558896402157
6539,0.7428665843155082
6540,0.8923062282318597
6541,0.24668185743166193
6542,0.9229919866553971
6543,0.5179917725540955
6544,0.25883491818511717
6545,0.8457858381026093
6546,0.0355299180290225
6547,0.5595093774729606
6548,0.7216215350299666
6549,0.27997768715614324
6550,0.8634919175632179
6551,0.24028456335798487
6552,0.8398742827317391
6553,0.07854496383245724
6554,0.1599275918684313
6555,0.38098458390190815
6556,0.8540555127981793
6557,0.14458536512678244
6558,0.8754382397942415
6559,0.22973152661279372
6560,0.45250839859452874
6561,0.35273440426033775
6562,0.11812622661452354
6563,0.9443097395191401
6564,0.4381782907522135
6565,0.6903312613561945
6566,0.5752676766640311
6567,0.5017159168522074
6568,0.616577623556849
6569,0.8983423062024289
6570,0.6993123756941095
6571,0.5324800794552211
6572,0.6451859606659763
6573,0.6063942805090216
6574,0.4331212074863131
6575,0.6247640101304504
6576,0.4435698001641636
6577,0.7576143778719123
6578,0.9689124835222855
6579,0.9598653574972292
6580,0.8207357864249805
6581,0.6017588970594852
6582,0.7493319880707405
6583,0.1780482952575544
6584,0.47901845731392256
6585,0.25730476499136434
6586,0.003494981109347095
6587,0.966737574672076
6588,0.8638485618518413
6589,0.5136986184699268
6590,0.2541522881190068
6591,0.6929752101992367
6592,0.4348010845499275
6593,0.8033495334226994
6594,0.9995181101809494
6595,0.3490826074898701
6596,0.24440304347804775
6597,0.26738248879475823
6598,0.09334624568067196
6599,0.3940461965001554
6600,0.017425052716909306
6601,0.1143955574012756
6602,0.2716957472726703
6603,0.15986277590948073
6604,0.7321590995007252
6605,0.10560479086790031
6606,0.8659941050245247
6607,0.22111450371095287
6608,0.10859061697156769
6609,0.010106644431258527
6610,0.7152050043221464
6611,0.256616745938542
6612,0.5094986051377748
6613,0.11161604667215574
6614,0.9852959232362493
6615,0.1253847390699553
6616,0.4119259266418782
6617,0.8516495023344659
6618,0.24488694848040682
6619,0.2669717853461734
6620,0.8084995158907329
6621,0.2733396571920127
6622,0.0028713110948129783
6623,0.4279137204899498
6624,0.01253520967847499
6625,0.9097922838293668
6626,0.6418132241792209
6627,0.5830142662212422
6628,0.2015895108623631
6629,0.6999461854286363
6630,0.6772546436783458
6631,0.060463573925364944
6632,0.8808465308105725
6633,0.5794133629298055
6634,0.7924668810386102
6635,0.2629140721288442
6636,0.12204779975345414
6637,0.7024495731867846
6638,0.7938826862551621
6639,0.3860335336192914
6640,0.02369227531631124
6641,0.8182540246538645
6642,0.20609390633044067
6643,0.3390319418974882
6644,0.6282310077771303
6645,0.09995471921130272
6646,0.07199576613846315
6647,0.02570377157527426
6648,0.9166398602394554
6649,0.31138274426865564
6650,0.6606588151171319
6651,0.9892352490177422
6652,0.6694507935619435
6653,0.52509479585618
6654,0.5209199335172385
6655,0.3769171484555517
6656,0.5997796559550853
6657,0.9587913895457043
6658,0.7880440336983101
6659,0.4242266170332375
6660,0.33244482903253325
6661,0.8835315296231214
6662,0.1357858256265938
6663,0.8495852569643018
6664,0.25507676134233237
6665,0.7156292357759177
6666,0.80622058077483
6667,0.4769965172634726
6668,0.19228397614227433
6669,0.8447677434623754
6670,0.36750834505331476
6671,0.3206802604825193
6672,0.5100161823534396
6673,0.4350862411039177
6674,0.6830522170387242
6675,0.13719780837266538
6676,0.43568965404787297
6677,0.891701811225204
6678,0.03606270943972545
6679,0.4573383331533264
6680,0.6605319663852102
6681,0.8877110870419853
6682,0.5937862269331757
6683,0.8244842712393285
6684,0.22269101895928645
6685,0.35280943622785954
6686,0.9421322739280427
6687,0.8859751130926863
6688,0.5579529826887045
6689,0.47548833779484523
6690,0.4510673914544585
6691,0.05878966156701604
6692,0.8923771039565669
6693,0.8181495084153355
6694,0.4562511447278671
6695,0.2794399727194734
6696,0.34292060642653055
6697,0.12316058587288947
6698,0.7217897413057226
6699,0.5566698565548577
6700,0.23410342282489494
6701,0.6230055720776897
6702,0.9792302142549747
6703,0.1223951354761792
6704,0.45848501062532776
6705,0.4941588209221267
6706,0.16679721382380241
6707,0.5315802109973148
6708,0.60597725854809
6709,0.1573445388184953
6710,0.1547238990088764
6711,0.856348715633756
6712,0.31138743667004487
6713,0.630333387078631
6714,0.6267730756752141
6715,0.839170875582635
6716,0.7398946312315234
6717,0.8405764334382778
6718,0.6252147896506657
6719,0.449457160513994
6720,0.3935665213130747
6721,0.37902976666143584
6722,0.4183930979091578
6723,0.12930925215377032
6724,0.423958371003167
6725,0.38944490720262115
6726,0.03457166331823147
6727,0.27513075532634
6728,0.7519069747402168
6729,0.5779455714096253
6730,0.8061674967560302
6731,0.5426880443807649
6732,0.8540837654752674
6733,0.7960670996017167
6734,0.09828457014224712
6735,0.9770063680159924
6736,0.014747446901328787
6737,0.5968380379296185
6738,0.7925115093167623
6739,0.33189413985090344
6740,0.5985697922971579
6741,0.3621225308474483
6742,0.0606149750075019
6743,0.008461519089330904
6744,0.09486203011118832
6745,0.0984095941200468
6746,0.6108897773937499
6747,0.5258652309625133
6748,0.45546330017314207
6749,0.6919214756024176
6750,0.016826137012448394
6751,0.2709834814157309
6752,0.7773927312876279
6753,0.9099771065171185
6754,0.4383365962375816
6755,0.08148398013846636
6756,0.798728739228488
6757,0.8851704332727336
6758,0.41366027069371947
6759,0.24335525392027701
6760,0.04397166822294529
6761,0.591082821894856
6762,0.9098694905624992
6763,0.6778880255203257
6764,0.31724859789473436
6765,0.6428883242899669
6766,0.8320684074480255
6767,0.4758300593494579
6768,0.8197484899978386
6769,0.3919096766663541
6770,0.34850567859577064
6771,0.582988625878554
6772,0.46468641769448127
6773,0.9771119204610832
6774,0.5163894235281747
6775,0.38517202891602154
6776,0.39493354312853624
6777,0.5479399506131166
6778,0.3549120380081954
6779,0.722906601964936
6780,0.3806629277016409
6781,0.3841443865252431
6782,0.6169732493768046
6783,0.06084687269600997
6784,0.6553549181151461
6785,0.5049722171586871
6786,0.45302611428664163
6787,0.7192529907079513
6788,0.758255782004861
6789,0.8462608634124593
6790,0.37480312081744727
6791,0.3270376922533811
6792,0.7143421014945195
6793,0.5818048591404459
6794,0.6318015463518166
6795,0.5555229071058353
6796,0.7726930232038545
6797,0.19004088849215317
6798,0.5557121327413967
6799,0.1581017889436298
6800,0.4072519392909919
6801,0.6639938234160748
6802,0.4930716083141704
6803,0.37959153667218126
6804,0.8849700014156061
6805,0.7728257144974784
6806,0.526290785000375
6807,0.9500531556754879
6808,0.42436528943499385
6809,0.788072927588106
6810,0.16793623980141792
6811,0.28579247711059697
6812,0.33808558133395483
6813,0.10582075270452329
6814,0.5018048150760679
6815,0.19226013412649567
6816,0.6341858894496586
6817,0.1900923595730183
6818,0.12350625733927534
6819,0.9690867275989246
6820,0.6582403058111063
6821,0.9364509147084885
6822,0.48988779199323196
6823,0.033402463063374244
6824,0.5743711704314439
6825,0.5583288868357085
6826,0.014975605936593972
6827,0.8612420444018316
6828,0.6199706806164247
6829,0.7446911693761461
6830,0.4939211061575146
6831,0.618402437908263
6832,0.2574698932285242
6833,0.9737577677686472
6834,0.4007200075476651
6835,0.1623266213376291
6836,0.055915418374627324
6837,0.6361719330853711
6838,0.9833798511764558
6839,0.8957944968462817
6840,0.7021045674864136
6841,0.9905979289928608
6842,0.7228282620421065
6843,0.33925112340139596
6844,0.6012181330601731
6845,0.07976664248556153
6846,0.22168249022254083
6847,0.4175402359284922
6848,0.20181849356304526
6849,0.9535010148281706
6850,0.9955975267446494
6851,0.37093592012166543
6852,0.7092289860771986
6853,0.40777073066324054
6854,0.1395092043862064
6855,0.33692684770210857
6856,0.2333716987156632
6857,0.32807822040741974
6858,0.21502168839771651
6859,0.1123451190582464
6860,0.2174284293624129
6861,0.9057570318298428
6862,0.08522167577652873
6863,0.3247566437552345
6864,0.5284498945026354
6865,0.3545126561783568
6866,0.5176070950188872
6867,0.04342006023435396
6868,0.6485696333643778
6869,0.5634788015560602
6870,0.6809662658546916
6871,0.567257815827237
6872,0.4379035824256632
6873,0.35014154229408245
6874,0.2264351900997762
6875,0.5000677268066126
6876,0.026052452377506974
6877,0.32824082809932575
6878,0.6778722935645294
6879,0.10871703968635926
6880,0.06289124231952858
6881,0.6521786052913653
6882,0.39777472114235024
6883,0.8018250365493811
6884,0.9373113039713239
6885,0.957040453732577
6886,0.4255928538941792
6887,0.2643272242750323
6888,0.608613738742478
6889,0.6281929259282364
6890,0.6223449360758967
6891,0.32177861371888117
6892,0.06375173641730303
6893,0.21000483882559895
6894,0.15441942802223374
6895,0.12390034578331022
6896,0.9262833210715731
6897,0.013847645973967926
6898,0.6018577392363217
6899,0.9474737957401368
6900,0.3600531274941279
6901,0.5270980891724625
6902,0.6957836634751596
6903,0.31716969465823885
6904,0.47765198770724915
6905,0.817102850332752
6906,0.7453556652802635
6907,0.8084494114928407
6908,0.987340163627656
6909,0.370327474936179
6910,0.7470912629357731
6911,0.6027845671019829
6912,0.6666047672211963
6913,0.7398739048329345
6914,0.7497313169463148
6915,0.8857451492948196
6916,0.3493216752360554
6917,0.6534813561119106
6918,0.28029043159685585
6919,0.5945687051169751
6920,0.7511751401719279
6921,0.7910010861616403
6922,0.42012450298912274
6923,0.5087202232013598
6924,0.33384985117017285
6925,0.1690363465396305
6926,0.2605174051925322
6927,0.9121370048998244
6928,0.30896954240931596
6929,0.9747593335456102
6930,0.24147808521538172
6931,0.7230710874810448
6932,0.5739032935718357
6933,0.6968700495247986
6934,0.643957946609181
6935,0.7067485835975892
6936,0.905547048435459
6937,0.5634694960624814
6938,0.06784878290399521
6939,0.27082543444689955
6940,0.7082189804087639
6941,0.49407462797567336
6942,0.5485519826196869
6943,0.5965804553802915
6944,0.38262927298456995
6945,0.7738955250878552
6946,0.7235348838965485
6947,0.7142994121931139
6948,0.7153101740349447
6949,0.8903580016542478
6950,0.5953927794432744
6951,0.9670721994969583
6952,0.1191926843906379
6953,0.6319589765938644
6954,0.7169265459357955
6955,0.4772204109543595
6956,0.28820838645693647
6957,0.550037452711099
6958,0.3647476802907027
6959,0.9091240710678165
6960,0.3567924125332549
6961,0.17570699270212908
6962,0.5763891401654528
6963,0.39599259138036935
6964,0.09589814480084102
6965,0.5648423509979084
6966,0.5378464111657014
6967,0.1731970866331951
6968,0.5976381689598429
6969,0.567358973857489
6970,0.773612623041591
6971,0.36156992984263436
6972,0.2487595236636393
6973,0.9512198869707755
6974,0.5612175227827881
6975,0.027139958884180304
6976,0.8207116841117432
6977,0.19675806091894077
6978,0.7860363176458435
6979,0.7051624271559648
6980,0.9688137242631573
6981,0.9655793015945262
6982,0.27441062465575994
6983,0.7664495812234184
6984,0.31685508577992394
6985,0.6291979388295943
6986,0.5977460849545931
6987,0.05454351562116466
6988,0.005181749835357574
6989,0.05776401459480951
6990,0.1279420475317411
6991,0.2576524913477737
6992,0.9069552232425624
6993,0.5186326753466863
6994,0.7968917388407887
6995,0.8383117521072081
6996,0.7349430985905412
6997,0.39138512442057194
6998,0.8638593938409828
6999,0.7420497533209206
7000,0.7431514434050525
7001,0.9015743271655693
7002,0.5986634724576837
7003,0.5285744299621766
7004,0.8901625575970753
7005,0.45446172816419683
7006,0.8115706960288429
7007,0.05384636044480773
7008,0.001289944456322134
7009,0.5282924896043568
7010,0.07361189381638022
7011,0.9765430134530636
7012,0.005501174039798773
7013,0.7181496364986464
7014,0.24338469578622068
7015,0.9675520052720562
7016,0.38154165062789613
7017,0.02728342626386515
7018,0.02693576540878273
7019,0.5533733717246886
7020,0.9867119790312812
7021,0.9797735350457194
7022,0.3372729722892658
7023,0.48270364918889697
7024,0.1004558057978161
7025,0.5221768559917317
7026,0.5997015990482731
7027,0.25106166561132104
7028,0.6121144359151738
7029,0.8996927516962538
7030,0.0009553334234805311
7031,0.22893377430794448
7032,0.20991956332393813
7033,0.12388620303382702
7034,0.16610121273710188
7035,0.6259125453653877
7036,0.10269439015064263
7037,0.7385316090207217
7038,0.8870225905583834
7039,0.926587724178369
7040,0.6601758143197008
7041,0.19739641063361602
7042,0.08529657553990788
7043,0.2320249538069996
7044,0.9619571857850425
7045,0.9623452017507121
7046,0.38191888391834206
7047,0.3257915410975506
7048,0.5100105822590654
7049,0.2916880914674007
7050,0.9796624516555633
7051,0.2212213900245774
7052,0.3691426821827686
7053,0.4293708757001783
7054,0.12506402308116216
7055,0.38282482677012986
7056,0.8567307201019734
7057,0.14036100145675845
7058,0.5840219508261872
7059,0.4066371380600168
7060,0.17053672611745474
7061,0.012336164449205822
7062,0.2733433034899002
7063,0.06182896069800192
7064,0.3767684712967352
7065,0.8102098556993457
7066,0.7196852608776124
7067,0.9473837117017669
7068,0.42701541733706916
7069,0.7078013985918528
7070,0.6653417221020202
7071,0.21704630315825957
7072,0.3035825052326585
7073,0.5298295333977603
7074,0.7966573190059218
7075,0.4618127344629326
7076,0.22774153617552728
7077,0.9934656902803698
7078,0.11557880635366846
7079,0.9558889074913278
7080,0.8090462884304888
7081,0.8388935193078518
7082,0.7949175830914994
7083,0.208170941304622
7084,0.6325823773952418
7085,0.7567498124509318
7086,0.7456857921016514
7087,0.2715653705440776
7088,0.18111938776368142
7089,0.3281229839145492
7090,0.4798444803773918
7091,0.5737807470636765
7092,0.8369503623191604
7093,0.769034227704616
7094,0.6761505256665161
7095,0.2634892929427606
7096,0.47888049893494333
7097,0.33543587412796105
7098,0.23492817955053413
7099,0.010245360383479452
7100,0.3394619705706906
7101,0.2561162677146215
7102,0.5719023269668166
7103,0.0623017702837122
7104,0.2705195967102011
7105,0.044769489988415345
7106,0.641417904513436
7107,0.5681895585686249
7108,0.3374800230744732
7109,0.1473346004355438
7110,0.9579198327687352
7111,0.5843924473886134
7112,0.6791133665720679
7113,0.5313487532694519
7114,0.806533247646205
7115,0.8963800495481213
7116,0.3827105435976298
7117,0.6900253122306106
7118,0.22988748454639696
7119,0.6518550471620385
7120,0.39915562997655263
7121,0.006781599401304961
7122,0.9555278684226207
7123,0.8684415455387189
7124,0.2908365503460284
7125,0.9977573142328605
7126,0.3171276745565341
7127,0.45884418645907477
7128,0.8512590261744171
7129,0.30459635132804086
7130,0.45054028438750005
7131,0.6655871671232555
7132,0.13046755477242822
7133,0.4223503686917177
7134,0.3094099373616265
7135,0.676774305864818
7136,0.1359693900603718
7137,0.2327314791009374
7138,0.7113762037524828
7139,0.1562243697241148
7140,0.4220192622398897
7141,0.7128807220926188
7142,0.7654683844300053
7143,0.09488117867166845
7144,0.8519956094194782
7145,0.7239723011299664
7146,0.33929458869331375
7147,0.76380285233024
7148,0.728298865340659
7149,0.6008912265083856
7150,0.5584811734058444
7151,0.7347034888995855
7152,0.9992599017054545
7153,0.5785522493158853
7154,0.808717871762248
7155,0.7442737173155829
7156,0.8558084020338257
7157,0.9545248613841384
7158,0.1930832074608152
7159,0.1654596363951163
7160,0.5863518284149009
7161,0.44929506288650445
7162,0.5707226929191692
7163,0.7980427344855086
7164,0.9317144800492464
7165,0.41741582519855813
7166,0.7179326455436245
7167,0.19679918784140937
7168,0.5345519493545235
7169,0.021804777780519924
7170,0.503750567133097
7171,0.5453364591254999
7172,0.7354453357783313
7173,0.6494847902069917
7174,0.35839673430580155
7175,0.005730900713121323
7176,0.11548587362294893
7177,0.9730606535174523
7178,0.9223331583153058
7179,0.32509316308114533
7180,0.2588529399238877
7181,0.4364162936900374
7182,0.6899400296120728
7183,0.35682767265797366
7184,0.06729384773115554
7185,0.4027950924443964
7186,0.2605889944814319
7187,0.3249300112112118
7188,0.16295724578730442
7189,0.6588400694456474
7190,0.5266309332452249
7191,0.2708631172953543
7192,0.5538624813062414
7193,0.49270784716723803
7194,0.795974856566028
7195,0.9559842693402016
7196,0.13067050897865595
7197,0.8839134789079829
7198,0.7047969382849021
7199,0.6925535452979048
7200,0.3743008971424723
7201,0.343908195464921
7202,0.005639484822516971
7203,0.9822048746373078
7204,0.6065058323730488
7205,0.40232862392392543
7206,0.5437688218921786
7207,0.04052703409626246
7208,0.17365095529166885
7209,0.6233599249634025
7210,0.51426172968362
7211,0.7870748229276331
7212,0.6587426904453371
7213,0.6014356759793872
7214,0.8152657043053134
7215,0.06826310555190063
7216,0.6908867964312853
7217,0.7155907132890155
7218,0.275163549680011
7219,0.19564963648739442
7220,0.21385247545599917
7221,0.19814086343199422
7222,0.5237821909035946
7223,0.13562631136582848
7224,0.6592858614193504
7225,0.10507825894876954
7226,0.026889640310256202
7227,0.3192902424458711
7228,0.19185972373304105
7229,0.9886620554100823
7230,0.3029963006172174
7231,0.22206408602551375
7232,0.19676982349921457
7233,0.3738529048034903
7234,0.6058488953315778
7235,0.7819452750462824
7236,0.3645762477430684
7237,0.6259709800427894
7238,0.48205989827938744
7239,0.8464953462533984
7240,0.5690417771584352
7241,0.28989167187910014
7242,0.7035872571782559
7243,0.8200644880229958
7244,0.46544065676396507
7245,0.9871972388823189
7246,0.8790968791913134
7247,0.19695466966549147
7248,0.7867558721562373
7249,0.6009512443497661
7250,0.5348112978078347
7251,0.5139385865795684
7252,0.853411142782429
7253,0.6108727889034485
7254,0.5377059850537337
7255,0.048859906758049076
7256,0.4483028697585574
7257,0.9080415620455077
7258,0.711736729344619
7259,0.050953978056153426
7260,0.8839922821510423
7261,0.8266672213770541
7262,0.546684211569528
7263,0.02240546518228148
7264,0.5624296180338006
7265,0.0545890499264261
7266,0.3203789596374804
7267,0.6289096189027389
7268,0.9129130838821744
7269,0.3577956372594787
7270,0.8600237828834533
7271,0.9183610104005163
7272,0.021043880457314312
7273,0.2394278377525315
7274,0.7098622992274988
7275,0.7568430430795484
7276,0.3924168502170541
7277,0.656754612772855
7278,0.6121586173620351
7279,0.7397749616010599
7280,0.7186584277451218
7281,0.08587079799036135
7282,0.15825018094006094
7283,0.132727147259316
7284,0.932480069842819
7285,0.9135426483529893
7286,0.79741226959697
7287,0.11671856067595932
7288,0.5742714699195859
7289,0.18723062608985142
7290,0.3683839375588025
7291,0.26709127663741294
7292,0.8289309814874659
7293,0.14445139951927322
7294,0.6461791686100757
7295,0.9838946637761669
7296,0.6870545832536334
7297,0.0792334890069597
7298,0.9078495019625249
7299,0.6430796776895962
7300,0.4563109796052035
7301,0.6596924785411186
7302,0.879044330472637
7303,0.4771272279152493
7304,0.5313214828122292
7305,0.4524473992179535
7306,0.07259142632366522
7307,0.7870701269273584
7308,0.12641174364183894
7309,0.3945700102883103
7310,0.38682284560772917
7311,0.28004079208673793
7312,0.4025071258944184
7313,0.6180091103824286
7314,0.31138731220771176
7315,0.17251193769827644
7316,0.8693675105072666
7317,0.9708326498571355
7318,0.4585838238763206
7319,0.3270197123445858
7320,0.047482077778229326
7321,0.036851540610053135
7322,0.39288199564540205
7323,0.9302420183009658
7324,0.7307085434015644
7325,0.349269418870775
7326,0.968046425182061
7327,0.4287579032557307
7328,0.2767927439746457
7329,0.4263532447243572
7330,0.21154322698383277
7331,0.8856387702007957
7332,0.3611733104176903
7333,0.6579689644943214
7334,0.38904719882716354
7335,0.9017314179639625
7336,0.6423807517156301
7337,0.48825189028129945
7338,0.1321429691813385
7339,0.9019166628522043
7340,0.5468168682717709
7341,0.2850529729614175
7342,0.8779268918167041
7343,0.0544404273944078
7344,0.31407691732957166
7345,0.5368284012021476
7346,0.33981433604329303
7347,0.47673425537885783
7348,0.2643162523309839
7349,0.13008309093289716
7350,0.03685413861685172
7351,0.1576465649121419
7352,0.9529465140248118
7353,0.5754031333367384
7354,0.4889601252779515
7355,0.38432383930570857
7356,0.7084201459833853
7357,0.14125947590609333
7358,0.27612986765266345
7359,0.6559021196637528
7360,0.47906436458522794
7361,0.7700925389590887
7362,0.8971098439566533
7363,0.8233725913706561
7364,0.18420771426073201
7365,0.09147023552697853
7366,0.1694406005450485
7367,0.7835306916002306
7368,0.9138310894927105
7369,0.9254488677038575
7370,0.29821578937044557
7371,0.8403413780135583
7372,0.5362355350220966
7373,0.8227918483482073
7374,0.548364842380001
7375,0.14589321977911818
7376,0.07921955107309742
7377,0.9572191492093396
7378,0.42580255643157894
7379,0.3505206448973178
7380,0.3563030847683104
7381,0.378934411475472
7382,0.9449968278943381
7383,0.06270458740317586
7384,0.11906128738229915
7385,0.7896515154818492
7386,0.5494094913401387
7387,0.128536757960952
7388,0.03446013677833637
7389,0.2242343482792274
7390,0.2608107377102711
7391,0.014213029574641989
7392,0.21609053833719338
7393,0.7383189369523997
7394,0.8554336896370037
7395,0.8982358297697178
7396,0.3899140326435434
7397,0.31941372590355765
7398,0.9998608482078876
7399,0.7693404509215888
7400,0.5373520809075544
7401,0.2547714326893966
7402,0.3213054528851047
7403,0.5153643488293872
7404,0.5420829197907506
7405,0.01367864427367782
7406,0.9594000852714745
7407,0.5756062473515635
7408,0.5891582444091333
7409,0.2114711337538192
7410,0.7649871788012479
7411,0.7372645200918427
7412,0.09515797340476406
7413,0.5949943722599202
7414,0.6581937453298798
7415,0.8355681745738773
7416,0.20609117891771067
7417,0.8776347968064059
7418,0.46148107170759567
7419,0.09652361930564479
7420,0.10562122151087594
7421,0.19780445367316957
7422,0.2827507059853085
7423,0.49640580445979965
7424,0.7487511977445599
7425,0.1867259020194323
7426,0.9926517944995366
7427,0.1615219317703126
7428,0.5993779677221475
7429,0.9289404358713399
7430,0.8325074228768271
7431,0.6478892016631599
7432,0.7154929967908985
7433,0.1342056267053643
7434,0.00966305376024823
7435,0.43414878436037274
7436,0.08951892633830305
7437,0.35775256191282434
7438,0.22374279356973759
7439,0.9163467223807427
7440,0.8800559990080575
7441,0.8189428485310084
7442,0.7139442984139875
7443,0.154071929104027
7444,0.048367426199151575
7445,0.6538878578546925
7446,0.6422581371750993
7447,0.36942428475448097
7448,0.4726866664355971
7449,0.48914938823798937
7450,0.23992813274650637
7451,0.3141666119075859
7452,0.4183895546635016
7453,0.6031790299115898
7454,0.9558192060173925
7455,0.53848460951904
7456,0.7311639095432015
7457,0.8070011023955532
7458,0.11350812130855359
7459,0.6531246675539409
7460,0.4821107202544245
7461,0.5724309422478921
7462,0.03841693576904459
7463,0.9062157365473852
7464,0.9527841495754501
7465,0.003481923684611754
7466,0.21279159204151088
7467,0.18019417370894997
7468,0.7813045172798514
7469,0.5980800591118203
7470,0.17733366329673173
7471,0.8139709553188604
7472,0.35347487180574844
7473,0.46085687629310235
7474,0.3873066053206454
7475,0.5213802064412295
7476,0.48014246882872536
7477,0.27458400266244265
7478,0.4245560374938403
7479,0.9083371498543001
7480,0.5028941364792451
7481,0.9163864104223756
7482,0.5501270478179646
7483,0.7688172932641588
7484,0.2935913096597129
7485,0.7904134900444079
7486,0.2643216129849856
7487,0.019549971642973007
7488,0.16072894317769304
7489,0.021652875032036834
7490,0.9470626418914286
7491,0.9999770204176942
7492,0.7622302636195206
7493,0.10812816375158762
7494,0.8989454603326495
7495,0.7437761832661044
7496,0.3322445154020879
7497,0.5022779118089321
7498,0.6617593412619689
7499,0.024050475673271232
7500,0.5015409120998952
7501,0.7323954332549851
7502,0.18822537189633282
7503,0.44379057347933304
7504,0.5325301291849333
7505,0.7355653719592322
7506,0.9644537107931075
7507,0.8482755480042915
7508,0.6215184202299502
7509,0.5836406748348093
7510,0.6031866930726707
7511,0.5451786426597738
7512,0.059362880258923556
7513,0.698296394588205
7514,0.716336800129603
7515,0.5124803622670274
7516,0.870387605402543
7517,0.6724368027566785
7518,0.36266465785701696
7519,0.01969435359863425
7520,0.059161646497680076
7521,0.3517982616417863
7522,0.46210532519868286
7523,0.16687111950842504
7524,0.1893283064226321
7525,0.2302113587793363
7526,0.7805133395762727
7527,0.7712878409517714
7528,0.3829389854137788
7529,0.17236438158439582
7530,0.11090838506346923
7531,0.08712931204717322
7532,0.3912792508993721
7533,0.0455424333211194
7534,0.333635037126335
7535,0.9615332425411374
7536,0.5075046156100387
7537,0.822644656835189
7538,0.12926594589539908
7539,0.26807878240970484
7540,0.9465464445440088
7541,0.3835518969340236
7542,0.6484061284483223
7543,0.9761267791625894
7544,0.5507877563307355
7545,0.3053459492287359
7546,0.5319484559520623
7547,0.05463719933085931
7548,0.11236987409269117
7549,0.0071711050522699216
7550,0.8842100415650043
7551,0.6712804288995956
7552,0.2983297651327481
7553,0.2211614192073046
7554,0.6830766011577799
7555,0.9195320647852825
7556,0.2991390910521107
7557,0.3215591093867818
7558,0.8542407251937729
7559,0.8933758158837523
7560,0.9140365668297785
7561,0.2931542080066948
7562,0.1203125675963489
7563,0.43999757199854206
7564,0.29576486514118105
7565,0.8838666668118358
7566,0.036634941803544874
7567,0.6338804696362723
7568,0.9061813657481139
7569,0.976670366806066
7570,0.6501305992980432
7571,0.9499229570223799
7572,0.07565946262506729
7573,0.35927834599623976
7574,0.008714697326733689
7575,0.9811837721908184
7576,0.9027264787666992
7577,0.028052556248201355
7578,0.018132650459765975
7579,0.36696949410636615
7580,0.2585379667909018
7581,0.8469322772425022
7582,0.1604844032718623
7583,0.7906494627008573
7584,0.5544596999906632
7585,0.3773917714049878
7586,0.14571976173337875
7587,0.997691305959671
7588,0.6179861209215367
7589,0.43938223256799425
7590,0.37112755655273166
7591,0.9057282306308553
7592,0.821191808190761
7593,0.8111857883682237
7594,0.6161984729623928
7595,0.8879565826958018
7596,0.2992783721220704
7597,0.7037061351632893
7598,0.4044477423918925
7599,0.5999988085596921
7600,0.9981530006126929
7601,0.9845247806753183
7602,0.5126190164674482
7603,0.5738634521648246
7604,0.897321769137301
7605,0.985635712513855
7606,0.7786078026260798
7607,0.0651844579586307
7608,0.32263973434386395
7609,0.8965623399203079
7610,0.7683525058504805
7611,0.7422330710244271
7612,0.6679232304681411
7613,0.4152638496323835
7614,0.4032413203447017
7615,0.808932487590801
7616,0.2937802917650709
7617,0.6848318727009735
7618,0.7262085234239566
7619,0.8445559893615288
7620,0.3198855907070157
7621,0.7418892668382021
7622,0.10648989757868688
7623,0.13806172895190472
7624,0.41733604017340153
7625,0.05522577635524728
7626,0.9476983214653384
7627,0.9018958105093605
7628,0.048933695525843146
7629,0.8383117218922788
7630,0.5088741740900253
7631,0.7019628883735499
7632,0.8869311692981873
7633,0.5769744870776986
7634,0.11632710028462945
7635,0.0025786104865862525
7636,0.49692153225144653
7637,0.9492321321243601
7638,0.5726218716131959
7639,0.3729391380882292
7640,0.030922017080913355
7641,0.9149794172782003
7642,0.3271566608580422
7643,0.7047774013150961
7644,0.6942372021114649
7645,0.2538831613687479
7646,0.06377750646072533
7647,0.38500037867184356
7648,0.3171310138371999
7649,0.7002563988723258
7650,0.8197824956598391
7651,0.22244541739167467
7652,0.5282310697764423
7653,0.04060834738816166
7654,0.2142558229334619
7655,0.761761605322083
7656,0.7933983204890724
7657,0.7764044634518033
7658,0.14238792498827013
7659,0.5510347274684173
7660,0.4227084144433829
7661,0.9914862967950905
7662,0.6540698690583361
7663,0.9352020913957291
7664,0.1453503050084376
7665,0.45087327310022907
7666,0.7716076001058686
7667,0.3678577280304026
7668,0.6325084961536467
7669,0.5117021723736607
7670,0.9919294092179923
7671,0.17387254006549147
7672,0.9353486953301278
7673,0.40157095380329677
7674,0.4679929663772945
7675,0.528601883689979
7676,0.26536654943357985
7677,0.963657442610793
7678,0.9114872052347894
7679,0.9729051002113627
7680,0.996919572209523
7681,0.669800095180972
7682,0.4516854958057447
7683,0.8507339014963048
7684,0.023804877836338556
7685,0.8344040447135034
7686,0.49728602421100665
7687,0.6732200270834178
7688,0.3740460613425076
7689,0.3686231538668159
7690,0.03171715281088772
7691,0.4237894304290133
7692,0.40835419541933005
7693,0.22479110186807127
7694,0.24732327353976746
7695,0.5841395804425117
7696,0.31777144253950307
7697,0.8302519090172897
7698,0.11138510685706648
7699,0.5776449465750436
7700,0.16004472713910234
7701,0.5282406269206588
7702,0.5525458869503187
7703,0.6422976865257292
7704,0.4274249472728937
7705,0.5094746851292544
7706,0.18095261608129332
7707,0.46301534973632963
7708,0.37303038909429054
7709,0.6661311046544097
7710,0.43482172349648607
7711,0.7793416509802202
7712,0.42599209857369214
7713,0.23577117297395866
7714,0.2736887189585846
7715,0.04528522509163657
7716,0.5399188106009101
7717,0.8308808839003218
7718,0.7691117068175701
7719,0.4377894663384714
7720,0.1961203551445122
7721,0.8634844432974528
7722,0.0567810340450684
7723,0.399222725202494
7724,0.8566151423839511
7725,0.3931766874041964
7726,0.11787547075695992
7727,0.2659495003457961
7728,0.6000294417429484
7729,0.15203590769457087
7730,0.6549353268423558
7731,0.43816193119924574
7732,0.3343895008205219
7733,0.24092548052316387
7734,0.8233299858567095
7735,0.39667394746340157
7736,0.7384792656062277
7737,0.44035519263738443
7738,0.09186718688677942
7739,0.4405059751672604
7740,0.507687779735764
7741,0.45784219349337685
7742,0.8162417117482725
7743,0.9108513490430293
7744,0.786778675211034
7745,0.5827819022109597
7746,0.5414499605548907
7747,0.644616030123659
7748,0.2878302964393745
7749,0.8118468461486851
7750,0.8568481776036609
7751,0.26721716318183053
7752,0.9028182081400776
7753,0.8487327239916674
7754,0.42448676748251024
7755,0.9090002020927456
7756,0.12043899381150813
7757,0.027986559208900363
7758,0.34786682559405435
7759,0.565435698827345
7760,0.3514426145328662
7761,0.9420677336713595
7762,0.25471022905514507
7763,0.28121339359267894
7764,0.6348276125448551
7765,0.0038638823417082024
7766,0.7275570523545992
7767,0.3774694830931572
7768,0.977747867643296
7769,0.6914175930297486
7770,0.052214955082343084
7771,0.09262780874197363
7772,0.08816810692415855
7773,0.9526222598919437
7774,0.6840515412175877
7775,0.4276060072889357
7776,0.20048268988003104
7777,0.8736397464358032
7778,0.20155592767134045
7779,0.7066792164758174
7780,0.763324361545346
7781,0.2946560888554083
7782,0.5049147371706423
7783,0.22298928231839388
7784,0.3789296574554981
7785,0.9651343982800088
7786,0.6931380346544302
7787,0.8466142061905151
7788,0.540599571466741
7789,0.23903974215135615
7790,0.7128798566671936
7791,0.5005679607905664
7792,0.1768488681070587
7793,0.41242988961821025
7794,0.6348402190163059
7795,0.7353318566822382
7796,0.24322079589035173
7797,0.8759973393493311
7798,0.379551107074678
7799,0.2711367178927484
7800,0.1951200554537248
7801,0.8041713344029736
7802,0.35416457496606246
7803,0.48339902788793465
7804,0.22281982356387564
7805,0.6860910711689315
7806,0.7810334075524223
7807,0.3394252489533416
7808,0.945079385371402
7809,0.03061060956023609
7810,0.13294310327404035
7811,0.5887870315604908
7812,0.7014068620483797
7813,0.250682989509059
7814,0.5540710968913485
7815,0.3183862470428127
7816,0.5540892456215902
7817,0.6593276777642525
7818,0.9728080535690574
7819,0.4556968600211837
7820,0.6482160402713806
7821,0.5780392479199319
7822,0.31755489388757296
7823,0.25306413169772035
7824,0.9878707217447237
7825,0.20685236170151533
7826,0.7902752670742368
7827,0.14658739102076102
7828,0.8043512693612508
7829,0.18572844298954805
7830,0.967156644016167
7831,0.6859876565745173
7832,0.09011824367582888
7833,0.6931771194590108
7834,0.6036207627815519
7835,0.3375462466939585
7836,0.26073599775671463
7837,0.7187607817481522
7838,0.7413613729498658
7839,0.32720584895253657
7840,0.8762271108395037
7841,0.26882721888849126
7842,0.06986442597481102
7843,0.5998678448275786
7844,0.10707057283161614
7845,0.27666406426648527
7846,0.5071863930484379
7847,0.2863596223572976
7848,0.2149963424200444
7849,0.7031854149056544
7850,0.5469993414022956
7851,0.8397612482502805
7852,0.5812395946554776
7853,0.48344721177377836
7854,0.2612563516107882
7855,0.7920658750912973
7856,0.19687100856436723
7857,0.24222841097316028
7858,0.84158859675307
7859,0.7411925257292111
7860,0.6128734889795205
7861,0.038920530786573426
7862,0.12725761828472648
7863,0.49995746018760967
7864,0.746338923482891
7865,0.4641008641918233
7866,0.017293024414783087
7867,0.1842699986668217
7868,0.5887666996202181
7869,0.6942170596879913
7870,0.033428312711904384
7871,0.04333175346050033
7872,0.26131011545636296
7873,0.08350169538656493
7874,0.5419462321933647
7875,0.12370198195668047
7876,0.6482193349014225
7877,0.777225319307587
7878,0.9705166637521067
7879,0.9484069616377143
7880,0.2733651502352782
7881,0.029409602623172826
7882,0.32941221611176796
7883,0.7084801187126533
7884,0.05980120927253929
7885,0.3597126576714287
7886,0.29803454754690695
7887,0.2193456358189767
7888,0.7061307547303153
7889,0.6590970050243741
7890,0.5354940940343433
7891,0.9107746396815976
7892,0.10313885273027246
7893,0.14968922447813082
7894,0.3834496792194131
7895,0.6558820518629006
7896,0.5840792922454121
7897,0.07404268746793197
7898,0.9584248037464674
7899,0.3050648164613915
7900,0.35897261378309386
7901,0.6236297990434235
7902,0.9451655174597346
7903,0.662688239103272
7904,0.9547733295477041
7905,0.18759111882047896
7906,0.618809928972935
7907,0.8288788918762848
7908,0.5090244682548472
7909,0.36217367582934046
7910,0.9847585300318772
7911,0.1409873403966605
7912,0.41092952752865664
7913,0.8733737525606602
7914,0.9004807465059209
7915,0.9803821015597741
7916,0.8848475922643815
7917,0.050957025387412536
7918,0.9297664996274883
7919,0.4281671914067853
7920,0.651619187456582
7921,0.3942758691671191
7922,0.8136680766135487
7923,0.5759192763227661
7924,0.8455446425540043
7925,0.19377147152076724
7926,0.18498309475490227
7927,0.440376801584787
7928,0.004751544962480536
7929,0.6928529548962581
7930,0.296053727808011
7931,0.5572993462144499
7932,0.07000356046084688
7933,0.17064435938269396
7934,0.6228591700219328
7935,0.3056626271110431
7936,0.2147219425856337
7937,0.22884650080776792
7938,0.21481936472549545
7939,0.6228509494305482
7940,0.16769121446945712
7941,0.36270635917989036
7942,0.6878868655934522
7943,0.5136710573476506
7944,0.5972808707754839
7945,0.2509069794637485
7946,0.9327148731652056
7947,0.4138792483163356
7948,0.28696393661233455
7949,0.9043261840584723
7950,0.655289615264387
7951,0.6139458631384505
7952,0.8867346521661681
7953,0.05854028627138441
7954,0.8376795120075803
7955,0.6778643643051009
7956,0.35999279478012935
7957,0.2563513425238556
7958,0.10480589988155764
7959,0.94107417024669
7960,0.1419121033295362
7961,0.25943853573088427
7962,0.6911071795694699
7963,0.7101524378859926
7964,0.16076870460259396
7965,0.8141311607656276
7966,0.5102872691763625
7967,0.8484566781151089
7968,0.08728538984754453
7969,0.042829999093689675
7970,0.6369903814943497
7971,0.15002379710981684
7972,0.5249490457332999
7973,0.01410875928450872
7974,0.7799292605482002
7975,0.8995301701785016
7976,0.838882761964288
7977,0.9583528131504183
7978,0.9030957546587897
7979,0.44401801829036525
7980,0.3983482084436466
7981,0.896183667971543
7982,0.926938795357227
7983,0.972835948318037
7984,0.7683172348427827
7985,0.20198882994138034
7986,0.9449541361107224
7987,0.9471414668162196
7988,0.6661313639129715
7989,0.8572802663494847
7990,0.5611764211639523
7991,0.9441269454117227
7992,0.09393639659209119
7993,0.8639636964847707
7994,0.055503629037139346
7995,0.3391070522180205
7996,0.13532564261526192
7997,0.4791350924629122
7998,0.23224615799246995
7999,0.9520723793339971
8000,0.5593213336534095
8001,0.8977307363037248
8002,0.27805846905115095
8003,0.025977559946560813
8004,0.7756550036839217
8005,0.7023776599719719
8006,0.5454916456741936
8007,0.8153427297292126
8008,0.8400843726481325
8009,0.5879033080181738
8010,0.965927791853937
8011,0.7197119476173273
8012,0.6768753761626287
8013,0.36142179255864537
8014,0.0022585786000076657
8015,0.240942673894178
8016,0.7639205068146299
8017,0.7098712544371741
8018,0.3310221448300942
8019,0.6255829745384388
8020,0.19528747947313718
8021,0.26362771926904405
8022,0.9474080939024966
8023,0.4131805729355945
8024,0.24498759429885453
8025,0.48710824683899145
8026,0.3870158797873662
8027,0.7295290373491057
8028,0.9621161064908811
8029,0.5917374244576918
8030,0.591147186936915
8031,0.36483385872348306
8032,0.5646309319752953
8033,0.3193288663871382
8034,0.0010920743123419285
8035,0.8660961728784851
8036,0.4294440855217052
8037,0.4920884850539967
8038,0.08350091542592819
8039,0.837110513405392
8040,0.17033707037759038
8041,0.41062115878431593
8042,0.8402655470638813
8043,0.4577829402135195
8044,0.9311523354664637
8045,0.20931430342068968
8046,0.7152328299547713
8047,0.9779985235617275
8048,0.5496136372203109
8049,0.6921838986439929
8050,0.39322665960100844
8051,0.7513373397254689
8052,0.9088740565237291
8053,0.7030555670505292
8054,0.9359287113809792
8055,0.5886526519923097
8056,0.5771374404509629
8057,0.30462738810915535
8058,0.7096274911637859
8059,0.8819525217561553
8060,0.6463162261289312
8061,0.23303922059858295
8062,0.5441091147216865
8063,0.755937416951415
8064,0.9393633148727528
8065,0.15659604952055395
8066,0.1274970909665606
8067,0.412943530232906
8068,0.12561116946261086
8069,0.9804289125051184
8070,0.42430436728255916
8071,0.5336105190679049
8072,0.2270877812927713
8073,0.44912612353692927
8074,0.9846939348612198
8075,0.4886871513669695
8076,0.00882392580448621
8077,0.24252753025063056
8078,0.9784548304785041
8079,0.9890675134107325
8080,0.21049308977170567
8081,0.6152640878438534
8082,0.07690833050541446
8083,0.5774416424446291
8084,0.12592070148643741
8085,0.8186615236426579
8086,0.9395749876022444
8087,0.17298680804948263
8088,0.462712168594824
8089,0.10204299847463416
8090,0.339140007072975
8091,0.06509775476052648
8092,0.26454652801742706
8093,0.9902236670893015
8094,0.04460326732140185
8095,0.8589683296186706
8096,0.07745257775410486
8097,0.5289969311173601
8098,0.4521197924273457
8099,0.9315546600206449
8100,0.19904986228508958
8101,0.17968201537963513
8102,0.7487140885678323
8103,0.7257194731003539
8104,0.6991817704927987
8105,0.026127116172380727
8106,0.25995968672490866
8107,0.8398951778542993
8108,0.6008581214567726
8109,0.6021949207321816
8110,0.2959166054048117
8111,0.2601730885569479
8112,0.9465548880182547
8113,0.7277552788532122
8114,0.12686611780183754
8115,0.9377069421437638
8116,0.5823701518180548
8117,0.3333623669570881
8118,0.3971394463995984
8119,0.7254045103526182
8120,0.3762726516860836
8121,0.578744799118607
8122,0.7104994966484048
8123,0.19537499730596453
8124,0.9442414862425493
8125,0.3561727714354098
8126,0.4193747570769143
8127,0.6985143678678206
8128,0.6087850893877641
8129,0.4401198369391792
8130,0.6497420403007914
8131,0.9028283075720446
8132,0.8002836166454186
8133,0.8242590099547736
8134,0.25840840856731295
8135,0.41940334929763756
8136,0.5538191416540592
8137,0.04419081916148293
8138,0.7697921803773246
8139,0.3234634244150889
8140,0.2825960780410143
8141,0.2592920093561464
8142,0.2833792654200644
8143,0.33801483215783223
8144,0.6048245580761592
8145,0.5835653219000632
8146,0.25571175360187537
8147,0.2064242765732075
8148,0.8263581900713568
8149,0.09272333767636654
8150,0.5128228412009275
8151,0.5205608741892761
8152,0.5741368068116216
8153,0.8856501159071357
8154,0.6239139400947676
8155,0.9736337662480233
8156,0.8713530833487275
8157,0.21474025948721154
8158,0.24118331022530115
8159,0.3447741359151706
8160,0.3915144150801313
8161,0.5529951203076955
8162,0.23251263289633883
8163,0.22234518111376567
8164,0.38138995736807957
8165,0.672023113212752
8166,0.6881256130961884
8167,0.9761167400402896
8168,0.20241543392181405
8169,0.3928591518569807
8170,0.9646774979390604
8171,0.6900087426655521
8172,0.5922785248220191
8173,0.5396460514013469
8174,0.07551038013625655
8175,0.8933738088159103
8176,0.6255052154151076
8177,0.571667407928034
8178,0.5395003433218426
8179,0.3919142073211117
8180,0.25466469136089276
8181,0.7553219853344842
8182,0.5095675177616621
8183,0.03393953228922031
8184,0.39909449977216327
8185,0.9286036382228325
8186,0.37389456154086287
8187,0.4132330079255737
8188,0.6239611230550356
8189,0.8016748038158823
8190,0.6684611177047122
8191,0.8500547311229465
8192,0.11397058704069829
8193,0.9245925533186489
8194,0.903921932411386
8195,0.5191485865855878
8196,0.6247422377872011
8197,0.21281305020140173
8198,0.4479474379813889
8199,0.20270336091981234
8200,0.021976678941019512
8201,0.9809030681270525
8202,0.2591465157102051
8203,0.5931083088978353
8204,0.30025038353786304
8205,0.3706216202104349
8206,0.3977615585822748
8207,0.3350467313247577
8208,0.6373997593399358
8209,0.9609362704886061
8210,0.428634650006233
8211,0.9733267240542651
8212,0.6677972373447831
8213,0.607136195021009
8214,0.23710385179892302
8215,0.06292070589938081
8216,0.8519347702918288
8217,0.573981063944269
8218,0.4144138624248819
8219,0.8119673220884834
8220,0.3105803825773188
8221,0.7836172559644873
8222,0.327963835405797
8223,0.9208811864041636
8224,0.26796687445680256
8225,0.13755411757457114
8226,0.6980967083494118
8227,0.16284725306477077
8228,0.9493630502889856
8229,0.655555112388866
8230,0.23086066128452598
8231,0.20881893428542875
8232,0.9238750391204216
8233,0.6078579128498909
8234,0.8937360066724167
8235,0.11022520484582521
8236,0.9253921955791762
8237,0.5200493119940883
8238,0.6684219163313505
8239,0.37287547154128065
8240,0.059140322005826196
8241,0.9579724413418291
8242,0.994598329108482
8243,0.36454684876044297
8244,0.9438679297519796
8245,0.16772629096156422
8246,0.15468444965857553
8247,0.07311184000917148
8248,0.39126940758415074
8249,0.052302250181599175
8250,0.39465718961289675
8251,0.13839042864966822
8252,0.7305277955729573
8253,0.833362649336408
8254,0.687815427796288
8255,0.20049415243615587
8256,0.7668481929079557
8257,0.24950019703327497
8258,0.7594885969685274
8259,0.5673975748963909
8260,0.3667125162912097
8261,0.08349237801605769
8262,0.8275095098070258
8263,0.9396529207982254
8264,0.6659177800006375
8265,0.9645415666934388
8266,0.9341114190429911
8267,0.19460840080375363
8268,0.7312123485982135
8269,0.34930481943769454
8270,0.487517360565626
8271,0.15696543114884576
8272,0.9747794280576525
8273,0.7261373830764085
8274,0.2669083096309681
8275,0.3714716901680335
8276,0.4224829268287844
8277,0.7475337241438402
8278,0.9256972667695845
8279,0.32144013298457164
8280,0.47250008828041956
8281,0.5932075728347012
8282,0.3933439924003156
8283,0.5041813233656852
8284,0.105707629020102
8285,0.16767438772016607
8286,0.4011012572201449
8287,0.9149390117705525
8288,0.3493580457446336
8289,0.24979280860501363
8290,0.7428622208492759
8291,0.9491301660766093
8292,0.45912361706354743
8293,0.008604955567183104
8294,0.688149331475618
8295,0.4150608016161449
8296,0.6736455366162152
8297,0.27771651582920354
8298,0.002408143816962416
8299,0.34449621874560377
8300,0.7047923426129415
8301,0.39311328300918924
8302,0.21917413965322596
8303,0.4640068641341015
8304,0.7523485232983854
8305,0.11943308679230602
8306,0.6917520336466478
8307,0.6673440238039473
8308,0.3707378796850713
8309,0.9703361913794945
8310,0.8947052994803515
8311,0.31616148080206985
8312,0.031091093393843083
8313,0.30830480674507665
8314,0.20472194254104326
8315,0.5472519140475928
8316,0.9187444211821546
8317,0.8703375100375215
8318,0.3058291556648267
8319,0.428597533555637
8320,0.03654219907956646
8321,0.5441635076491494
8322,0.06336798005072886
8323,0.9386061662290996
8324,0.8669338348522723
8325,0.214187626437503
8326,0.6993686798620454
8327,0.5680203824333331
8328,0.801357712516183
8329,0.4756521067515199
8330,0.191771970665778
8331,0.6398434001228317
8332,0.080280326995945
8333,0.5845879911684221
8334,0.21270480546445758
8335,0.6849364371235602
8336,0.8280431617281085
8337,0.10952472928207246
8338,0.40026855214859236
8339,0.7335215877759967
8340,0.1637030615188585
8341,0.5665236700357131
8342,0.6718389818757231
8343,0.35479360723938225
8344,0.8319822742026011
8345,0.5106581850467138
8346,0.62699483994051
8347,0.1408727967047787
8348,0.023160174532669053
8349,0.050748570824986294
8350,0.9039201481982159
8351,0.8826423842482511
8352,0.8075914391618425
8353,0.1996120912348608
8354,0.5254586519495033
8355,0.7961171005483734
8356,0.6746691812557738
8357,0.1155211936759376
8358,0.8955411998124237
8359,0.16068239277796226
8360,0.17179569341333545
8361,0.9010086291707082
8362,0.4846169390945161
8363,0.37289182595646686
8364,0.5536567422980565
8365,0.9813973328321114
8366,0.11963045524104288
8367,0.7569488487920653
8368,0.3343258622441275
8369,0.11704927084762373
8370,0.42193335535293863
8371,0.5487528777252709
8372,0.2059616377281469
8373,0.4052694590966025
8374,0.6356760254722905
8375,0.5764480197202222
8376,0.7231605940548506
8377,0.8364045329374012
8378,0.4091403317693737
8379,0.42296727546222745
8380,0.49669213445515314
8381,0.5663533783813035
8382,0.10832267423789166
8383,0.31263535419477406
8384,0.17189179537702426
8385,0.3858527623441316
8386,0.9733540725740365
8387,0.5827309566809797
8388,0.4293815199205463
8389,0.5659368952237088
8390,0.6690765554271793
8391,0.43495346329040097
8392,0.4477098042528872
8393,0.7014011293817086
8394,0.06086258320570126
8395,0.5400805682883442
8396,0.5473278122177014
8397,0.7567522611283809
8398,0.982644752336658
8399,0.7957547867868081
8400,0.503788612650468
8401,0.16945317960717854
8402,0.5882609716331706
8403,0.8342988867126859
8404,0.9324140636453325
8405,0.8253103794941006
8406,0.18896860636256352
8407,0.7125758643493314
8408,0.8801549474858433
8409,0.6810169666269752
8410,0.6857520409282152
8411,0.5001622862510787
8412,0.6369762221255051
8413,0.2943807192230211
8414,0.0888100867857452
8415,0.8277149047454004
8416,0.9431443073915157
8417,0.8568223353769442
8418,0.333913553780803
8419,0.0935301513079283
8420,0.2801383876314065
8421,0.8428353758099001
8422,0.655814507633216
8423,0.9666942441029371
8424,0.3426810184371034
8425,0.5514721202916424
8426,0.7900382216382279
8427,0.23399194273181234
8428,0.9640899746596657
8429,0.5923976724918149
8430,0.00789756331965319
8431,0.025153275628012395
8432,0.8822160164015952
8433,0.6452815277610775
8434,0.7630725190638621
8435,0.784016000956908
8436,0.42045977625077646
8437,0.7986112461423018
8438,0.9375324448125381
8439,0.17217110776962163
8440,0.7641363995420206
8441,0.307792007615565
8442,0.32149300305385387
8443,0.4127548510363862
8444,0.8637195199080855
8445,0.022056067310049166
8446,0.43392620681026395
8447,0.6800476495692706
8448,0.11041545828252197
8449,0.7922535970174165
8450,0.941902597897353
8451,0.09093482107697859
8452,0.15294813783087813
8453,0.9740972249462029
8454,0.19785564078574158
8455,0.07893967570320448
8456,0.9521925363959002
8457,0.8926227098094689
8458,0.6557254727331311
8459,0.5514309272875533
8460,0.9192326963027704
8461,0.6555200751114227
8462,0.65839665931507
8463,0.843685564201953
8464,0.6532456772924209
8465,0.5036768870376775
8466,0.3897214978984479
8467,0.5031338927912408
8468,0.5224786490871944
8469,0.3608318811182518
8470,0.44811840898034605
8471,0.8018719328635212
8472,0.41651336867588784
8473,0.02555976663542936
8474,0.28301932177384914
8475,0.23174186409169817
8476,0.7935820118319684
8477,0.4492930584718088
8478,0.28031054303513314
8479,0.8107048838416246
8480,0.01921680455661201
8481,0.1742508427312176
8482,0.8269548193958
8483,0.5506517276604026
8484,0.7736497745794804
8485,0.8381760147620776
8486,0.9419634885885396
8487,0.06342459930333799
8488,0.799234743298472
8489,0.7087661482198349
8490,0.20702560067655917
8491,0.9317022663401231
8492,0.40420188030639204
8493,0.8876105274548042
8494,0.6051137046649254
8495,0.5267479465409566
8496,0.1595239338959794
8497,0.9143276242873128
8498,0.5566619073622462
8499,0.0060924054968174435
8500,0.01828454107028321
8501,0.7776326050180475
8502,0.16193635337838963
8503,0.5987384356281452
8504,0.6810819619339803
8505,0.27936559294849683
8506,0.5693138084114124
8507,0.2402587459890747
8508,0.9463154273679505
8509,0.860170156349167
8510,0.28804279149746914
8511,0.5288144909503397
8512,0.5006328571539057
8513,0.960023257950074
8514,0.394028780183854
8515,0.5622275546215668
8516,0.9287065948874371
8517,0.16281105117655814
8518,0.5504856032783381
8519,0.10567292036182963
8520,0.6174989318185006
8521,0.36568320338700466
8522,0.9676360731796007
8523,0.4154091811485263
8524,0.13618763754170682
8525,0.8339999609284041
8526,0.8208666914229141
8527,0.6948596195427844
8528,0.748811801884228
8529,0.26471521768940687
8530,0.6420535004227813
8531,0.03801987120539363
8532,0.19689014389003456
8533,0.9322794475530867
8534,0.7392352970826587
8535,0.23067254098925782
8536,0.1113830895192881
8537,0.9489194448685015
8538,0.11218766606013275
8539,0.2570700480472482
8540,0.18263399299945715
8541,0.007463820411767963
8542,0.314134774098044
8543,0.9741788715987626
8544,0.34190330580935646
8545,0.5043048794677737
8546,0.7459357839217814
8547,0.5510801020792161
8548,0.7435915074123066
8549,0.6616358681905152
8550,0.6085630229990148
8551,0.6496489072117452
8552,0.799164362078251
8553,0.7101913948011042
8554,0.7917749207051915
8555,0.14559763828353134
8556,0.6776737327105403
8557,0.7370219123255332
8558,0.2999664324968345
8559,0.8745773278432823
8560,0.3047116033027004
8561,0.2438321193764973
8562,0.8670968154805112
8563,0.2470198381164267
8564,0.4155024624318001
8565,0.3679228300368189
8566,0.8980618225582724
8567,0.45523573828796426
8568,0.6943089332962156
8569,0.794038904643829
8570,0.6279035807471762
8571,0.9436944983249147
8572,0.8025075292560081
8573,0.40020662767486315
8574,0.9508118432576832
8575,0.5245748332713341
8576,0.022577322944895895
8577,0.2600132796528968
8578,0.6217295870372666
8579,0.15681490232443673
8580,0.5840680448932036
8581,0.3615980223075298
8582,0.534385480058274
8583,0.0018748478732528717
8584,0.8484213546686984
8585,0.36192548777552835
8586,0.14015843427795305
8587,0.43791585700507996
8588,0.4861772934888341
8589,0.6374027104961889
8590,0.5245624403522797
8591,0.04352358206706264
8592,0.8715123220777647
8593,0.4565089317869613
8594,0.07698777253300892
8595,0.7728282365291851
8596,0.6601544187830682
8597,0.6494377727692218
8598,0.42691400173556104
8599,0.4104970626209884
8600,0.5363386363873428
8601,0.05059441289910327
8602,0.29895776421792086
8603,0.9878941735623735
8604,0.6621924891280758
8605,0.4189341654173221
8606,0.22236310294045303
8607,0.7452093619002335
8608,0.2602903097061914
8609,0.16237010384629535
8610,0.15451490023428727
8611,0.7292632791647324
8612,0.6428102542887174
8613,0.06980609937123061
8614,0.11504281536220251
8615,0.6338468673535771
8616,0.571116101872159
8617,0.6859990603718135
8618,0.17803890836326197
8619,0.7265879062171671
8620,0.9360964673305497
8621,0.6010503145354412
8622,0.19613001964278387
8623,0.6795438552841065
8624,0.3430816835460644
8625,0.04928774638572142
8626,0.30233869535249847
8627,0.905585101950132
8628,0.4111393201759752
8629,0.8646653380310924
8630,0.5086593435227916
8631,0.5169779889596
8632,0.005216321064894336
8633,0.6371040732889721
8634,0.10781384503042024
8635,0.4787484146820543
8636,0.2603168556580989
8637,0.39238296582931487
8638,0.5370773556668008
8639,0.014464114601972833
8640,0.2845835832716228
8641,0.9896119342918649
8642,0.057399125820559616
8643,0.31939348815736834
8644,0.32142147496464823
8645,0.3793859209327626
8646,0.6847809184423453
8647,0.2477437986829646
8648,0.4602693441360528
8649,0.6448635668524492
8650,0.3223220583285886
8651,0.9487725805032546
8652,0.9796726349426813
8653,0.11967356768751114
8654,0.3438198844008101
8655,0.2079720698064753
8656,0.18678959555711516
8657,0.4909798383382795
8658,0.5638271081348789
8659,0.4256520405975992
8660,0.2725548730973607
8661,0.27862157425363965
8662,0.9921281563407308
8663,0.9236773739902505
8664,0.07589884098935717
8665,0.6565506519961256
8666,0.4568776074848443
8667,0.688814097199162
8668,0.5969607055405535
8669,0.8892524000824175
8670,0.06698831428882501
8671,0.3495979120577055
8672,0.9854941257755847
8673,0.18228534899061677
8674,0.12733343950664722
8675,0.7289720060005754
8676,0.7774351600174635
8677,0.6722735476746602
8678,0.7761958287599253
8679,0.6937215720931722
8680,0.13577068228917677
8681,0.6082218974785071
8682,0.7768766825595325
8683,0.8655166063244678
8684,0.24623524268370767
8685,0.12743076093853856
8686,0.7810904435825796
8687,0.25654834503566537
8688,0.03192947832088733
8689,0.8252135636493042
8690,0.50599113381086
8691,0.32663313242842196
8692,0.011429105231549164
8693,0.035327444707947686
8694,0.7926232705602947
8695,0.48970588496486445
8696,0.14972204929646016
8697,0.35850562724901813
8698,0.1653051475375229
8699,0.11288155318038662
8700,0.2763078206741436
8701,0.5495085474623974
8702,0.2100066078122269
8703,0.3436710812847671
8704,0.47793088395645966
8705,0.4200297391831519
8706,0.12862779912128963
8707,0.03886563553588818
8708,0.03545872694893892
8709,0.35017901802786733
8710,0.7188020785373228
8711,0.13125529872927066
8712,0.7869801163644256
8713,0.7156743093138368
8714,0.0039434908856111894
8715,0.02674787298184511
8716,0.19503321553805164
8717,0.05612091105058503
8718,0.5313431052703059
8719,0.039627261458415775
8720,0.8026458379953977
8721,0.4929620689458105
8722,0.7279543666724776
8723,0.7507025509358412
8724,0.5067639396702327
8725,0.9253628762534661
8726,0.9902407738553081
8727,0.35921468601454587
8728,0.12586414024923354
8729,0.3632381786478669
8730,0.2233538970142701
8731,0.5310056670617501
8732,0.37838760125240145
8733,0.4804494142867909
8734,0.7631875760760015
8735,0.27402097454185215
8736,0.5374747246397255
8737,0.3351612493286884
8738,0.7849608641206614
8739,0.6395366324076963
8740,0.008504730510610736
8741,0.6600513411052183
8742,0.17016200806658233
8743,0.7244737902030393
8744,0.5673386668454581
8745,0.4014826777231747
8746,0.6940664292072585
8747,0.8565932858687801
8748,0.7787437138620732
8749,0.5453792765719075
8750,0.7226943202595297
8751,0.4139145543927536
8752,0.7890261215631287
8753,0.8290518916228181
8754,0.13729383687639873
8755,0.23803135959394628
8756,0.2699887373491584
8757,0.16608171898209156
8758,0.3925350068974207
8759,0.19303321144961227
8760,0.5955393109266095
8761,0.10161544289761593
8762,0.2699191530267564
8763,0.6655206459463567
8764,0.3985451231333492
8765,0.4214627418534077
8766,0.7979252529583892
8767,0.9845115532909865
8768,0.5650677832542129
8769,0.07906717146360775
8770,0.10290297422363592
8771,0.9685007220294161
8772,0.6792349127484716
8773,0.7524691183338194
8774,0.6757637576855414
8775,0.17961760169515328
8776,0.448362160824762
8777,0.7980804376193656
8778,0.8663629629420733
8779,0.23733551474637204
8780,0.5959617908338206
8781,0.15710190273845337
8782,0.9582768731217516
8783,0.2522042889924876
8784,0.7266351286038967
8785,0.23111294422685436
8786,0.6160539428785416
8787,0.6592643070226565
8788,0.3284281034547527
8789,0.8188338654260512
8790,0.8853708982474505
8791,0.855069930253995
8792,0.3307982194647173
8793,0.744340259012654
8794,0.5594907548692242
8795,0.5926283244920116
8796,0.47742508525846183
8797,0.6002611479688716
8798,0.13565415803574998
8799,0.4088472331174553
8800,0.177671761987946
8801,0.28010553097142576
8802,0.12781453592213377
8803,0.21249560522202005
8804,0.7819292557877159
8805,0.5498364621776702
8806,0.023643118512234995
8807,0.7885244838021156
8808,0.9094683959294906
8809,0.8804292757826376
8810,0.8230168828733218
8811,0.9922164428009369
8812,0.586401955537933
8813,0.9625876285149049
8814,0.9488442325014275
8815,0.3132387305034393
8816,0.8634337560558708
8817,0.7924726655587772
8818,0.7757987774010856
8819,0.896280771291922
8820,0.3841900099203077
8821,0.4000549658873819
8822,0.6400523092036364
8823,0.7378045378143421
8824,0.8797371026576145
8825,0.8758453206592819
8826,0.7213396243862599
8827,0.9568927778215227
8828,0.17862861894624227
8829,0.9503398471800862
8830,0.06419148203362157
8831,0.5556218811919182
8832,0.09019695700812225
8833,0.5680009751981364
8834,0.39010971245571946
8835,0.08160943150238686
8836,0.6481168050241883
8837,0.7311979996228418
8838,0.1741854136199813
8839,0.6944367193087689
8840,0.1790475491477329
8841,0.1373964493152765
8842,0.14736326652474574
8843,0.5990784689543349
8844,0.7787908081266032
8845,0.5968937014738136
8846,0.8093514530182451
8847,0.5914773410703692
8848,0.7973212473484868
8849,0.9765225011333006
8850,0.3909598079682246
8851,0.1499421769268947
8852,0.13539681170495765
8853,0.597477596656598
8854,0.547103065855342
8855,0.18423537854203076
8856,0.8821049626676735
8857,0.9567483684541884
8858,0.2532156431033017
8859,0.20688293090106702
8860,0.21392185230754723
8861,0.38742152969135946
8862,0.8532271752989463
8863,0.5959606099411179
8864,0.06755343173266992
8865,0.4729790851720672
8866,0.09033168302809258
8867,0.4062141140084401
8868,0.403520142303317
8869,0.6483526657096457
8870,0.549453966963101
8871,0.874754782339086
8872,0.016275182665472343
8873,0.7739988220946491
8874,0.022658340955841738
8875,0.304289828476366
8876,0.8796631381795634
8877,0.6904141716771217
8878,0.1719966783661433
8879,0.49078454411194294
8880,0.7219041809779858
8881,0.9373433213395294
8882,0.6343211992182037
8883,0.024675411432927286
8884,0.49970185969628356
8885,0.15296163917082772
8886,0.04777955047492133
8887,0.5985106346815843
8888,0.7769219025104245
8889,0.0360605554964043
8890,0.7835892709655194
8891,0.7063878798115087
8892,0.7519868881683613
8893,0.24472837271570047
8894,0.3935954554934291
8895,0.11975082720721897
8896,0.2388909502344665
8897,0.3027896714774301
8898,0.31943663953678614
8899,0.1750398880968118
8900,0.18871179807114336
8901,0.9014703997921601
8902,0.7838936148156058
8903,0.34447770349143736
8904,0.9476435394809607
8905,0.2389227127923239
8906,0.4068204534500507
8907,0.8135253114345706
8908,0.44288637020362664
8909,0.23462532290814597
8910,0.36853546762148837
8911,0.5007210723746816
8912,0.6206443836603374
8913,0.4056064995815233
8914,0.43130433111997424
8915,0.2639436128014252
8916,0.5353472984174117
8917,0.21945623376954637
8918,0.8675262181080758
8919,0.7473670702663014
8920,0.4102789884141841
8921,0.7472278470328477
8922,0.006995941809373019
8923,0.34448922264239656
8924,0.44030114814678856
8925,0.4697985075456973
8926,0.7487314777103389
8927,0.9628074275617138
8928,0.37999713044280303
8929,0.3505998495278747
8930,0.6105152265803961
8931,0.2812536141915789
8932,0.14135033381518924
8933,0.9615408704921987
8934,0.8095299568090221
8935,0.9584995530241278
8936,0.21783287868391665
8937,0.017809214969670584
8938,0.4372615757381064
8939,0.9336089629915812
8940,0.1383253388717589
8941,0.11718552283459838
8942,0.06895278424584206
8943,0.7650179989319748
8944,0.7859265338335389
8945,0.695376055663464
8946,0.05329184512233609
8947,0.7232883358152038
8948,0.4486288084616872
8949,0.15789442193660497
8950,0.2951260104846021
8951,0.5011468399329609
8952,0.32965147226968106
8953,0.9697492267415924
8954,0.4747417417071993
8955,0.37215051025214363
8956,0.6731654289680367
8957,0.6505450568559148
8958,0.002439280405267419
8959,0.618473698300743
8960,0.2437689747690337
8961,0.3752336415879216
8962,0.7063488907348443
8963,0.5573862210106958
8964,0.3686551441550969
8965,0.16741035183712405
8966,0.5054821872477532
8967,0.3193660235072032
8968,0.9129278084080751
8969,0.5343466402890507
8970,0.8659639941704125
8971,0.3901810284835113
8972,0.8274371637879605
8973,0.05653690217207863
8974,0.29811902556801495
8975,0.07817593304469939
8976,0.03165018071487391
8977,0.9188622453231189
8978,0.7168687443996798
8979,0.6251100644684706
8980,0.532492809411833
8981,0.569554036216842
8982,0.6386903813864535
8983,0.8265797947401032
8984,0.5968885557955282
8985,0.7485807631108824
8986,0.2809780518297349
8987,0.9767617378164721
8988,0.03189720843702892
8989,0.38657659527731547
8990,0.8820495515037039
8991,0.18052296268619017
8992,0.14133809293365796
8993,0.3654307668999135
8994,0.4281947005168275
8995,0.9333940606617277
8996,0.836119534708821
8997,0.46408963769051415
8998,0.972975100881603
8999,0.6422784041590643
9000,0.8736587319818913
9001,0.24605698048682545
9002,0.4889640742999828
9003,0.029717213356433292
9004,0.008880193266448844
9005,0.7054532209394645
9006,0.11829362246560071
9007,0.5478082371108176
9008,0.69600748221002
9009,0.03223458622963926
9010,0.448741399145682
9011,0.6841519369858398
9012,0.88973098785485
9013,0.29923010060165645
9014,0.9742165296843303
9015,0.8445414996596974
9016,0.6506350720818543
9017,0.3919255072461312
9018,0.7111103761994986
9019,0.8161932690703534
9020,0.3032998748865573
9021,0.9928300649070293
9022,0.908619369754639
9023,0.48550144034292264
9024,0.7228299157753952
9025,0.5240088946187819
9026,0.7609305521970262
9027,0.8269822038779814
9028,0.023222555157042524
9029,0.07913202970064925
9030,0.336467415876727
9031,0.9176136326323495
9032,0.3982735831433897
9033,0.8875122152019242
9034,0.46243391263175293
9035,0.2888529203115734
9036,0.9006451830624952
9037,0.5606707689186775
9038,0.3604842950300413
9039,0.0444070036278168
9040,0.11093313244822389
9041,0.1393103276415305
9042,0.3648362904106063
9043,0.607332955744344
9044,0.30759011442192985
9045,0.0655276337648002
9046,0.2648087373173338
9047,0.40868165089961017
9048,0.9922699286723291
9049,0.39298690475093867
9050,0.08919541874744397
9051,0.5811148144739334
9052,0.9196400726262897
9053,0.7866956988617501
9054,0.8362183091872366
9055,0.9282317961023304
9056,0.636543503385538
9057,0.9949227306534987
9058,0.03328156987965081
9059,0.8348396761435622
9060,0.8570106695222617
9061,0.916700390761965
9062,0.47816945763584906
9063,0.7877559236206
9064,0.1950803991211798
9065,0.6031302251782144
9066,0.3586451523634614
9067,0.5961736506619755
9068,0.6755605071583003
9069,0.34706866674617887
9070,0.21623829930287197
9071,0.32168790885933474
9072,0.6639572451074426
9073,0.6768742336728105
9074,0.7413169360240989
9075,0.126536608572706
9076,0.8185173902544616
9077,0.6881478015409555
9078,0.030505076690639177
9079,0.3355978494350508
9080,0.4667112559064771
9081,0.3606174903868148
9082,0.11741688820841312
9083,0.20734628450500703
9084,0.02456139491013254
9085,0.09307716135256283
9086,0.26630011772454476
9087,0.8199702656357306
9088,0.5266375099372003
9089,0.424497890691106
9090,0.662162943958549
9091,0.5415105603250052
9092,0.13151392675562623
9093,0.22262336382418957
9094,0.22252236099060763
9095,0.5999525126123422
9096,0.46162436618934644
9097,0.3875850625608537
9098,0.556639172881788
9099,0.9701157857825572
9100,0.3141934560558768
9101,0.5201954336335173
9102,0.48037001564411563
9103,0.7166430317458448
9104,0.7302902679829161
9105,0.7290707214130405
9106,0.2015195799387448
9107,0.44909313636118775
9108,0.8111746910291375
9109,0.38153017054064375
9110,0.9842551172899289
9111,0.36478674179219917
9112,0.4976668273419682
9113,0.47452559480254686
9114,0.4336638024692425
9115,0.8456313683196216
9116,0.15527523754801353
9117,0.567664706413983
9118,0.6186015773554236
9119,0.8512213080693708
9120,0.6092001599261084
9121,0.9600203477877807
9122,0.8721677122609289
9123,0.3487399483527315
9124,0.8599064452908345
9125,0.9584778140934557
9126,0.2571971809245863
9127,0.6102088066644085
9128,0.28180391234213553
9129,0.6495672790822176
9130,0.0936428045470219
9131,0.7341880218690575
9132,0.41981982859534284
9133,0.5873071786764368
9134,0.02586240252349814
9135,0.6954414552103283
9136,0.4959913541352434
9137,0.625251007687842
9138,0.31566797237617406
9139,0.1458201734214144
9140,0.435428941996142
9141,0.9439791212863633
9142,0.22779402665380533
9143,0.6758390120352517
9144,0.04984354403454139
9145,0.7180997852669284
9146,0.23843718680149306
9147,0.45151706022933247
9148,0.36775310059477406
9149,0.11284034331735548
9150,0.3455819525117757
9151,0.3501249582931856
9152,0.5221056390297516
9153,0.9723515329399873
9154,0.47001752251063034
9155,0.9144261556326339
9156,0.4615576585625554
9157,0.10754330087493946
9158,0.23015289527594018
9159,0.40751767605760025
9160,0.32536877297018474
9161,0.8658292875324917
9162,0.6786456021965513
9163,0.5783084519186734
9164,0.49122955123669054
9165,0.39727061828906685
9166,0.6121924398320113
9167,0.124607165444381
9168,0.16253318821690566
9169,0.30311635339669996
9170,0.1711846164610744
9171,0.6770987190248167
9172,0.024768321406245297
9173,0.1601774916667501
9174,0.9026081094988033
9175,0.9975431482220869
9176,0.48759047782809306
9177,0.4953700730217583
9178,0.7733987622374382
9179,0.036189577620575064
9180,0.4270214819009781
9181,0.09982788181495983
9182,0.40092638265648595
9183,0.9838218411288748
9184,0.7536332808033611
9185,0.985045875685218
9186,0.7460486256706017
9187,0.6081100718065884
9188,0.7542208329272434
9189,0.6590916729709847
9190,0.4640660299019084
9191,0.29254633400521
9192,0.5201780593343549
9193,0.2584934739014305
9194,0.4866763464421453
9195,0.14613540592108598
9196,0.5653950989700408
9197,0.24528369081210477
9198,0.29360810394156966
9199,0.4990281417823884
9200,0.16252625302158075
9201,0.9623798836359191
9202,0.44694431539287616
9203,0.35227922962675107
9204,0.02919660509258093
9205,0.8432543631122329
9206,0.6258339153063843
9207,0.41640515484129725
9208,0.24553279933847572
9209,0.7451374186753852
9210,0.9454745757416672
9211,0.3808097056520202
9212,0.13487606837923127
9213,0.10919474727273737
9214,0.0063619723338859124
9215,0.7439554407717219
9216,0.9813953859016705
9217,0.9928177527535682
9218,0.7841972543429255
9219,0.16218377829604358
9220,0.9777094559131215
9221,0.3278134430019509
9222,0.33361960949254366
9223,0.6873369528924389
9224,0.049049187074451384
9225,0.8257697299075593
9226,0.997297276487744
9227,0.7750697780899174
9228,0.7816764912073332
9229,0.390313670566551
9230,0.06592138901565692
9231,0.7926674342344233
9232,0.5971580869048005
9233,0.9093386891220844
9234,0.11596290016683253
9235,0.3051230630941083
9236,0.36065615372338644
9237,0.6832797085446914
9238,0.787745163103155
9239,0.9610204085844203
9240,0.29540715832415443
9241,0.4936364085642473
9242,0.02896093008129841
9243,0.2529878781088879
9244,0.37400350811964034
9245,0.5938062065254482
9246,0.47084549359917405
9247,0.36447505977699735
9248,0.6240779665293416
9249,0.8286156771170003
9250,0.24168113298478922
9251,0.3428758792604123
9252,0.7049236496870199
9253,0.7779405987585303
9254,0.8253968717346473
9255,0.20933121889702866
9256,0.5392669612444156
9257,0.9000110985252844
9258,0.39195045509149173
9259,0.4298830902215557
9260,0.9848229439006858
9261,0.11305264603250542
9262,0.705601989461636
9263,0.8501841270408919
9264,0.1507935166340174
9265,0.7144532360072374
9266,0.46973822201044224
9267,0.8528908846746432
9268,0.9074523168359061
9269,0.8724849031545734
9270,0.06438513757901276
9271,0.7568552768149742
9272,0.9215275749858294
9273,0.621348440670931
9274,0.6008760604784902
9275,0.045005387398110996
9276,0.8560330222059385
9277,0.04640356082916153
9278,0.31350960638467396
9279,0.9258630652872155
9280,0.9497451427295122
9281,0.9919005404759226
9282,0.4764022856128862
9283,0.17742954638101083
9284,0.48794448682908387
9285,0.10231292508304923
9286,0.8725361089699698
9287,0.5605372332665048
9288,0.4045058991667553
9289,0.0795307024808044
9290,0.40524067681663045
9291,0.8661916083901089
9292,0.7034059324772127
9293,0.08245551751096658
9294,0.15990719972617584
9295,0.3923084907075046
9296,0.10137508268591866
9297,0.934041191993271
9298,0.6522920446308759
9299,0.09482300130394505
9300,0.7880574623804607
9301,0.3684059285719429
9302,0.24487064455322083
9303,0.5699849419396911
9304,0.013372133120541307
9305,0.465397660104255
9306,0.8438049930951695
9307,0.9280575959855684
9308,0.34255470441643976
9309,0.6424365881650443
9310,0.22682343836883356
9311,0.5602130709847091
9312,0.254027726153189
9313,0.5713565086274529
9314,0.17172211729323095
9315,0.9412325567607434
9316,0.8869174764072917
9317,0.33691824944883986
9318,0.7766628889249426
9319,0.09550413073219455
9320,0.7403609087054239
9321,0.28245912961270414
9322,0.1356417686758623
9323,0.6781912179036137
9324,0.46980681781938927
9325,0.5301396017304439
9326,0.5205297841379208
9327,0.05944798210601954
9328,0.05138024909267702
9329,0.6011675039480969
9330,0.6238646423554166
9331,0.047174556515114596
9332,0.37843933188781775
9333,0.6128512795604274
9334,0.6566806557530763
9335,0.8282757592765515
9336,0.42073228359688086
9337,0.5482577811469688
9338,0.5785603756088172
9339,0.312045283300319
9340,0.0538254024416116
9341,0.0042259262051046464
9342,0.8361254161185249
9343,0.20023182252238636
9344,0.6302546641591356
9345,0.5770474786439196
9346,0.39963307674051896
9347,0.8334933087006338
9348,0.698401595693379
9349,0.022741463439172938
9350,0.7766940733566847
9351,0.5069988180017623
9352,0.34701928908284685
9353,0.7268846565116779
9354,0.6860656296462694
9355,0.31058823786894907
9356,0.9830388714978814
9357,0.6487084867117533
9358,0.6057797124538936
9359,0.06988036348177207
9360,0.27931878034473745
9361,0.44697400232644147
9362,0.6306257043096763
9363,0.5127636307303778
9364,0.7630329334713912
9365,0.2625677124679019
9366,0.7021569952824843
9367,0.8165970468911625
9368,0.7650499755829533
9369,0.7708465845880335
9370,0.8885070572621654
9371,0.0841785424804895
9372,0.697191571374103
9373,0.968678201116461
9374,0.5736506498745382
9375,0.2173163119843926
9376,0.9987538057742129
9377,0.17467729282147892
9378,0.3355576973748593
9379,0.1720621884171678
9380,0.46451286875006825
9381,0.4188760096109583
9382,0.4912408965105728
9383,0.9279834000554296
9384,0.4783243858342251
9385,0.5146263262136441
9386,0.8866821059184681
9387,0.8177579940148323
9388,0.23972203122544422
9389,0.012925955228850206
9390,0.6294995922020511
9391,0.84484982383752
9392,0.5528501126104001
9393,0.21117692001284516
9394,0.7413550906753068
9395,0.6695392826112699
9396,0.5650325374085529
9397,0.8633361740209837
9398,0.7842423529390328
9399,0.6679520914227803
9400,0.6647586690232183
9401,0.6622026342982749
9402,0.525164744916564
9403,0.463921644643847
9404,0.7096004594987196
9405,0.6104944814702311
9406,0.4899805623005431
9407,0.1266613539110416
9408,0.7019287886531655
9409,0.6459985705779654
9410,0.3422484259735036
9411,0.35632316621507676
9412,0.24672238413525227
9413,0.9619152563650188
9414,0.8602013628687226
9415,0.5610490294122168
9416,0.40165314655851425
9417,0.7368252636964233
9418,0.5277281761259972
9419,0.975851033915114
9420,0.05512261392215456
9421,0.034285734053475125
9422,0.5686110179733733
9423,0.20327922268890675
9424,0.6043041635501925
9425,0.7814230285471774
9426,0.13810976118487284
9427,0.44060822418952794
9428,0.6886670834493552
9429,0.8338635706729712
9430,0.49634409003635727
9431,0.2061535869060216
9432,0.585799255585633
9433,0.45451706872499953
9434,0.7719254270044859
9435,0.555576064202948
9436,0.2794228449704308
9437,0.7543929197211882
9438,0.5177470129619597
9439,0.1775465522783275
9440,0.5630723231419945
9441,0.9483200598458729
9442,0.7055162609377361
9443,0.2988033614579789
9444,0.7108731752928581
9445,0.2826063110021789
9446,0.5426888375412618
9447,0.5265957637875528
9448,0.24739087891180367
9449,0.347881199879818
9450,0.9421814547860456
9451,0.2505985364154336
9452,0.8010270436309859
9453,0.66737058001214
9454,0.5326291325257645
9455,0.13751486946516345
9456,0.2045707527063778
9457,0.17897762359040392
9458,0.5867942589737524
9459,0.9733831967184781
9460,0.8772392627749948
9461,0.025251882929577252
9462,0.2737266244623465
9463,0.15725745893702214
9464,0.9756778418979017
9465,0.23561023459781505
9466,0.20131318503879392
9467,0.6208752935822592
9468,0.5561865835747865
9469,0.22585148378123487
9470,0.6703648645372422
9471,0.09700721129468914
9472,0.019369066030892168
9473,0.08241479070634683
9474,0.3648682259757726
9475,0.9750163278748174
9476,0.5472469988093639
9477,0.7547261030154672
9478,0.32149575223155935
9479,0.7193390654833292
9480,0.9661811981223575
9481,0.35776089028205327
9482,0.999059434735025
9483,0.6384099510316661
9484,0.7485914124647238
9485,0.25216723884814995
9486,0.6430907691772416
9487,0.5110062514623874
9488,0.956402645477436
9489,0.9046750477895155
9490,0.3966725989250772
9491,0.9468697515382334
9492,0.8848125527500097
9493,0.5903838503691392
9494,0.08211790878954028
9495,0.16079024065953773
9496,0.07687424467380022
9497,0.10799311464906103
9498,0.9769523743930777
9499,0.2121672992161523
9500,0.690854582340663
9501,0.6365282576827697
9502,0.6311448648530038
9503,0.2067039995960298
9504,0.5793465943846096
9505,0.6255383495849516
9506,0.5704053166451111
9507,0.18616246727567864
9508,0.7230605970747089
9509,0.07324316191651103
9510,0.5912000118196219
9511,0.4362593324013133
9512,0.25028659313307366
9513,0.8073889890261388
9514,0.1758925666721839
9515,0.932981759897951
9516,0.884565028321187
9517,0.36058754716208297
9518,0.3051529308585933
9519,0.13748668341890213
9520,0.9163278159339558
9521,0.627531858823272
9522,0.031783582143403155
9523,0.5109994145616105
9524,0.0857989478293869
9525,0.5737506849528418
9526,0.5089617183208125
9527,0.08284604550272201
9528,0.8158605931167728
9529,0.26231717716627767
9530,0.541484364166699
9531,0.6390388766305344
9532,0.9623045335751665
9533,0.49381169287984594
9534,0.9173157722879235
9535,0.35485734134769886
9536,0.8574372016499949
9537,0.23582622695141675
9538,0.7074797624354178
9539,0.08861199375499651
9540,0.9860503566836593
9541,0.953936399862368
9542,0.4422136385173777
9543,0.5239352179902536
9544,0.5977748623180221
9545,0.27503755968967003
9546,0.6744714352051626
9547,0.698561946604516
9548,0.5250764923252756
9549,0.1477406924852177
9550,0.9191859438916
9551,0.11504508234561528
9552,0.6291721687105114
9553,0.10308859660975511
9554,0.1461007091329226
9555,0.020538314028828997
9556,0.36336408385675956
9557,0.6395825644220379
9558,0.521544219732872
9559,0.6745391512484857
9560,0.6750188608709529
9561,0.14017374399423865
9562,0.05733740342171556
9563,0.6253581404346699
9564,0.6532243049752426
9565,0.5567037351417045
9566,0.24576246632407073
9567,0.8107652169822539
9568,0.07568601549625709
9569,0.6323117893213593
9570,0.12041153587937214
9571,0.6544477164332296
9572,0.41772578782349645
9573,0.7181030554376714
9574,0.05219220247693468
9575,0.555082988480368
9576,0.14487789888007963
9577,0.6823816316104737
9578,0.11995563131168241
9579,0.07358332295192582
9580,0.7131227981836126
9581,0.06353193456828232
9582,0.22453081793151608
9583,0.8247351971256721
9584,0.8096883078082263
9585,0.854125757780776
9586,0.3260998895887137
9587,0.5280480287502093
9588,0.773347352606152
9589,0.13698551501108047
9590,0.7243908792157182
9591,0.09748634939465461
9592,0.9132506086268677
9593,0.6373101825116259
9594,0.49330531268975586
9595,0.4847292546671642
9596,0.1813620478449104
9597,0.3459173724546537
9598,0.7271236653171491
9599,0.5409436208543885
9600,0.5293062041002629
9601,0.1952458945455794
9602,0.690362311953684
9603,0.3920339010613503
9604,0.18275333843853414
9605,0.9437847515963292
9606,0.5067987468656051
9607,0.5280366475123655
9608,0.9813719102148061
9609,0.3664061371704934
9610,0.9430206845624496
9611,0.69492536113548
9612,0.6330956327447999
9613,0.2344183019424806
9614,0.05175567238779011
9615,0.4377838382851388
9616,0.010170961995725092
9617,0.07100251077038344
9618,0.595326755694373
9619,0.7244718330730274
9620,0.16794833192427694
9621,0.7325004126737739
9622,0.9497258265947518
9623,0.7431760807261967
9624,0.7847152195750329
9625,0.7007125802683718
9626,0.2247374404547512
9627,0.36088994215583603
9628,0.9492669627698173
9629,0.6612105789701187
9630,0.7890247339340722
9631,0.9686946188446773
9632,0.23143692051266573
9633,0.3216866673265535
9634,0.6448016528344996
9635,0.024357473784007322
9636,0.5712190773337057
9637,0.8086883795144988
9638,0.6104433738241252
9639,0.29539328389611086
9640,0.7241040833360617
9641,0.14603162467994557
9642,0.8947734692785168
9643,0.1009150310404554
9644,0.8634911337624348
9645,0.4978094277362325
9646,0.4286470034878018
9647,0.5006617605754313
9648,0.2002063030929212
9649,0.4576855795588136
9650,0.8497198158986585
9651,0.800955242218799
9652,0.16304853449132928
9653,0.6734209781290618
9654,0.8568372649654253
9655,0.8197675886188093
9656,0.4256324432971814
9657,0.04809284034611583
9658,0.9311694229737492
9659,0.39588511584806196
9660,0.36097663725634377
9661,0.759514944478813
9662,0.26397221549202254
9663,0.834747923167292
9664,0.07605156081931563
9665,0.7407112007162109
9666,0.9657894904415316
9667,0.9957687968741735
9668,0.9238043600641663
9669,0.8707624054063094
9670,0.2788802244577302
9671,0.9666483626297641
9672,0.9278965938143529
9673,0.5343725070251866
9674,0.4020776543936796
9675,0.10926725355818823
9676,0.5906340778251248
9677,0.7005459485221976
9678,0.403996583181529
9679,0.40602956063053186
9680,0.5733113907143038
9681,0.0277840959071618
9682,0.957865896386749
9683,0.2899057070967094
9684,0.1408908617688801
9685,0.005488396134590401
9686,0.8568915413857133
9687,0.8632073757996691
9688,0.09530660451771011
9689,0.152241302888801
9690,0.44790223125776796
9691,0.1857041730663156
9692,0.7358211368367569
9693,0.058039745705722345
9694,0.5497093323858661
9695,0.3827915651139041
9696,0.46494648369225156
9697,0.42475711769560176
9698,0.15315918253465366
9699,0.22028148530856229
9700,0.06480769891042659
9701,0.11528557529907124
9702,0.9778948224189149
9703,0.27978681167725195
9704,0.3070255393395642
9705,0.12710633043212105
9706,0.7551642044967515
9707,0.924142810187282
9708,0.789750537066651
9709,0.6126158294341718
9710,0.8132329156105762
9711,0.4042302329328584
9712,0.8594973550806875
9713,0.798518849638182
9714,0.001724644256319019
9715,0.487794134917517
9716,0.2646165760792262
9717,0.08623291636769548
9718,0.8461960427477748
9719,0.007949684301122306
9720,0.7301635020553603
9721,0.9881921209971861
9722,0.4820197667062357
9723,0.37124052994143464
9724,0.6058329544747134
9725,0.8046978276476722
9726,0.24025199377527884
9727,0.2507014291535362
9728,0.6071780140868468
9729,0.9398798208543053
9730,0.29843997575876346
9731,0.3767546632290131
9732,0.9933333014602895
9733,0.1762221652065158
9734,0.07696816837530407
9735,0.5897552388806061
9736,0.024266988421632996
9737,0.1804332312748227
9738,0.622209180690468
9739,0.659512400691333
9740,0.5104252496476197
9741,0.3837480462293833
9742,0.5761975844218483
9743,0.6433857530332387
9744,0.8034820462916507
9745,0.7927508282098474
9746,0.6648007655149478
9747,0.8942325832284657
9748,0.8380252535954188
9749,0.1332460082179402
9750,0.9566794413234834
9751,0.8917423023179204
9752,0.3209271795079598
9753,0.020184418607039456
9754,0.6039759467582875
9755,0.43841757686638805
9756,0.7495666625861319
9757,0.5245997645086226
9758,0.07649043525094679
9759,0.24468742025477586
9760,0.8825237561265296
9761,0.0376896957150501
9762,0.736669669398287
9763,0.2919435079514323
9764,0.45263980304249707
9765,0.5310054319116085
9766,0.25008135730720105
9767,0.6519604429976628
9768,0.6934422180978762
9769,0.0850594796707751
9770,0.3739270758514206
9771,0.7443773012062915
9772,0.7216375598411319
9773,0.5446033439052391
9774,0.7776747798680141
9775,0.10764489303984326
9776,0.11821126784453007
9777,0.6574893002963448
9778,0.6933338678951289
9779,0.8145268553210703
9780,0.18103687777325705
9781,0.5167716594311051
9782,0.6608312971355824
9783,0.22369957382901506
9784,0.5169278655939907
9785,0.638445024390596
9786,0.21444951147768032
9787,0.3755634102501414
9788,0.216338810135708
9789,0.9029429044285987
9790,0.23679888192999177
9791,0.12083462598579697
9792,0.035155311527143684
9793,0.04495347241135017
9794,0.19158623496681693
9795,0.6082085113069523
9796,0.017649874511122654
9797,0.28674392475714716
9798,0.05816689132329933
9799,0.40365877029916764
9800,0.04857673782985761
9801,0.607541776620828
9802,0.6884242655190153
9803,0.7313375496437635
9804,0.22434339864625508
9805,0.8685001619617433
9806,0.6902881673309265
9807,0.05665021929982039
9808,0.4407667087014271
9809,0.7677564933724812
9810,0.31089392672022975
9811,0.3815587739072648
9812,0.6296038272965429
9813,0.0554808801158978
9814,0.9669350405079173
9815,0.17448101060972787
9816,0.026671999646260325
9817,0.005322982040420254
9818,0.3995543749993957
9819,0.8842533654753777
9820,0.819762079217929
9821,0.912045798249695
9822,0.533782319328899
9823,0.4487462338751643
9824,0.3858609761067945
9825,0.04641807579130586
9826,0.9095212563051536
9827,0.4961760922847275
9828,0.45506743105151015
9829,0.5151674870141173
9830,0.7941545181142005
9831,0.22447108598256393
9832,0.7099006789949233
9833,0.7107697408540329
9834,0.8495527822581829
9835,0.008683598463870013
9836,0.17039554323513206
9837,0.4710468520447555
9838,0.8505403874614784
9839,0.965116861627984
9840,0.5948686146794013
9841,0.21213397542302015
9842,0.18458469582464565
9843,0.6394439539862674
9844,0.2100691470594046
9845,0.5530874239208862
9846,0.8348119291439021
9847,0.38981964846209005
9848,0.3784721897419292
9849,0.036140336891073765
9850,0.2540845784245549
9851,0.6981914596192744
9852,0.36039124513219645
9853,0.15829891728992196
9854,0.10576773376032711
9855,0.09505337815070891
9856,0.6591334331178952
9857,0.6126214787935487
9858,0.5185210056020849
9859,0.5003264481591394
9860,0.15313685268787158
9861,0.5006042247600873
9862,0.05993777660037991
9863,0.9258584586026879
9864,0.05802755400260684
9865,0.4235301948939185
9866,0.000571056403172232
9867,0.7861504387832445
9868,0.16617018853563004
9869,0.9249160178216781
9870,0.04397774786056452
9871,0.8207873345644269
9872,0.6566378128155882
9873,0.24973571888589052
9874,0.20241960923059488
9875,0.35767793337702236
9876,0.8284028831753549
9877,0.8619565483354555
9878,0.17528537952432577
9879,0.3534480396843307
9880,0.23749138390225388
9881,0.1226428476378979
9882,0.646449387528928
9883,0.3458710232355353
9884,0.2253840447763341
9885,0.8659977735019763
9886,0.7483179309035665
9887,0.7737611486963425
9888,0.03919589118328015
9889,0.9151304492310662
9890,0.5747383779742352
9891,0.5038028046845188
9892,0.010585346027781162
9893,0.8976622104341047
9894,0.5438904704860006
9895,0.8251534623405353
9896,0.6555109607382937
9897,0.7966936135108804
9898,0.6929317485578024
9899,0.9209639023358267
9900,0.2254841863395497
9901,0.20210010473290718
9902,0.712541561945122
9903,0.501394800583469
9904,0.59916117033487
9905,0.708542469191227
9906,0.5474281970000026
9907,0.7876934476661962
9908,0.31886735593585247
9909,0.8589904435996921
9910,0.10767635292560074
9911,0.6340039769611868
9912,0.8901325075267976
9913,0.25269412790170465
9914,0.32683467492391294
9915,0.3054417784927389
9916,0.5642637117750338
9917,0.4128718155651485
9918,0.10795928499490237
9919,0.89128722175646
9920,0.20467662915867413
9921,0.5340800109885296
9922,0.5948048959372615
9923,0.0407518436475417
9924,0.09571232765433724
9925,0.9716897104295517
9926,0.6645123401493824
9927,0.03356517704642692
9928,0.7941992206529987
9929,0.5085428092774855
9930,0.07519957207847561
9931,0.6807520980477912
9932,0.4993518058684685
9933,0.20491980111092323
9934,0.8777022720888196
9935,0.29137985830025415
9936,0.2845566354533078
9937,0.27277358179227873
9938,0.7674557770890512
9939,0.7061186703805321
9940,0.9031456854703575
9941,0.22933921958427972
9942,0.7863645955428084
9943,0.573045576528096
9944,0.30867960965266783
9945,0.03545413240775064
9946,0.8189475498511101
9947,0.24107137151335634
9948,0.6317430362149195
9949,0.5488679360598125
9950,0.004449538646783879
9951,0.9943436299397624
9952,0.8143293558001288
9953,0.48647127063668205
9954,0.6803413702423831
9955,0.4765942365907726
9956,0.7445862712787308
9957,0.13432854581889409
9958,0.4463509952340303
9959,0.33553717707286
9960,0.45965524349403486
9961,0.4504726528603642
9962,0.14309394977919432
9963,0.9764885707090291
9964,0.01549214278812805
9965,0.010072944817398843
9966,0.3734413185336578
9967,0.6203763493468175
9968,0.17965322681492824
9969,0.533194003904161
9970,0.7227719679634789
9971,0.09406060904015112
9972,0.9844224080159334
9973,0.3367006477392943
9974,0.642415413787249
9975,0.1107198581865757
9976,0.7094863887213264
9977,0.840456347062486
9978,0.10528514233062236
9979,0.12586315437006623
9980,0.2810474143872277
9981,0.011935815375329284
9982,0.9860512943372298
9983,0.5983840749526497
9984,0.6075894499635455
9985,0.958962169651636
9986,0.8320292543194271
9987,0.8142429309683494
9988,0.33950236990162563
9989,0.33486339346464544
9990,0.29173795981264683
9991,0.3466957617763199
9992,0.36950876135985056
9993,0.14000368898059334
9994,0.35594786270209355
9995,0.4467470352447276
9996,0.30934733874665854
9997,0.1653469681575478
9998,0.37341039817849764
9999,0.48090777321643585
